ExperimentName,Subject,Session,Block,Trial,isi,lexicality,prime,primecond,target,target.ACC,target.RT,type,rel,pre_rel,keep,Ztarget.RT,nbreak,trim2.5,trim3.0,Ztrim2.5,Ztrim3.0
List1Session1,1,1,2,1,50,2,TIRED,4,yeeting,1,1306,nw,nw,#NULL!,1,3.331921,202,#NULL!,#NULL!,#NULL!,#NULL!
List1Session1,1,1,2,2,50,1,TRUSTWORTHY,3,stare,1,805,first,un,nw,1,0.682037,104,805,805,0.744021,0.810394
List1Session1,1,1,2,3,50,1,WORSHIP,4,mean,1,755,other,un,un,1,0.392883,103,755,755,0.559358,0.808025
List1Session1,1,1,2,4,50,2,MOTHER,3,buzzle,1,1427,nw,nw,un,1,4.07321,202,#NULL!,#NULL!,#NULL!,#NULL!
List1Session1,1,1,2,5,50,1,CHEAT,2,fail,1,617,other,rel,nw,1,-0.452476,103,617,617,-0.448311,-0.421882
List1Session1,1,1,2,6,50,1,PICTURE,1,frame,1,927,first,rel,rel,1,1.454964,104,927,927,1.551741,1.655562
List1Session1,1,1,2,7,50,2,HUNDRED,3,vemetables,1,1114,nw,nw,rel,1,2.15566,202,1114,1114,2.672757,2.762617
List1Session1,1,1,2,8,50,2,BUG,4,perb,1,1116,nw,nw,nw,1,2.167913,202,1116,1116,2.68741,2.777668
List1Session1,1,1,2,9,50,1,DISEASE,4,amuse,1,718,other,un,nw,1,0.166229,103,718,718,0.289186,0.478267
List1Session1,1,1,2,10,50,1,MAYBE,3,ignore,1,689,first,un,un,1,-0.052877,104,689,689,-0.023976,0.006792
List1Session1,1,1,2,11,50,2,HUT,1,knighm,1,836,nw,nw,un,1,0.452532,202,836,836,0.635941,0.67059
List1Session1,1,1,2,12,50,1,DINER,2,supper,1,674,other,rel,nw,1,-0.103306,103,674,674,-0.0321,0.086123
List1Session1,1,1,2,13,50,2,ICE,2,hib,1,853,nw,nw,rel,1,0.55668,202,853,853,0.760494,0.79852
List1Session1,1,1,2,14,50,2,INTROVERT,1,fizza,1,913,nw,nw,nw,1,0.924261,202,913,913,1.200095,1.250036
List1Session1,1,1,2,15,50,2,WRITE,3,mepicine,1,925,nw,nw,nw,1,0.997778,202,925,925,1.288015,1.34034
List1Session1,1,1,2,16,50,1,BARTENDER,4,tongue,1,679,other,un,nw,1,-0.072677,103,679,679,0.00441,0.130684
List1Session1,1,1,2,17,50,2,MIDDLE,1,cip,1,730,nw,nw,un,1,-0.196862,202,730,730,-0.140687,-0.127089
List1Session1,1,1,2,18,50,2,MYTH,3,poter,1,1037,nw,nw,nw,1,1.68393,202,1037,1037,2.108603,2.183171
List1Session1,1,1,2,19,50,2,CLEAR,4,tuddle,1,978,nw,nw,nw,1,1.322475,202,978,978,1.676329,1.739179
List1Session1,1,1,2,20,50,2,CAMEL,2,zarry,1,939,nw,nw,nw,1,1.083547,202,939,939,1.390589,1.445694
List1Session1,1,1,2,21,50,1,HAZE,4,wheat,1,692,other,un,nw,1,0.006958,103,692,692,0.099335,0.246545
List1Session1,1,1,2,22,50,2,CHIME,1,tost,1,823,nw,nw,un,1,0.372889,202,823,823,0.540694,0.572761
List1Session1,1,1,2,23,50,2,COB,4,insrument,1,1157,nw,nw,nw,1,2.419093,202,1157,1157,2.987804,3.086204
List1Session1,1,1,2,24,50,2,PICKLE,2,ebaphamt,1,1014,nw,nw,nw,1,1.543024,202,1014,1014,1.940089,2.010089
List1Session1,1,1,2,25,50,2,ENRAGE,2,bemieve,1,877,nw,nw,nw,1,0.703713,202,877,877,0.936335,0.979126
List1Session1,1,1,2,26,50,2,RUM,3,miptane,1,809,nw,nw,nw,1,0.28712,202,809,809,0.438121,0.467408
List1Session1,1,1,2,27,50,2,DEGRADE,4,indale,1,904,nw,nw,nw,1,0.869124,202,904,904,1.134155,1.182309
List1Session1,1,1,2,28,50,1,INDIRECT,3,doctor,1,931,first,un,nw,1,1.480306,104,931,931,1.578224,1.683272
List1Session1,1,1,2,29,50,1,LEND,3,date,1,653,first,un,un,1,-0.280954,104,653,653,-0.26232,-0.242602
List1Session1,1,1,2,30,50,1,SALIVA,3,hoop,1,753,first,un,un,1,0.352593,104,753,753,0.399746,0.450159
List1Session1,1,1,2,31,50,1,FOOTBALL,4,mud,1,625,other,un,un,1,-0.403469,103,625,625,-0.389895,-0.350584
List1Session1,1,1,2,32,50,1,BREEZEWAY,1,walkway,1,807,first,rel,un,1,0.694708,104,807,807,0.757262,0.824249
List1Session1,1,1,2,33,50,2,INJECTION,1,eyo,1,741,nw,nw,rel,1,-0.129472,202,741,741,-0.060094,-0.044311
List1Session1,1,1,2,34,50,1,MURDERER,3,irregular,1,839,first,un,nw,1,0.897443,104,839,839,0.969123,1.045933
List1Session1,1,1,2,35,50,1,MORAL,2,values,1,885,other,rel,un,1,1.189235,103,885,885,1.508611,1.966633
List1Session1,1,1,2,36,50,1,VIRGIN,4,live,1,626,other,un,rel,1,-0.397344,103,626,626,-0.382593,-0.341671
List1Session1,1,1,2,37,50,2,CREATURE,2,guilpy,1,1416,nw,nw,un,1,4.00582,202,#NULL!,#NULL!,#NULL!,#NULL!
List1Session1,1,1,2,38,50,1,EXAM,4,tennis,1,718,other,un,nw,1,0.166229,103,718,718,0.289186,0.478267
List1Session1,1,1,2,39,50,1,REEF,1,coral,1,609,first,rel,un,1,-0.559714,104,609,609,-0.553629,-0.547417
List1Session1,1,1,2,40,50,2,OWN,3,teght,1,726,nw,nw,rel,1,-0.221368,202,726,726,-0.169994,-0.15719
List1Session1,1,1,2,41,50,2,FAMINE,1,sprine,1,1064,nw,nw,nw,1,1.849342,202,1064,1064,2.306423,2.386353
List1Session1,1,1,2,42,50,1,COMPONENTS,1,parts,1,621,first,rel,nw,1,-0.483689,104,621,621,-0.474181,-0.464285
List1Session1,1,1,2,43,50,1,SWEAR,4,pencil,1,532,other,un,rel,1,-0.973168,103,532,532,-1.068976,-1.179434
List1Session1,1,1,2,44,50,2,VAULT,4,belp,1,750,nw,nw,un,1,-0.074335,202,750,750,0.005847,0.023416
List1Session1,1,1,2,45,50,2,BROIL,3,danper,1,783,nw,nw,nw,1,0.127835,202,783,783,0.247627,0.27175
List1Session1,1,1,2,46,50,2,SOUP,2,cleb,1,815,nw,nw,nw,1,0.323878,202,815,815,0.482081,0.512559
List1Session1,1,1,2,47,50,1,SNEAK,1,preview,1,589,first,rel,nw,1,-0.686424,104,589,589,-0.686042,-0.685969
List1Session1,1,1,2,48,50,1,PRICELESS,2,valuable,1,789,other,rel,rel,1,0.60116,103,789,789,0.807624,1.111045
List1Session1,1,1,2,49,50,2,IMAGINE,4,colnege,1,853,nw,nw,rel,1,0.55668,202,853,853,0.760494,0.79852
List1Session1,1,1,2,50,50,1,MEAT,1,steak,1,560,first,rel,nw,1,-0.870152,104,560,560,-0.878041,-0.886869
List1Session1,1,1,2,51,50,1,ASHAMED,4,fragile,1,585,other,un,rel,1,-0.648501,103,585,585,-0.681973,-0.707078
List1Session1,1,1,2,52,50,2,AX,4,slame,0,561,nw,nw,un,0,#NULL!,#NULL!,#NULL!,#NULL!,#NULL!,#NULL!
List1Session1,1,1,2,53,50,2,BULLETIN,1,shob,1,1098,nw,nw,nw,1,2.057638,202,1098,1098,2.55553,2.642213
List1Session1,1,1,2,54,50,2,GOOD,2,saln,1,797,nw,nw,nw,1,0.213604,202,797,797,0.3502,0.377104
List1Session1,1,1,2,55,50,1,FIND,4,hungry,1,814,other,un,nw,1,0.754304,103,814,814,0.990173,1.333854
List1Session1,1,1,2,56,50,2,PIN,2,bard,1,1004,nw,nw,un,1,1.48176,202,1004,1004,1.866823,1.934837
List1Session1,1,1,2,57,50,2,TONIC,3,yarp,1,1460,nw,nw,nw,1,4.27538,202,#NULL!,#NULL!,#NULL!,#NULL!
List1Session1,1,1,2,58,50,2,GALLOP,2,fap,1,857,nw,nw,nw,1,0.581185,202,857,857,0.789801,0.828621
List1Session1,1,1,2,59,50,2,CHEMIST,1,silpy,1,852,nw,nw,nw,1,0.550554,202,852,852,0.753168,0.790994
List1Session1,1,1,2,60,50,2,REMAIN,1,fode,1,866,nw,nw,nw,1,0.636323,202,866,866,0.855741,0.896348
List1Session1,1,1,2,61,50,2,DUMB,4,zaugh,1,718,nw,nw,nw,1,-0.270379,202,718,718,-0.228607,-0.217393
List1Session1,1,1,2,62,50,2,WICKER,1,strile,1,1073,nw,nw,nw,1,1.904479,202,1073,1073,2.372363,2.454081
List1Session1,1,1,2,63,50,1,FRISK,3,act,1,852,first,un,nw,1,0.979804,104,852,852,1.055192,1.135991
List1Session1,1,1,2,64,50,1,NURSE,2,patient,1,786,other,rel,un,1,0.582782,103,786,786,0.785718,1.084308
List1Session1,1,1,2,65,50,2,MEMBER,3,oflen,1,801,nw,nw,rel,1,0.238109,202,801,801,0.379507,0.407205
List1Session1,1,1,2,66,50,2,PROVERB,3,melly,1,912,nw,nw,nw,1,0.918135,202,912,912,1.192768,1.242511
List1Session1,1,1,2,67,50,1,CONSTRUCTION,1,build,1,651,first,rel,nw,1,-0.293625,104,651,651,-0.275561,-0.256457
List1Session1,1,1,2,68,50,2,HIGH,3,lepson,1,718,nw,nw,rel,1,-0.270379,202,718,718,-0.228607,-0.217393
List1Session1,1,1,2,69,50,2,SNUGGLE,1,klanbet,1,657,nw,nw,nw,1,-0.644087,202,657,657,-0.675534,-0.676435
List1Session1,1,1,2,70,50,1,REVENGE,2,kill,1,645,other,rel,nw,1,-0.280954,103,645,645,-0.243856,-0.172336
List1Session1,1,1,2,71,50,1,HOPELESS,1,homeless,1,1083,first,rel,rel,1,2.443297,104,1083,1083,2.584564,2.736268
List1Session1,1,1,2,72,50,1,SIX,1,seven,1,527,first,rel,rel,1,-1.079222,104,527,527,-1.096523,-1.11548
List1Session1,1,1,2,73,50,2,TRAIN,2,ohe,1,714,nw,nw,rel,1,-0.294884,202,714,714,-0.257914,-0.247494
List1Session1,1,1,2,74,50,1,THIN,2,small,1,557,other,rel,nw,1,-0.820023,103,557,557,-0.886427,-0.956625
List1Session1,1,1,2,75,50,1,DIAMETER,1,circle,1,550,first,rel,rel,1,-0.933507,104,550,550,-0.944248,-0.956145
List1Session1,1,1,2,76,50,1,NEPHEW,4,broken,1,575,other,un,rel,1,-0.709759,103,575,575,-0.754992,-0.796202
List1Session1,1,1,2,77,50,2,DISGUISE,4,deptruction,1,774,nw,nw,un,1,0.072697,202,774,774,0.181687,0.204023
List1Session1,1,1,2,78,50,1,COMPACT,1,disc,1,550,first,rel,nw,1,-0.933507,104,550,550,-0.944248,-0.956145
List1Session1,1,1,2,79,50,1,OVERCOME,3,nothing,1,479,first,un,rel,1,-1.383325,104,479,479,-1.414314,-1.448005
List1Session1,1,1,2,80,50,2,CARDS,3,bloof,1,668,nw,nw,un,1,-0.576697,202,668,668,-0.594941,-0.593657
List1Session1,1,1,2,81,50,1,HOMEWORK,3,father,1,528,first,un,nw,1,-1.072887,104,528,528,-1.089902,-1.108553
List1Session1,1,1,2,82,50,2,WINDING,4,pamp,1,634,nw,nw,un,1,-0.784993,202,634,634,-0.844048,-0.849516
List1Session1,1,1,2,83,50,2,CHARGE,4,biss,1,816,nw,nw,nw,1,0.330005,202,816,816,0.489407,0.520085
List1Session1,1,1,2,84,50,2,MIRAGE,3,kose,1,590,nw,nw,nw,1,-1.054553,202,590,590,-1.166422,-1.180628
List1Session1,1,1,2,85,50,2,WAR,3,walt,1,710,nw,nw,nw,1,-0.31939,202,710,710,-0.287221,-0.277595
List1Session1,1,1,2,86,50,2,FRECKLE,4,calb,1,697,nw,nw,nw,1,-0.399032,202,697,697,-0.382467,-0.375423
List1Session1,1,1,2,87,50,1,FREEZE,4,joke,1,523,other,un,nw,1,-1.0283,103,523,523,-1.134694,-1.259645
List1Session1,1,1,2,88,50,1,CURIOUS,1,george,1,613,first,rel,un,1,-0.534372,104,613,613,-0.527146,-0.519706
List1Session1,1,1,2,89,50,2,PROTECT,4,unple,1,827,nw,nw,rel,1,0.397395,202,827,827,0.570001,0.602863
List1Session1,1,1,2,90,50,1,EXCISE,3,pan,1,1018,first,un,nw,1,2.031492,104,1018,1018,2.154221,2.285974
List1Session1,1,1,2,91,50,2,POLICEMAN,1,colobne,1,800,nw,nw,un,1,0.231983,202,800,800,0.37218,0.39968
List1Session1,1,1,2,92,50,1,COMPLEX,4,mouth,1,526,other,un,nw,1,-1.009922,103,526,526,-1.112788,-1.232908
List1Session1,1,1,2,93,50,1,STOPPER,4,hate,1,569,other,un,un,1,-0.746513,103,569,569,-0.798804,-0.849676
List1Session1,1,1,2,94,50,1,VENT,2,anger,1,625,other,rel,un,1,-0.403469,103,625,625,-0.389895,-0.350584
List1Session1,1,1,2,95,50,1,ATTEMPT,2,murder,1,551,other,rel,rel,1,-0.856778,103,551,551,-0.930239,-1.010099
List1Session1,1,1,2,96,50,1,EGGS,3,descend,1,511,first,un,rel,1,-1.18059,104,511,511,-1.202453,-1.226322
List1Session1,1,1,2,97,50,1,EARNESTNESS,1,honesty,1,666,first,rel,un,1,-0.198593,104,666,666,-0.176251,-0.152543
List1Session1,1,1,2,98,50,2,THUMB,4,chrint,1,702,nw,nw,rel,1,-0.3684,202,702,702,-0.345834,-0.337797
List1Session1,1,1,2,99,50,2,SLANDER,3,dast,1,881,nw,nw,nw,1,0.728218,202,881,881,0.965641,1.009228
List1Session1,1,1,2,100,50,2,HUSK,2,roo,1,685,nw,nw,nw,1,-0.472549,202,685,685,-0.470387,-0.465727
List1Session1,1,1,2,101,50,2,CIRCUS,3,sememper,1,777,nw,nw,nw,1,0.091077,202,777,777,0.203667,0.226599
List1Session1,1,1,2,102,50,1,OBSTACLE,1,course,1,602,first,rel,nw,1,-0.604062,104,602,602,-0.599973,-0.59591
List1Session1,1,1,2,103,50,1,CHOCOLATE,3,leather,1,608,first,un,rel,1,-0.56605,104,608,608,-0.560249,-0.554344
List1Session1,1,1,2,104,50,1,SONNET,3,candle,1,646,first,un,un,1,-0.325302,104,646,646,-0.308664,-0.291095
List1Session1,1,1,2,105,50,1,SEAM,2,thread,1,525,other,rel,un,1,-1.016048,103,525,525,-1.12009,-1.241821
List1Session1,1,1,2,106,50,2,HANGER,2,mositive,1,695,nw,nw,rel,1,-0.411285,202,695,695,-0.397121,-0.390474
List1Session1,1,1,2,107,50,2,STEP,3,alard,1,714,nw,nw,nw,1,-0.294884,202,714,714,-0.257914,-0.247494
List1Session1,1,1,2,108,50,2,GUITAR,1,keaf,1,652,nw,nw,nw,1,-0.674718,202,652,652,-0.712168,-0.714061
List1Session1,1,1,2,109,50,2,CHOICE,1,spling,1,658,nw,nw,nw,1,-0.63796,202,658,658,-0.668208,-0.668909
List1Session1,1,1,2,110,50,1,ESSENCE,2,meaning,1,582,other,rel,nw,1,-0.666878,103,582,582,-0.703879,-0.733815
List1Session1,1,1,2,111,50,1,CAUSE,2,why,1,543,other,rel,rel,1,-0.905784,103,543,543,-0.988655,-1.081398
List1Session1,1,1,2,112,50,2,WHITE,1,moser,1,585,nw,nw,rel,1,-1.085185,202,585,585,-1.203055,-1.218255
List1Session1,1,1,2,113,50,1,CHAPTER,4,trash,1,543,other,un,nw,1,-0.905784,103,543,543,-0.988655,-1.081398
List1Session1,1,1,2,114,50,2,STOVE,2,kun,1,584,nw,nw,un,1,-1.091311,202,584,584,-1.210382,-1.22578
List1Session1,1,1,2,115,50,1,OKAY,1,alright,1,689,first,rel,nw,1,-0.052877,104,689,689,-0.023976,0.006792
List1Session1,1,1,2,116,50,2,PLANT,4,thien,1,804,nw,nw,rel,1,0.256488,202,804,804,0.401487,0.429781
List1Session1,1,1,2,117,50,2,PALM,4,helter,0,1251,nw,nw,nw,0,#NULL!,#NULL!,#NULL!,#NULL!,#NULL!,#NULL!
List1Session1,1,1,2,118,50,2,DEER,3,nong,1,767,nw,nw,nw,1,0.029813,202,767,767,0.1304,0.151346
List1Session1,1,1,2,119,50,2,YES,2,vigion,1,1072,nw,nw,nw,1,1.898353,202,1072,1072,2.365037,2.446555
List1Session1,1,1,2,120,50,1,BUILDING,2,tall,1,580,other,rel,nw,1,-0.67913,103,580,580,-0.718483,-0.75164
List1Session1,1,1,2,121,50,2,AROUND,2,betner,1,636,nw,nw,rel,1,-0.77274,202,636,636,-0.829395,-0.834465
List1Session1,1,1,2,122,50,1,RUDE,4,key,1,528,other,un,nw,1,-0.997671,103,528,528,-1.098184,-1.215083
List1Session1,1,1,2,123,50,2,CRITERION,2,grouf,1,731,nw,nw,un,1,-0.190736,202,731,731,-0.13336,-0.119564
List1Session1,1,1,2,124,50,1,TOPIC,3,dream,1,733,first,un,nw,1,0.225884,104,733,733,0.267333,0.311606
List1Session1,1,1,2,125,50,2,ASLEEP,1,tubtract,1,831,nw,nw,un,1,0.4219,202,831,831,0.599307,0.632964
List1Session1,1,1,2,126,50,1,SCHEME,2,idea,1,556,other,rel,nw,1,-0.826149,103,556,556,-0.893729,-0.965537
List1Session1,1,1,2,127,50,1,CONTROL,3,enter,1,518,first,un,rel,1,-1.136242,104,518,518,-1.156109,-1.177829
List1Session1,1,1,2,128,50,1,ACHIEVEMENT,2,success,1,592,other,rel,un,1,-0.60562,103,592,592,-0.630859,-0.644692
List1Session1,1,1,2,129,50,1,FINGER,1,hand,1,551,first,rel,rel,1,-0.927171,104,551,551,-0.937627,-0.949218
List1Session1,1,1,2,130,50,2,COMET,4,vib,1,703,nw,nw,rel,1,-0.362274,202,703,703,-0.338507,-0.330272
List1Session1,1,1,2,131,50,1,SHADE,4,orange,1,530,other,un,nw,1,-0.985419,103,530,530,-1.08358,-1.197259
List1Session1,1,1,2,132,50,2,COUGAR,2,pasketlall,1,668,nw,nw,un,1,-0.576697,202,668,668,-0.594941,-0.593657
List1Session1,1,1,2,133,50,1,HER,4,computer,1,656,other,un,nw,1,-0.21357,103,656,656,-0.163535,-0.0743
List1Session1,1,1,2,134,50,2,ORIGINAL,3,pra,1,581,nw,nw,un,1,-1.10969,202,581,581,-1.232362,-1.248356
List1Session1,1,1,2,135,50,1,STAIRS,3,wind,1,525,first,un,nw,1,-1.091893,104,525,525,-1.109764,-1.129335
List1Session1,1,1,2,136,50,2,OVAL,4,gen,0,647,nw,nw,un,0,#NULL!,#NULL!,#NULL!,#NULL!,#NULL!,#NULL!
List1Session1,1,1,2,137,50,1,PANCAKES,3,tree,1,652,first,un,nw,1,-0.287289,104,652,652,-0.26894,-0.24953
List1Session1,1,1,2,138,50,2,ADOLESCENT,4,apake,1,785,nw,nw,un,1,0.140087,202,785,785,0.26228,0.286801
List1Session1,1,1,2,139,50,1,COOK,2,raw,1,752,other,rel,nw,1,0.374506,103,752,752,0.537452,0.781287
List1Session1,1,1,2,140,50,1,RIGID,3,belief,1,801,first,un,rel,1,0.656696,104,801,801,0.717538,0.782684
List1Session1,1,1,2,141,50,1,HEAT,2,florida,1,1152,other,rel,un,1,2.824821,103,#NULL!,1152,#NULL!,3.458231
List1Session1,1,1,2,142,50,1,SAUSAGE,2,italian,1,944,other,rel,rel,1,1.550657,103,944,944,1.939426,2.492462
List1Session1,1,1,2,143,50,1,RACE,4,failure,1,891,other,un,rel,1,1.22599,103,891,891,1.552423,2.020107
List1Session1,1,1,2,144,50,1,LID,1,cover,1,710,first,rel,un,1,0.080168,104,710,710,0.115058,0.152271
List1Session1,1,1,2,145,50,1,WAGE,4,stain,1,761,other,un,rel,1,0.429638,103,761,761,0.60317,0.861499
List1Session1,1,1,2,146,50,2,BURIAL,1,fide,1,681,nw,nw,un,1,-0.497054,202,681,681,-0.499694,-0.495828
List1Session1,1,1,2,147,50,2,DANGEROUS,4,perponality,1,814,nw,nw,nw,1,0.317752,202,814,814,0.474754,0.505034
List1Session1,1,1,2,148,50,1,CLOWN,3,unknown,1,941,first,un,nw,1,1.543661,104,941,941,1.644431,1.752548
List1Session1,1,1,2,149,50,2,DISHES,3,tortado,1,727,nw,nw,un,1,-0.215241,202,727,727,-0.162667,-0.149665
List1Session1,1,1,2,150,50,1,HALF,1,whole,1,552,first,rel,nw,1,-0.920836,104,552,552,-0.931006,-0.94229
List1Session1,1,1,2,151,50,2,MONKEY,3,nough,1,752,nw,nw,rel,1,-0.062082,202,752,752,0.0205,0.038467
List1Session1,1,1,2,152,50,1,TIGER,4,beach,1,673,other,un,nw,1,-0.109432,103,673,673,-0.039402,0.07721
List1Session1,1,1,2,153,50,1,BEDROOM,2,bathroom,1,630,other,rel,un,1,-0.37284,103,630,630,-0.353385,-0.306022
List1Session1,1,1,2,154,50,1,OWE,4,many,1,620,other,un,rel,1,-0.434098,103,620,620,-0.426405,-0.395145
List1Session1,1,1,2,155,50,2,POLITICS,4,dra,1,690,nw,nw,un,1,-0.441917,202,690,690,-0.433754,-0.4281
List1Session1,1,1,2,156,50,2,DECENCY,4,rur,1,630,nw,nw,nw,1,-0.809498,202,630,630,-0.873355,-0.879617
List1Session1,1,1,2,157,50,2,ADORABLE,1,bights,1,652,nw,nw,nw,1,-0.674718,202,652,652,-0.712168,-0.714061
List1Session1,1,1,2,158,50,1,EMERGENCY,1,ambulance,1,1184,first,rel,nw,1,3.083179,104,#NULL!,#NULL!,#NULL!,#NULL!
List1Session1,1,1,2,159,50,1,WASTED,4,actor,1,737,other,un,rel,1,0.282619,103,737,737,0.427923,0.647602
List1Session1,1,1,2,160,50,2,CAVITY,2,lill,1,705,nw,nw,un,1,-0.350021,202,705,705,-0.323854,-0.315221
List1Session1,1,1,2,161,50,2,CONTAINER,3,pogato,1,595,nw,nw,nw,1,-1.023921,202,595,595,-1.129788,-1.143002
List1Session1,1,1,2,162,50,1,ANTIQUE,2,furniture,1,939,other,rel,nw,1,1.520028,103,939,939,1.902916,2.447901
List1Session1,1,1,2,163,50,1,HULA,3,hostess,1,757,first,un,rel,1,0.377935,104,757,757,0.426229,0.477869
List1Session1,1,1,2,164,50,2,GEOMETRY,2,yeal,1,725,nw,nw,un,1,-0.227494,202,725,725,-0.17732,-0.164716
List1Session1,1,1,2,165,50,2,SALT,1,neriod,1,920,nw,nw,nw,1,0.967146,202,920,920,1.251382,1.302713
List1Session1,1,1,2,166,50,2,HATCHET,3,kitchem,1,962,nw,nw,nw,1,1.224453,202,962,962,1.559102,1.618775
List1Session1,1,1,2,167,50,2,CONSTITUTION,1,nefs,1,587,nw,nw,nw,1,-1.072932,202,587,587,-1.188402,-1.203204
List1Session1,1,1,2,168,50,1,MAD,3,thing,1,658,first,un,nw,1,-0.249276,104,658,658,-0.229216,-0.207964
List1Session1,1,1,2,169,50,2,HEIGHTS,4,exproverm,1,647,nw,nw,un,1,-0.70535,202,647,647,-0.748801,-0.751687
List1Session1,1,1,2,170,50,1,DIRECTIONS,4,bee,1,636,other,un,nw,1,-0.336086,103,636,636,-0.309574,-0.252547
List1Session1,1,1,2,171,50,2,EXTRA,3,dinopaur,1,643,nw,nw,un,1,-0.729856,202,643,643,-0.778108,-0.781788
List1Session1,1,1,2,172,50,1,COMMUNICATION,2,radio,1,600,other,rel,nw,1,-0.556614,103,600,600,-0.572444,-0.573393
List1Session1,1,1,2,173,50,2,HOUND,2,liom,1,623,nw,nw,rel,1,-0.852383,202,623,623,-0.924641,-0.932294
List1Session1,1,1,2,174,50,2,WAGON,2,reace,1,868,nw,nw,nw,1,0.648575,202,868,868,0.870394,0.911399
List1Session1,1,1,2,175,50,1,DISHONEST,2,honest,1,721,other,rel,nw,1,0.184606,103,721,721,0.311092,0.505004
List1Session1,1,1,2,176,50,2,WIFE,2,gute,1,627,nw,nw,rel,1,-0.827877,202,627,627,-0.895335,-0.902193
List1Session1,1,1,2,177,50,2,BLUR,1,trean,1,665,nw,nw,nw,1,-0.595076,202,665,665,-0.616921,-0.616232
List1Session1,1,1,2,178,50,2,WET,1,gloceties,1,782,nw,nw,nw,1,0.121708,202,782,782,0.2403,0.264225
List1Session1,1,1,2,179,50,1,HARMFUL,3,desert,1,973,first,un,nw,1,1.746396,104,973,973,1.856292,1.974232
List1Session1,1,1,2,180,50,1,UMPIRE,2,referee,1,917,other,rel,un,1,1.385261,103,917,917,1.742273,2.251828
List1Session1,1,1,2,181,50,1,PERFORM,3,lost,1,639,first,un,rel,1,-0.36965,104,639,639,-0.355009,-0.339588
List1Session1,1,1,2,182,50,1,MONTHLY,2,annually,1,725,other,rel,un,1,0.209109,103,725,725,0.3403,0.540653
List1Session1,1,1,2,183,50,2,DIFFERENCE,2,warl,1,743,nw,nw,rel,1,-0.11722,202,743,743,-0.04544,-0.029261
List1Session1,1,1,2,184,50,2,COWBOY,4,mapic,1,648,nw,nw,nw,1,-0.699224,202,648,648,-0.741475,-0.744162
List1Session1,1,1,2,185,50,1,HOOT,1,owl,1,782,first,rel,nw,1,0.536322,104,782,782,0.591746,0.651059
List1Session1,1,1,2,186,50,1,ARRIVE,4,mail,1,573,other,un,rel,1,-0.72201,103,573,573,-0.769596,-0.814027
List1Session1,1,1,2,187,50,1,DONATION,2,gift,1,629,other,rel,un,1,-0.378966,103,629,629,-0.360687,-0.314934
List1Session1,1,1,2,188,50,1,POUND,4,left,1,1451,other,un,rel,1,4.656431,103,#NULL!,#NULL!,#NULL!,#NULL!
List1Session1,1,1,2,189,50,2,BRACELET,4,slead,1,896,nw,nw,un,1,0.820113,202,896,896,1.075541,1.122107
List1Session1,1,1,2,190,50,1,DIFFICULTY,2,trouble,1,747,other,rel,nw,1,0.343877,103,747,747,0.500942,0.736726
List1Session1,1,1,2,191,50,1,EYES,2,sight,1,557,other,rel,rel,1,-0.820023,103,557,557,-0.886427,-0.956625
List1Session1,1,1,2,192,50,1,FAN,1,air,1,517,first,rel,rel,1,-1.142577,104,517,517,-1.162729,-1.184756
List1Session1,1,1,2,193,50,2,TOOTHPASTE,3,paily,1,688,nw,nw,rel,1,-0.454169,202,688,688,-0.448407,-0.443151
List1Session1,1,1,2,194,50,2,BIG,4,spation,1,852,nw,nw,nw,1,0.550554,202,852,852,0.753168,0.790994
List1Session1,1,1,2,195,50,1,REFLECT,4,opening,1,816,other,un,nw,1,0.766556,103,816,816,1.004777,1.351679
List1Session1,1,1,2,196,50,1,MEDIA,4,hose,1,607,other,un,un,1,-0.513734,103,607,607,-0.52133,-0.511006
List1Session1,1,1,2,197,50,2,SAINT,1,neam,1,629,nw,nw,un,1,-0.815625,202,629,629,-0.880681,-0.887142
List1Session1,1,1,2,198,50,1,HURT,1,pain,1,667,first,rel,nw,1,-0.192257,104,667,667,-0.16963,-0.145616
List1Session1,1,1,2,199,50,1,TAXI,3,shoes,1,671,first,un,rel,1,-0.166915,104,671,671,-0.143148,-0.117905
List1Session1,1,1,2,200,50,2,BONE,2,prebudice,1,739,nw,nw,un,1,-0.141725,202,739,739,-0.074747,-0.059362
List1Session1,1,1,2,201,50,2,FRIES,3,longth,1,852,nw,nw,nw,1,0.550554,202,852,852,0.753168,0.790994
List1Session1,1,1,2,202,50,1,SLURP,1,drink,1,673,first,rel,nw,1,-0.154244,104,673,673,-0.129906,-0.10405
List1Session1,1,1,2,203,50,1,BEG,3,low,1,677,first,un,rel,1,-0.128902,104,677,677,-0.103424,-0.076339
List1Session1,1,1,2,204,50,1,FREEWAY,3,am,1,745,first,un,un,1,0.301909,104,745,745,0.346781,0.394738
List1Session1,1,1,2,205,50,2,ORDERLY,4,manute,1,682,nw,nw,un,1,-0.490928,202,682,682,-0.492368,-0.488303
List1Session1,1,1,2,206,50,1,POOR,2,lonely,1,911,other,rel,nw,1,1.348506,103,911,911,1.698462,2.198354
List1Session1,1,1,2,207,50,1,EXACT,3,east,1,1017,first,un,rel,1,2.025156,104,1017,1017,2.147601,2.279046
List1Session1,1,1,2,208,50,2,CLOTH,3,tinse,1,688,nw,nw,un,1,-0.454169,202,688,688,-0.448407,-0.443151
List1Session1,1,1,2,209,50,1,REPAIR,3,move,1,1011,first,un,nw,1,1.987144,104,1011,1011,2.107877,2.237481
List1Session1,1,1,2,210,50,2,CARING,3,pidection,1,825,nw,nw,un,1,0.385142,202,825,825,0.555347,0.587812
List1Session1,1,1,2,211,50,1,EVICT,2,apartment,1,615,other,rel,nw,1,-0.464727,103,615,615,-0.462915,-0.439707
List1Session1,1,1,2,212,50,1,GENEROUS,1,give,1,526,first,rel,rel,1,-1.085558,104,526,526,-1.103143,-1.122408
List1Session1,1,1,2,213,50,1,CHAIN,3,china,1,631,first,un,rel,1,-0.420334,104,631,631,-0.407974,-0.395009
List1Session1,1,1,2,214,50,1,DARING,1,brave,1,716,first,rel,un,1,0.118181,104,716,716,0.154782,0.193837
List1Session1,1,1,2,215,50,1,CROWD,2,mob,1,702,other,rel,rel,1,0.068216,103,702,702,0.172355,0.335669
List1Session1,1,1,2,216,50,2,CEREMONY,2,reptaurant,1,817,nw,nw,rel,1,0.336131,202,817,817,0.496734,0.52761
List1Session1,1,1,2,217,50,1,MEN,1,women,1,528,first,rel,nw,1,-1.072887,104,528,528,-1.089902,-1.108553
List1Session1,1,1,2,218,50,2,WAIST,1,stoy,1,794,nw,nw,rel,1,0.195225,202,794,794,0.32822,0.354528
List1Session1,1,1,2,219,50,1,PLENTY,3,thousand,1,665,first,un,nw,1,-0.204928,104,665,665,-0.182872,-0.159471
List1Session1,1,1,2,220,50,2,EMBARRASS,3,recision,1,702,nw,nw,un,1,-0.3684,202,702,702,-0.345834,-0.337797
List1Session1,1,1,2,221,50,1,TYPIST,3,france,1,607,first,un,nw,1,-0.572385,104,607,607,-0.56687,-0.561272
List1Session1,1,1,2,222,50,2,FURRY,2,aldition,1,710,nw,nw,un,1,-0.31939,202,710,710,-0.287221,-0.277595
List1Session1,1,1,2,223,50,2,OBSCURE,2,cotlon,1,760,nw,nw,nw,1,-0.013072,202,760,760,0.079113,0.098669
List1Session1,1,1,2,224,50,2,EUROPE,1,pusic,1,681,nw,nw,nw,1,-0.497054,202,681,681,-0.499694,-0.495828
List1Session1,1,1,2,225,50,2,CELLAR,2,geath,1,654,nw,nw,nw,1,-0.662466,202,654,654,-0.697514,-0.69901
List1Session1,1,1,2,226,50,1,DANGER,3,vein,1,947,first,un,nw,1,1.581674,104,947,947,1.684155,1.794114
List1Session1,1,1,2,227,50,1,HAY,2,stack,1,668,other,rel,un,1,-0.14006,103,668,668,-0.075911,0.032648
List1Session1,1,1,2,228,50,2,STYLE,2,tepper,1,703,nw,nw,rel,1,-0.362274,202,703,703,-0.338507,-0.330272
List1Session1,1,1,2,229,50,1,NIGHTGOWN,2,sexy,1,626,other,rel,nw,1,-0.397344,103,626,626,-0.382593,-0.341671
List1Session1,1,1,2,230,50,2,LAST,2,atia,1,857,nw,nw,rel,1,0.581185,202,857,857,0.789801,0.828621
List1Session1,1,1,2,231,50,1,PRECISE,3,leader,1,949,first,un,nw,1,1.594345,104,949,949,1.697396,1.807969
List1Session1,1,1,2,232,50,2,CRISP,3,duperban,1,621,nw,nw,un,1,-0.864636,202,621,621,-0.939295,-0.947345
List1Session1,1,1,2,233,50,1,MIMIC,2,fake,1,611,other,rel,nw,1,-0.48923,103,611,611,-0.492122,-0.475357
List1Session1,1,1,2,234,50,1,POLITICIAN,4,encourage,1,1161,other,un,rel,1,2.879953,103,#NULL!,1161,#NULL!,3.523948
List1Session1,1,1,2,235,50,2,SECRETARY,3,chilken,1,617,nw,nw,un,1,-0.889141,202,617,617,-0.968602,-0.977446
List1Session1,1,1,2,236,50,1,LANGUAGE,1,english,1,624,first,rel,nw,1,-0.464682,104,624,624,-0.454319,-0.443503
List1Session1,1,1,2,237,50,1,WATERFALL,2,beautiful,1,1190,other,rel,rel,1,3.057601,103,#NULL!,#NULL!,#NULL!,#NULL!
List1Session1,1,1,2,238,50,1,RIDICULOUS,3,more,1,613,first,un,rel,1,-0.534372,104,613,613,-0.527146,-0.519706
List1Session1,1,1,2,239,50,2,BLUEBERRY,4,pon,1,811,nw,nw,un,1,0.299373,202,811,811,0.452774,0.482458
List1Session1,1,1,2,240,50,1,SOCKS,3,sad,1,618,first,un,nw,1,-0.502695,104,618,618,-0.494043,-0.485068
List1Session1,1,1,2,241,50,1,SCENERY,1,view,1,511,first,rel,un,1,-1.18059,104,511,511,-1.202453,-1.226322
List1Session1,1,1,2,242,50,1,LIZARD,3,perfume,1,587,first,un,rel,1,-0.699094,104,587,587,-0.699283,-0.699824
List1Session1,1,1,2,243,50,2,QUILT,1,anbel,1,673,nw,nw,un,1,-0.546065,202,673,673,-0.558308,-0.55603
List1Session1,1,1,2,244,50,2,LOOSE,1,rell,1,630,nw,nw,nw,1,-0.809498,202,630,630,-0.873355,-0.879617
List1Session1,1,1,2,245,50,2,SNOB,1,stome,1,779,nw,nw,nw,1,0.103329,202,779,779,0.21832,0.241649
List1Session1,1,1,2,246,50,2,SOLID,2,smi,1,635,nw,nw,nw,1,-0.778867,202,635,635,-0.836721,-0.841991
List1Session1,1,1,2,247,50,2,SHEARS,1,mabbit,1,592,nw,nw,nw,1,-1.0423,202,592,592,-1.151768,-1.165578
List1Session1,1,1,2,248,50,2,FALL,1,coab,1,649,nw,nw,nw,1,-0.693098,202,649,649,-0.734148,-0.736637
List1Session1,1,1,2,249,50,2,COOLER,1,delp,1,669,nw,nw,nw,1,-0.57057,202,669,669,-0.587614,-0.586131
List1Session1,1,1,2,250,50,2,LEARN,1,quiat,1,593,nw,nw,nw,1,-1.036174,202,593,593,-1.144442,-1.158052
List1Session1,1,1,2,251,50,1,STATISTICS,4,days,1,569,other,un,nw,1,-0.746513,103,569,569,-0.798804,-0.849676
List1Session1,1,1,2,252,50,1,WASP,4,watch,1,641,other,un,un,1,-0.305457,103,641,641,-0.273064,-0.207986
List1Session1,1,1,2,253,50,1,ADVISE,2,advice,1,822,other,rel,un,1,0.803311,103,822,822,1.048588,1.405153
List1Session1,1,1,2,254,50,2,CAR,1,rabs,1,612,nw,nw,rel,1,-0.919773,202,612,612,-1.005235,-1.015072
List1Session1,1,1,2,255,50,1,MEANINGFUL,1,relationshi,1,1162,first,rel,nw,1,2.943799,104,#NULL!,1162,#NULL!,3.107597
List1Session1,1,1,2,256,50,1,GULL,2,freedom,1,714,other,rel,rel,1,0.141726,103,714,714,0.259978,0.442617
List1Session1,1,1,2,257,50,2,FOLLY,1,cleck,1,764,nw,nw,rel,1,0.011434,202,764,764,0.10842,0.12877
List1Session1,1,1,2,258,50,1,HUGE,3,no,1,685,first,un,nw,1,-0.078219,104,685,685,-0.050458,-0.020919
List1Session1,1,1,2,259,50,2,PASTE,3,gair,1,656,nw,nw,un,1,-0.650213,202,656,656,-0.682861,-0.68396
List1Session1,1,1,2,260,50,1,YEARS,1,age,1,532,first,rel,nw,1,-1.047545,104,532,532,-1.063419,-1.080842
List1Session1,1,1,2,261,50,1,HOURS,4,dam,0,557,other,un,rel,0,#NULL!,#NULL!,#NULL!,#NULL!,#NULL!,#NULL!
List1Session1,1,1,2,262,50,2,DESIRE,3,monservativ,1,1061,nw,nw,un,1,1.830963,202,1061,1061,2.284443,2.363777
List1Session1,1,1,2,263,50,2,NETWORK,2,agology,1,923,nw,nw,nw,1,0.985525,202,923,923,1.273362,1.325289
List1Session1,1,1,2,264,50,2,WEATHER,1,smort,1,884,nw,nw,nw,1,0.746597,202,884,884,0.987621,1.031803
List1Session1,1,1,2,265,50,1,SANDWICH,4,wedding,1,800,other,un,nw,1,0.668543,103,800,800,0.887946,1.209081
List1Session1,1,1,2,266,50,2,STOMACH,1,peady,1,655,nw,nw,un,1,-0.656339,202,655,655,-0.690188,-0.691485
List1Session1,1,1,2,267,50,1,MALL,1,shop,1,660,first,rel,nw,1,-0.236605,104,660,660,-0.215975,-0.194109
List1Session1,1,1,2,268,50,2,IDOL,3,heamy,1,583,nw,nw,rel,1,-1.097437,202,583,583,-1.217709,-1.233305
List1Session1,1,1,2,269,50,1,BREATH,4,job,1,510,other,un,nw,1,-1.107935,103,510,510,-1.229619,-1.375506
List1Session1,1,1,2,270,50,2,DIRECT,4,joib,1,665,nw,nw,un,1,-0.595076,202,665,665,-0.616921,-0.616232
List1Session1,1,1,2,271,50,1,SHAKE,1,rattle,1,621,first,rel,nw,1,-0.483689,104,621,621,-0.474181,-0.464285
List1Session1,1,1,2,272,50,2,BARBECUE,2,mape,1,659,nw,nw,rel,1,-0.631834,202,659,659,-0.660881,-0.661384
List1Session1,1,1,2,273,50,2,VICTOR,2,attib,1,503,nw,nw,nw,1,-1.587546,202,503,503,-1.803843,-1.835327
List1Session1,1,1,2,274,50,2,MORSE,1,bry,0,786,nw,nw,nw,0,#NULL!,#NULL!,#NULL!,#NULL!,#NULL!,#NULL!
List1Session1,1,1,2,275,50,2,CHIPS,2,clored,1,898,nw,nw,nw,1,0.832366,202,898,898,1.090195,1.137157
List1Session1,1,1,2,276,50,1,MARCH,1,april,1,686,first,rel,nw,1,-0.071883,104,686,686,-0.043838,-0.013991
List1Session1,1,1,2,277,50,1,STUB,3,same,1,673,first,un,rel,1,-0.154244,104,673,673,-0.129906,-0.10405
List1Session1,1,1,2,278,50,2,SMART,3,geutron,1,661,nw,nw,un,1,-0.619581,202,661,661,-0.646228,-0.646333
List1Session1,1,1,2,279,50,1,MARRIAGE,4,summary,1,920,other,un,nw,1,1.403638,103,920,920,1.764179,2.278566
List1Session1,1,1,2,280,50,1,TREBLE,3,oil,1,642,first,un,un,1,-0.350644,104,642,642,-0.335147,-0.318806
List1Session1,1,1,2,281,50,1,ARTIST,2,draw,1,568,other,rel,un,1,-0.752639,103,568,568,-0.806106,-0.858589
List1Session1,1,1,2,282,50,2,COMPASS,1,meach,1,655,nw,nw,rel,1,-0.656339,202,655,655,-0.690188,-0.691485
List1Session1,1,1,2,283,50,1,MORTGAGE,2,rent,1,547,other,rel,nw,1,-0.881281,103,547,547,-0.959447,-1.045748
List1Session1,1,1,2,284,50,2,BIKE,1,uche,1,558,nw,nw,rel,1,-1.250596,202,558,558,-1.400876,-1.421437
List1Session1,1,1,2,285,50,1,DOLLARS,4,old,1,630,other,un,nw,1,-0.37284,103,630,630,-0.353385,-0.306022
List1Session1,1,1,2,286,50,1,UNDERSTAND,2,misundersta,1,1100,other,rel,un,1,2.50628,103,#NULL!,1100,#NULL!,3.07853
List1Session1,1,1,2,287,50,2,ENGINE,2,nass,1,718,nw,nw,rel,1,-0.270379,202,718,718,-0.228607,-0.217393
List1Session1,1,1,2,288,50,2,NAVIGATOR,3,aumo,1,719,nw,nw,nw,1,-0.264252,202,719,719,-0.22128,-0.209867
List1Session1,1,1,2,289,50,2,CHECKERS,4,ecienpist,1,865,nw,nw,nw,1,0.630196,202,865,865,0.848414,0.888823
List1Session1,1,1,2,290,50,2,WEEK,2,sinp,1,622,nw,nw,nw,1,-0.858509,202,622,622,-0.931968,-0.939819
List1Session1,1,1,2,291,50,2,WIN,1,cin't,1,756,nw,nw,nw,1,-0.037577,202,756,756,0.049807,0.068568
List1Session1,1,1,2,292,50,1,SENTRY,3,higher,1,790,first,un,nw,1,0.587005,104,790,790,0.644711,0.70648
List1Session1,1,1,2,293,50,1,ROAM,1,wander,1,869,first,rel,un,1,1.087507,104,869,869,1.167743,1.253761
List1Session1,1,1,2,294,50,1,CHURCH,2,religion,1,816,other,rel,rel,1,0.766556,103,816,816,1.004777,1.351679
List1Session1,1,1,2,295,50,1,TOE,1,foot,1,557,first,rel,rel,1,-0.889158,104,557,557,-0.897903,-0.907652
List1Session1,1,1,2,296,50,2,GATHER,4,gake,1,775,nw,nw,rel,1,0.078824,202,775,775,0.189013,0.211548
List1Session1,1,1,2,297,50,1,SQUEAK,1,mouse,1,598,first,rel,nw,1,-0.629404,104,598,598,-0.626456,-0.62362
List1Session1,1,1,2,298,50,2,STILL,2,spoob,1,925,nw,nw,rel,1,0.997778,202,925,925,1.288015,1.34034
List1Session1,1,1,2,299,50,1,FAULT,4,breakfast,1,743,other,un,nw,1,0.319374,103,743,743,0.471735,0.701076
List1Session1,1,1,2,300,50,2,BUCKLE,4,neelde,1,1065,nw,nw,un,1,1.855468,202,1065,1065,2.31375,2.393879
List1Session1,1,1,2,301,50,2,SENTENCE,2,borad,1,929,nw,nw,nw,1,1.022283,202,929,929,1.317322,1.370441
List1Session1,1,1,2,302,50,2,POND,1,forpune,1,828,nw,nw,nw,1,0.403521,202,828,828,0.577327,0.610388
List1Session1,1,1,2,303,50,1,INSTINCT,1,basic,1,649,first,rel,nw,1,-0.306295,104,649,649,-0.288802,-0.270312
List1Session1,1,1,2,304,50,2,BRANCH,2,wige,1,589,nw,nw,rel,1,-1.060679,202,589,589,-1.173749,-1.188153
List1Session1,1,1,2,305,50,2,CLOSE,2,fighmer,1,644,nw,nw,nw,1,-0.723729,202,644,644,-0.770781,-0.774263
List1Session1,1,1,2,306,50,1,DULL,2,knife,1,634,other,rel,nw,1,-0.348337,103,634,634,-0.324178,-0.270372
List1Session1,1,1,2,307,50,2,NIGHT,3,shafe,1,639,nw,nw,rel,1,-0.754361,202,639,639,-0.807415,-0.81189
List1Session1,1,1,2,308,50,1,BAND,4,argument,1,662,other,un,nw,1,-0.176815,103,662,662,-0.119723,-0.020826
List1Session1,1,1,2,309,50,2,SWIMMER,2,spissors,1,826,nw,nw,un,1,0.391268,202,826,826,0.562674,0.595337
List1Session1,1,1,2,310,50,1,SUPPOSE,2,assume,1,615,other,rel,nw,1,-0.464727,103,615,615,-0.462915,-0.439707
List1Session1,1,1,2,311,50,1,HITCH,2,trailer,1,606,other,rel,rel,1,-0.519859,103,606,606,-0.528632,-0.519919
List1Session1,1,1,2,312,50,2,COD,3,yose,1,613,nw,nw,rel,1,-0.913646,202,613,613,-0.997908,-1.007547
List1Session1,1,1,2,313,50,1,CLEANING,2,dust,1,666,other,rel,nw,1,-0.152312,103,666,666,-0.090515,0.014824
List1Session1,1,1,2,314,50,2,STICK,4,tiece,1,590,nw,nw,rel,1,-1.054553,202,590,590,-1.166422,-1.180628
List1Session1,1,1,2,315,50,2,PACK,4,lale,1,645,nw,nw,nw,1,-0.717603,202,645,645,-0.763455,-0.766738
List1Session1,1,1,2,316,50,1,REFUSE,3,evil,1,555,first,un,nw,1,-0.901829,104,555,555,-0.911144,-0.921507
List1Session1,1,1,2,317,50,2,REMIND,2,humger,1,643,nw,nw,un,1,-0.729856,202,643,643,-0.778108,-0.781788
List1Session1,1,1,2,318,50,1,STUDENT,1,teacher,1,522,first,rel,nw,1,-1.1109,104,522,522,-1.129626,-1.150118
List1Session1,1,1,2,319,50,2,IVORY,4,cits,1,691,nw,nw,rel,1,-0.43579,202,691,691,-0.426427,-0.420575
List1Session1,1,1,2,320,50,1,TRAIT,1,characteris,1,936,first,rel,nw,1,1.511984,104,936,936,1.611327,1.71791
List1Session1,1,1,2,321,50,1,FEMALE,3,perfect,1,705,first,un,rel,1,0.048491,104,705,705,0.081955,0.117633
List1Session1,1,1,2,322,50,1,CHROMOSOMES,2,sex,1,514,other,rel,un,1,-1.083432,103,514,514,-1.200411,-1.339857
List1Session1,1,1,2,323,50,2,MEND,2,unplear,1,1021,nw,nw,rel,1,1.585908,202,1021,1021,1.991376,2.062766
List1Session1,1,1,2,324,50,1,TECHNIQUE,3,touch,1,579,first,un,nw,1,-0.749778,104,579,579,-0.752248,-0.755245
List1Session1,1,1,2,325,50,1,SILK,1,satin,1,651,first,rel,un,1,-0.293625,104,651,651,-0.275561,-0.256457
List1Session1,1,1,2,326,50,1,ICEBERG,4,game,1,575,other,un,rel,1,-0.709759,103,575,575,-0.754992,-0.796202
List1Session1,1,1,2,327,50,2,GROCERY,1,foodles,1,663,nw,nw,un,1,-0.607328,202,663,663,-0.631574,-0.631283
List1Session1,1,1,2,328,50,1,COMFORTABLE,4,wrong,1,620,other,un,nw,1,-0.434098,103,620,620,-0.426405,-0.395145
List1Session1,1,1,2,329,50,1,CRUNCH,4,ball,1,545,other,un,un,1,-0.893532,103,545,545,-0.974051,-1.063573
List1Session1,1,1,2,330,50,2,MOMENT,4,preak,1,619,nw,nw,un,1,-0.876888,202,619,619,-0.953948,-0.962395
List1Session1,1,1,2,331,50,2,COMPLETE,4,mirry,1,592,nw,nw,nw,1,-1.0423,202,592,592,-1.151768,-1.165578
List1Session1,1,1,2,332,50,2,WEIRD,3,solite,1,601,nw,nw,nw,1,-0.987163,202,601,601,-1.085828,-1.09785
List1Session1,1,1,2,333,50,1,QUOTIENT,4,ant,1,654,other,un,nw,1,-0.225822,103,654,654,-0.178139,-0.092125
List1Session1,1,1,2,334,50,2,TARNISH,4,bissue,1,788,nw,nw,un,1,0.158466,202,788,788,0.28426,0.309377
List1Session1,1,1,2,335,50,2,BATH,2,lantasy,1,643,nw,nw,nw,1,-0.729856,202,643,643,-0.778108,-0.781788
List1Session1,1,1,2,336,50,2,VIOLENCE,1,cenler,1,665,nw,nw,nw,1,-0.595076,202,665,665,-0.616921,-0.616232
List1Session1,1,1,2,337,50,2,CUP,1,plave,1,653,nw,nw,nw,1,-0.668592,202,653,653,-0.704841,-0.706536
List1Session1,1,1,2,338,50,2,LITTER,1,agypt,1,658,nw,nw,nw,1,-0.63796,202,658,658,-0.668208,-0.668909
List1Session1,1,1,2,339,50,2,STEEP,3,gans,1,568,nw,nw,nw,1,-1.189333,202,568,568,-1.327609,-1.346184
List1Session1,1,1,2,340,50,2,MOTEL,4,kly,1,528,nw,nw,nw,1,-1.434387,202,528,528,-1.620676,-1.647195
List1Session1,1,1,2,341,50,2,BIOLOGY,4,jitch,1,537,nw,nw,nw,1,-1.37925,202,537,537,-1.554736,-1.579468
List1Session1,1,1,2,342,50,1,OZONE,1,layer,1,1042,first,rel,nw,1,2.183543,104,1042,1042,2.313117,2.452236
List1Session1,1,1,2,343,50,1,SNEAKERS,4,tire,1,696,other,un,rel,1,0.031462,103,696,696,0.128543,0.282195
List1Session1,1,1,2,344,50,1,PLUS,1,minus,1,555,first,rel,un,1,-0.901829,104,555,555,-0.911144,-0.921507
List1Session1,1,1,2,345,50,2,SWAMP,4,reat,1,644,nw,nw,rel,1,-0.723729,202,644,644,-0.770781,-0.774263
List1Session1,1,1,2,346,50,2,TOW,2,yot,1,713,nw,nw,nw,1,-0.301011,202,713,713,-0.265241,-0.255019
List1Session1,1,1,2,347,50,1,THANKS,3,succeed,1,652,first,un,nw,1,-0.287289,104,652,652,-0.26894,-0.24953
List1Session1,1,1,2,348,50,2,LOOKS,4,opion,1,690,nw,nw,un,1,-0.441917,202,690,690,-0.433754,-0.4281
List1Session1,1,1,2,349,50,1,COLESLAW,1,cabbage,1,709,first,rel,nw,1,0.073833,104,709,709,0.108437,0.145344
List1Session1,1,1,2,350,50,2,CHEMICAL,3,rotion,1,600,nw,nw,rel,1,-0.993289,202,600,600,-1.093155,-1.105375
List1Session1,1,1,2,351,50,1,CONNECT,1,dots,1,942,first,rel,nw,1,1.549996,104,942,942,1.651051,1.759476
List1Session1,1,1,2,352,50,1,TOGETHER,1,apart,1,552,first,rel,rel,1,-0.920836,104,552,552,-0.931006,-0.94229
List1Session1,1,1,2,353,50,1,BEAN,1,green,1,640,first,rel,rel,1,-0.363315,104,640,640,-0.348388,-0.332661
List1Session1,1,1,2,354,50,2,RAYS,3,pash,1,678,nw,nw,rel,1,-0.515433,202,678,678,-0.521674,-0.518404
List1Session1,1,1,2,355,50,1,FAITH,2,jesus,1,603,other,rel,nw,1,-0.538237,103,603,603,-0.550538,-0.546656
List1Session1,1,1,2,356,50,2,HESITATE,3,pemperanure,1,754,nw,nw,rel,1,-0.04983,202,754,754,0.035153,0.053517
List1Session1,1,1,2,357,50,1,EXHALE,3,leg,1,594,first,un,nw,1,-0.654746,104,594,594,-0.652939,-0.651331
List1Session1,1,1,2,358,50,2,MOOSE,4,sharm,1,746,nw,nw,un,1,-0.098841,202,746,746,-0.02346,-0.006685
List1Session1,1,1,2,359,50,2,RELEASE,4,fath,1,716,nw,nw,nw,1,-0.282631,202,716,716,-0.24326,-0.232443
List1Session1,1,1,2,360,50,1,SERVER,3,continent,1,782,first,un,nw,1,0.536322,104,782,782,0.591746,0.651059
List1Session1,1,1,2,361,50,1,DRIP,1,drop,1,558,first,rel,un,1,-0.882823,104,558,558,-0.891282,-0.900725
List1Session1,1,1,2,362,50,2,GLANCE,3,nuscle,1,774,nw,nw,rel,1,0.072697,202,774,774,0.181687,0.204023
List1Session1,1,1,2,363,50,2,LEMON,4,schedume,1,711,nw,nw,nw,1,-0.313263,202,711,711,-0.279894,-0.27007
List1Session1,1,1,2,364,50,1,ITEM,3,turtle,1,682,first,un,nw,1,-0.097225,104,682,682,-0.07032,-0.041701
List1Session1,1,1,2,365,50,2,PRAY,4,scienme,1,718,nw,nw,un,1,-0.270379,202,718,718,-0.228607,-0.217393
List1Session1,1,1,2,366,50,2,SCARED,3,clipate,1,576,nw,nw,nw,1,-1.140322,202,576,576,-1.268995,-1.285982
List1Session1,1,1,2,367,50,1,GO,2,leave,1,504,other,rel,nw,1,-1.14469,103,504,504,-1.273431,-1.42898
List1Session1,1,1,2,368,50,1,BELT,2,strap,1,659,other,rel,rel,1,-0.195193,103,659,659,-0.141629,-0.047563
List1Session1,1,1,2,369,50,1,DEAL,3,bother,1,856,first,un,rel,1,1.005146,104,856,856,1.081674,1.163702
List1Session1,1,1,2,370,50,2,LABYRINTH,3,nall,0,564,nw,nw,un,0,#NULL!,#NULL!,#NULL!,#NULL!,#NULL!,#NULL!
List1Session1,1,1,2,371,50,2,PRIDE,2,kafe,1,861,nw,nw,nw,1,0.605691,202,861,861,0.819108,0.858722
List1Session1,1,1,2,372,50,1,CONDITION,4,drunk,1,634,other,un,nw,1,-0.348337,103,634,634,-0.324178,-0.270372
List1Session1,1,1,2,373,50,1,HARLEY,4,town,1,767,other,un,un,1,0.466392,103,767,767,0.646981,0.914973
List1Session1,1,1,2,374,50,2,RADIATOR,2,charce,1,1007,nw,nw,un,1,1.500139,202,1007,1007,1.888803,1.957412
List1Session1,1,1,2,375,50,2,PARK,3,tay,1,742,nw,nw,nw,1,-0.123346,202,742,742,-0.052767,-0.036786
List1Session1,1,1,2,376,50,2,INSTRUCTIONS,3,blick,1,727,nw,nw,nw,1,-0.215241,202,727,727,-0.162667,-0.149665
List1Session1,1,1,2,377,50,2,DILIGENCE,2,nush,1,842,nw,nw,nw,1,0.48929,202,842,842,0.679901,0.715742
List1Session1,1,1,2,378,50,2,CYCLONE,1,slinny,1,808,nw,nw,nw,1,0.280994,202,808,808,0.430794,0.459882
List1Session1,1,1,2,379,50,1,RACK,4,tart,1,886,other,un,nw,1,1.195361,103,886,886,1.515913,1.975545
List1Session1,1,1,2,380,50,1,EXPERT,4,come,1,850,other,un,un,1,0.974833,103,850,850,1.253043,1.6547
List1Session1,1,1,2,381,50,2,TASTY,2,togger,1,622,nw,nw,un,1,-0.858509,202,622,622,-0.931968,-0.939819
List1Session1,1,1,2,382,50,1,BROTHER,4,appear,1,661,other,un,nw,1,-0.182941,103,661,661,-0.127025,-0.029738
List1Session1,1,1,2,383,50,1,DRAPES,1,curtains,1,810,first,rel,un,1,0.713715,104,810,810,0.777124,0.845032
List1Session1,1,1,2,384,50,2,APRON,4,towem,1,665,nw,nw,rel,1,-0.595076,202,665,665,-0.616921,-0.616232
List1Session1,1,1,2,385,50,2,SWORD,2,tave,1,669,nw,nw,nw,1,-0.57057,202,669,669,-0.587614,-0.586131
List1Session1,1,1,2,386,50,2,PUMP,4,conwert,1,626,nw,nw,nw,1,-0.834004,202,626,626,-0.902661,-0.909718
List1Session1,1,1,2,387,50,1,WOOD,2,log,1,648,other,rel,nw,1,-0.262576,103,648,648,-0.22195,-0.145599
List1Session1,1,1,2,388,50,1,PAYMENT,4,mustache,1,766,other,un,rel,1,0.460267,103,766,766,0.639679,0.906061
List1Session1,1,1,2,389,50,2,CHEMISTRY,1,stram,1,671,nw,nw,un,1,-0.558318,202,671,671,-0.572961,-0.571081
List1Session1,1,1,2,390,50,2,WINGS,1,rax,1,706,nw,nw,nw,1,-0.343895,202,706,706,-0.316527,-0.307696
List1Session1,1,1,2,391,50,1,LIFT,4,one,1,597,other,un,nw,1,-0.574991,103,597,597,-0.59435,-0.60013
List1Session1,1,1,2,392,50,2,SLING,1,fick,1,669,nw,nw,un,1,-0.57057,202,669,669,-0.587614,-0.586131
List1Session1,1,1,2,393,50,2,STITCH,4,rubject,1,625,nw,nw,nw,1,-0.84013,202,625,625,-0.909988,-0.917243
List1Session1,1,1,2,394,50,2,PARIS,3,yire,1,600,nw,nw,nw,1,-0.993289,202,600,600,-1.093155,-1.105375
List1Session1,1,1,2,395,50,1,COMPETENCE,4,down,1,622,other,un,nw,1,-0.421847,103,622,622,-0.411801,-0.377321
List1Session1,1,1,2,396,50,1,TASTE,4,achieve,1,597,other,un,un,1,-0.574991,103,597,597,-0.59435,-0.60013
List1Session1,1,1,2,397,50,1,SPAN,2,wide,1,572,other,rel,un,1,-0.728136,103,572,572,-0.776898,-0.822939
List1Session1,1,1,2,398,50,1,CURSIVE,1,writing,1,597,first,rel,rel,1,-0.63574,104,597,597,-0.633077,-0.630548
List1Session1,1,1,2,399,50,2,CHORUS,2,traduation,1,749,nw,nw,rel,1,-0.080462,202,749,749,-0.00148,0.015891
List1Session1,1,1,2,400,50,1,POWDER,2,face,1,541,other,rel,nw,1,-0.918036,103,541,541,-1.003259,-1.099223
List1Session1,1,1,2,401,50,1,BACKWARD,2,movement,1,822,other,rel,rel,1,0.803311,103,822,822,1.048588,1.405153
List1Session1,1,1,2,402,50,2,DEVIL,3,thoelace,1,981,nw,nw,rel,1,1.340854,202,981,981,1.698309,1.761755
List1Session1,1,1,2,403,50,1,SELF,1,me,1,557,first,rel,nw,1,-0.889158,104,557,557,-0.897903,-0.907652
List1Session1,1,1,2,404,50,2,ASSISTANCE,4,sunfay,1,821,nw,nw,rel,1,0.360636,202,821,821,0.526041,0.557711
List1Session1,1,1,2,405,50,2,BARGAIN,1,baucer,1,643,nw,nw,nw,1,-0.729856,202,643,643,-0.778108,-0.781788
List1Session1,1,1,2,406,50,2,TICKET,1,borld,1,744,nw,nw,nw,1,-0.111093,202,744,744,-0.038114,-0.021735
List1Session1,1,1,2,407,50,2,LIBERAL,1,laka,1,634,nw,nw,nw,1,-0.784993,202,634,634,-0.844048,-0.849516
List1Session1,1,1,2,408,50,1,PEANUT,3,bravery,1,689,first,un,nw,1,-0.052877,104,689,689,-0.023976,0.006792
List1Session1,1,1,2,409,50,1,FITNESS,1,healthy,1,596,first,rel,un,1,-0.642075,104,596,596,-0.639697,-0.637476
List1Session1,1,1,2,410,50,2,REPEAT,3,baspet,1,715,nw,nw,rel,1,-0.288758,202,715,715,-0.250587,-0.239968
List1Session1,1,1,2,411,50,1,FLAG,3,honor,1,574,first,un,nw,1,-0.781456,104,574,574,-0.785352,-0.789883
List1Session1,1,1,2,412,50,1,PIOUS,1,holy,1,935,first,rel,un,1,1.505648,104,935,935,1.604707,1.710983
List1Session1,1,1,2,413,50,1,WHISKEY,3,study,1,688,first,un,rel,1,-0.059212,104,688,688,-0.030596,-0.000136
List1Session1,1,1,2,414,50,2,SUSPECT,4,pubmarite,1,1205,nw,nw,un,1,2.713159,202,#NULL!,1205,#NULL!,3.339485
List1Session1,1,1,2,415,50,1,VAST,3,easy,1,610,first,un,nw,1,-0.553379,104,610,610,-0.547008,-0.540489
List1Session1,1,1,2,416,1050,2,STORAGE,2,gan,1,787,nw,nw,un,1,0.099545,207,787,787,0.250256,0.34097
List1Session1,1,1,2,417,1050,1,BROWN,2,color,1,779,other,rel,nw,1,0.436406,103,779,779,0.494223,0.494223
List1Session1,1,1,2,418,1050,2,CROPS,2,expinct,1,787,nw,nw,rel,1,0.099545,207,787,787,0.250256,0.34097
List1Session1,1,1,2,419,1050,1,BARREL,2,pickles,1,762,other,rel,nw,1,0.298623,103,762,762,0.348997,0.348997
List1Session1,1,1,2,420,1050,1,TARDY,3,ear,1,723,first,un,rel,1,0.084802,99,723,723,0.249263,0.249263
List1Session1,1,1,2,421,1050,1,DISAPPEAR,3,annoy,1,765,first,un,un,1,0.338295,99,765,765,0.640256,0.640256
List1Session1,1,1,2,422,1050,1,COMMUNIST,3,answer,1,580,first,un,un,1,-0.778279,99,580,580,-1.081976,-1.081976
List1Session1,1,1,2,423,1050,2,MARK,3,pongress,1,645,nw,nw,un,1,-0.766145,207,645,645,-0.847685,-0.882693
List1Session1,1,1,2,424,1050,2,INTERVIEW,4,bidy,1,706,nw,nw,nw,1,-0.394264,207,706,706,-0.376035,-0.357035
List1Session1,1,1,2,425,1050,2,CITIZEN,3,hustand,1,670,nw,nw,nw,1,-0.613735,207,670,670,-0.654386,-0.667259
List1Session1,1,1,2,426,1050,1,PROVE,4,dusk,1,762,other,un,nw,1,0.298623,103,762,762,0.348997,0.348997
List1Session1,1,1,2,427,1050,2,FIN,2,flob,1,722,nw,nw,un,1,-0.296722,207,722,722,-0.252323,-0.219158
List1Session1,1,1,2,428,1050,1,SWEETHEART,4,energy,1,685,other,un,nw,1,-0.325455,103,685,685,-0.308795,-0.308795
List1Session1,1,1,2,429,1050,1,OPPOSITE,3,monk,1,729,first,un,un,1,0.121015,99,729,729,0.305119,0.305119
List1Session1,1,1,2,430,1050,1,MOAT,3,snake,1,690,first,un,un,1,-0.11437,99,690,690,-0.057946,-0.057946
List1Session1,1,1,2,431,1050,2,UNDER,2,befeat,1,733,nw,nw,un,1,-0.229661,207,733,733,-0.167271,-0.124367
List1Session1,1,1,2,432,1050,2,CAREFUL,1,comlent,1,631,nw,nw,nw,1,-0.851495,207,631,631,-0.955933,-1.003336
List1Session1,1,1,2,433,1050,1,SUGAR,2,coffee,1,693,other,rel,nw,1,-0.260616,103,693,693,-0.240453,-0.240453
List1Session1,1,1,2,434,1050,1,OVERWHELM,3,again,1,752,first,un,rel,1,0.259833,99,752,752,0.519235,0.519235
List1Session1,1,1,2,435,1050,1,QUANTITY,1,amount,1,681,first,rel,un,1,-0.16869,99,681,681,-0.14173,-0.14173
List1Session1,1,1,2,436,1050,1,SLY,1,fox,0,549,first,rel,rel,0,#NULL!,#NULL!,#NULL!,#NULL!,#NULL!,#NULL!
List1Session1,1,1,2,437,1050,2,RESEARCH,2,lafe,1,790,nw,nw,rel,1,0.117835,207,790,790,0.273452,0.366822
List1Session1,1,1,2,438,1050,1,TENT,3,area,1,701,first,un,nw,1,-0.047979,99,701,701,0.044457,0.044457
List1Session1,1,1,2,439,1050,1,DO,3,willing,1,792,first,un,un,1,0.501254,99,792,792,0.891609,0.891609
List1Session1,1,1,2,440,1050,2,PHYSIOLOGY,1,mussia,1,863,nw,nw,un,1,0.562873,207,863,863,0.837886,0.995888
List1Session1,1,1,2,441,1050,2,IMPOSSIBLE,4,snooth,1,772,nw,nw,nw,1,0.008099,207,772,772,0.134276,0.211709
List1Session1,1,1,2,442,1050,2,COLLECT,4,torm,1,716,nw,nw,nw,1,-0.3333,207,716,716,-0.298715,-0.270862
List1Session1,1,1,2,443,1050,2,HANDBAG,4,stider,1,727,nw,nw,nw,1,-0.266239,207,727,727,-0.213663,-0.176071
List1Session1,1,1,2,444,1050,1,PROOF,1,evidence,1,705,first,rel,nw,1,-0.023837,99,705,705,0.081694,0.081694
List1Session1,1,1,2,445,1050,2,PIE,1,detendable,1,811,nw,nw,rel,1,0.245859,207,811,811,0.435823,0.547786
List1Session1,1,1,2,446,1050,1,RYE,4,nervous,1,786,other,un,nw,1,0.49314,103,786,786,0.554023,0.554023
List1Session1,1,1,2,447,1050,1,TUMBLE,4,fist,1,665,other,un,un,1,-0.487553,103,665,665,-0.47965,-0.47965
List1Session1,1,1,2,448,1050,2,SCRAP,4,pridate,1,710,nw,nw,un,1,-0.369878,207,710,710,-0.345107,-0.322566
List1Session1,1,1,2,449,1050,2,STING,4,slamp,1,816,nw,nw,nw,1,0.276341,207,816,816,0.474483,0.590872
List1Session1,1,1,2,450,1050,1,PUKE,1,vomit,1,631,first,rel,nw,1,-0.470467,99,631,631,-0.607199,-0.607199
List1Session1,1,1,2,451,1050,2,ACTION,4,wab,1,661,nw,nw,rel,1,-0.668603,207,661,661,-0.723974,-0.744815
List1Session1,1,1,2,452,1050,1,TONE,3,hard,1,721,first,un,nw,1,0.072731,99,721,721,0.230644,0.230644
List1Session1,1,1,2,453,1050,2,REAR,2,gow,1,731,nw,nw,un,1,-0.241854,207,731,731,-0.182735,-0.141602
List1Session1,1,1,2,454,1050,1,HALT,1,stop,1,629,first,rel,nw,1,-0.482538,99,629,629,-0.625817,-0.625817
List1Session1,1,1,2,455,1050,2,NERVE,2,janket,1,803,nw,nw,rel,1,0.197088,207,803,803,0.373968,0.478847
List1Session1,1,1,2,456,1050,1,CHALK,4,diamond,1,746,other,un,nw,1,0.168944,103,746,746,0.212313,0.212313
List1Session1,1,1,2,457,1050,1,PIANO,4,question,1,628,other,un,un,1,-0.787435,103,628,628,-0.795732,-0.795732
List1Session1,1,1,2,458,1050,2,BASEBALL,4,heda,1,626,nw,nw,un,1,-0.881977,207,626,626,-0.994593,-1.046422
List1Session1,1,1,2,459,1050,2,DEPEND,2,stinach,1,655,nw,nw,nw,1,-0.705181,207,655,655,-0.770365,-0.796519
List1Session1,1,1,2,460,1050,1,MEANS,4,backpack,1,668,other,un,nw,1,-0.463239,103,668,668,-0.454022,-0.454022
List1Session1,1,1,2,461,1050,2,SENATE,3,guens,1,584,nw,nw,un,1,-1.138026,207,584,584,-1.319336,-1.408351
List1Session1,1,1,2,462,1050,2,DANDRUFF,2,thepe,1,695,nw,nw,nw,1,-0.461325,207,695,695,-0.461086,-0.451826
List1Session1,1,1,2,463,1050,2,FORK,3,parvest,1,691,nw,nw,nw,1,-0.48571,207,691,691,-0.492014,-0.486295
List1Session1,1,1,2,464,1050,1,MOWER,2,cut,1,702,other,rel,nw,1,-0.187672,103,702,702,-0.163569,-0.163569
List1Session1,1,1,2,465,1050,2,LOOK,4,frakes,1,585,nw,nw,rel,1,-1.13193,207,585,585,-1.311604,-1.399733
List1Session1,1,1,2,466,1050,1,HONEY,1,sweet,1,568,first,rel,nw,1,-0.850705,99,568,568,-1.193689,-1.193689
List1Session1,1,1,2,467,1050,1,NAG,3,oven,1,697,first,un,rel,1,-0.072122,99,697,697,0.00722,0.00722
List1Session1,1,1,2,468,1050,1,VILLAIN,1,bad,1,564,first,rel,un,1,-0.874847,99,564,564,-1.230926,-1.230926
List1Session1,1,1,2,469,1050,1,DOMINATE,3,killer,1,644,first,un,rel,1,-0.392005,99,644,644,-0.486177,-0.486177
List1Session1,1,1,2,470,1050,2,SIMPLE,3,krowth,1,723,nw,nw,un,1,-0.290625,207,723,723,-0.244591,-0.21054
List1Session1,1,1,2,471,1050,1,SHORE,2,line,0,957,other,rel,nw,0,#NULL!,#NULL!,#NULL!,#NULL!,#NULL!,#NULL!
List1Session1,1,1,2,472,1050,1,LIKE,3,britain,1,1037,first,un,rel,1,1.979959,99,1037,1037,3.172404,3.172404
List1Session1,1,1,2,473,1050,2,PATIENCE,1,fob,1,779,nw,nw,un,1,0.050774,207,779,779,0.1884,0.272031
List1Session1,1,1,2,474,1050,1,STAIR,4,grand,1,819,other,un,nw,1,0.760602,103,819,819,0.835934,0.835934
List1Session1,1,1,2,475,1050,1,BURGLARY,1,robbery,1,649,first,rel,un,1,-0.361827,99,649,649,-0.43963,-0.43963
List1Session1,1,1,2,476,1050,2,DEVELOP,1,jaik,1,645,nw,nw,rel,1,-0.766145,207,645,645,-0.847685,-0.882693
List1Session1,1,1,2,477,1050,2,COBBLER,3,rit,1,707,nw,nw,nw,1,-0.388168,207,707,707,-0.368303,-0.348418
List1Session1,1,1,2,478,1050,2,BRUNETTE,1,dever,1,670,nw,nw,nw,1,-0.613735,207,670,670,-0.654386,-0.667259
List1Session1,1,1,2,479,1050,1,FORWARD,3,words,1,666,first,un,nw,1,-0.259223,99,666,666,-0.281371,-0.281371
List1Session1,1,1,2,480,1050,1,CREATOR,2,builder,1,662,other,rel,un,1,-0.511868,103,662,662,-0.505279,-0.505279
List1Session1,1,1,2,481,1050,2,LONDON,1,upple,1,692,nw,nw,rel,1,-0.479614,207,692,692,-0.484282,-0.477678
List1Session1,1,1,2,482,1050,1,AWARENESS,1,alert,1,607,first,rel,nw,1,-0.615319,99,607,607,-0.830624,-0.830624
List1Session1,1,1,2,483,1050,1,COUCH,4,ring,1,813,other,un,rel,1,0.711973,103,813,813,0.784677,0.784677
List1Session1,1,1,2,484,1050,2,TYPE,1,whek,1,660,nw,nw,un,1,-0.674699,207,660,660,-0.731706,-0.753433
List1Session1,1,1,2,485,1050,2,SON,4,glay,1,737,nw,nw,nw,1,-0.205275,207,737,737,-0.136343,-0.089897
List1Session1,1,1,2,486,1050,2,EXIST,2,pater,1,1098,nw,nw,nw,1,1.99553,207,1098,1098,2.654902,3.020963
List1Session1,1,1,2,487,1050,1,FIRST,3,saw,1,741,first,un,nw,1,0.193442,99,741,741,0.416832,0.416832
List1Session1,1,1,2,488,1050,2,NOW,1,pum,1,928,nw,nw,un,1,0.959139,207,928,928,1.340465,1.556015
List1Session1,1,1,2,489,1050,2,HERE,1,chrimtpas,1,898,nw,nw,nw,1,0.776247,207,898,898,1.108506,1.297494
List1Session1,1,1,2,490,1050,1,SOBER,2,normal,1,869,other,rel,nw,1,1.165847,103,869,869,1.263071,1.263071
List1Session1,1,1,2,491,1050,1,CRAFTS,2,clay,1,632,other,rel,rel,1,-0.755015,103,632,632,-0.761561,-0.761561
List1Session1,1,1,2,492,1050,1,BEAM,2,smile,1,582,other,rel,rel,1,-1.160261,103,582,582,-1.188699,-1.188699
List1Session1,1,1,2,493,1050,2,ROTTEN,2,mirtue,1,727,nw,nw,rel,1,-0.266239,207,727,727,-0.213663,-0.176071
List1Session1,1,1,2,494,1050,2,MAGNIFY,1,marrot,1,945,nw,nw,nw,1,1.062778,207,945,945,1.471909,1.70251
List1Session1,1,1,2,495,1050,1,HELL,4,rat,1,626,other,un,nw,1,-0.803645,103,626,626,-0.812818,-0.812818
List1Session1,1,1,2,496,1050,1,SLEEVE,2,short,1,512,other,rel,un,1,-1.727604,103,512,512,-1.786692,-1.786692
List1Session1,1,1,2,497,1050,2,NUT,4,forne,1,692,nw,nw,rel,1,-0.479614,207,692,692,-0.484282,-0.477678
List1Session1,1,1,2,498,1050,2,ALPHABET,1,floab,1,702,nw,nw,nw,1,-0.41865,207,702,702,-0.406962,-0.391504
List1Session1,1,1,2,499,1050,2,FENCE,3,beab,1,665,nw,nw,nw,1,-0.644217,207,665,665,-0.693046,-0.710346
List1Session1,1,1,2,500,1050,1,HOLD,1,grasp,1,661,first,rel,nw,1,-0.289401,99,661,661,-0.327918,-0.327918
List1Session1,1,1,2,501,1050,2,JUVENILE,2,oxit,1,678,nw,nw,rel,1,-0.564964,207,678,678,-0.59253,-0.598321
List1Session1,1,1,2,502,1050,2,MICROWAVE,3,auntramia,1,578,nw,nw,nw,1,-1.174605,207,578,578,-1.365728,-1.460055
List1Session1,1,1,2,503,1050,2,CRUSH,3,toasp,1,562,nw,nw,nw,1,-1.272148,207,562,562,-1.48944,-1.597932
List1Session1,1,1,2,504,1050,1,DECREASE,3,rules,1,595,first,un,nw,1,-0.687746,99,595,595,-0.942336,-0.942336
List1Session1,1,1,2,505,1050,2,POLISH,1,parn,1,706,nw,nw,un,1,-0.394264,207,706,706,-0.376035,-0.357035
List1Session1,1,1,2,506,1050,2,PUBLIC,1,probise,1,622,nw,nw,nw,1,-0.906363,207,622,622,-1.025521,-1.080892
List1Session1,1,1,2,507,1050,1,BAKER,4,ending,1,732,other,un,nw,1,0.055475,103,732,732,0.092714,0.092714
List1Session1,1,1,2,508,1050,2,FREAK,3,scritch,1,646,nw,nw,un,1,-0.760049,207,646,646,-0.839953,-0.874076
List1Session1,1,1,2,509,1050,2,NOVEL,2,celn,1,772,nw,nw,nw,1,0.008099,207,772,772,0.134276,0.211709
List1Session1,1,1,2,510,1050,1,BANDANNA,4,feel,1,619,other,un,nw,1,-0.860379,103,619,619,-0.872617,-0.872617
List1Session1,1,1,2,511,1050,1,TAN,1,dark,1,665,first,rel,un,1,-0.265259,99,665,665,-0.29068,-0.29068
List1Session1,1,1,2,512,1050,2,WITH,3,lentuce,1,757,nw,nw,rel,1,-0.083347,207,757,757,0.018296,0.082449
List1Session1,1,1,2,513,1050,1,GOD,4,finish,1,559,other,un,nw,1,-1.346673,103,559,559,-1.385182,-1.385182
List1Session1,1,1,2,514,1050,1,HULL,3,heart,1,495,first,un,un,1,-1.291299,99,495,495,-1.873273,-1.873273
List1Session1,1,1,2,515,1050,2,FASHION,2,keem,1,691,nw,nw,un,1,-0.48571,207,691,691,-0.492014,-0.486295
List1Session1,1,1,2,516,1050,2,RELATIVE,1,hidlen,1,720,nw,nw,nw,1,-0.308914,207,720,720,-0.267787,-0.236392
List1Session1,1,1,2,517,1050,1,RANGE,2,shoot,1,602,other,rel,nw,1,-0.998162,103,602,602,-1.017844,-1.017844
List1Session1,1,1,2,518,1050,1,VOLCANO,1,erupt,1,665,first,rel,rel,1,-0.265259,99,665,665,-0.29068,-0.29068
List1Session1,1,1,2,519,1050,2,BIAS,4,braig,1,772,nw,nw,rel,1,0.008099,207,772,772,0.134276,0.211709
List1Session1,1,1,2,520,1050,1,TRANSPARENT,4,goo,1,717,other,un,nw,1,-0.066098,103,717,717,-0.035427,-0.035427
List1Session1,1,1,2,521,1050,1,PLUG,2,socket,1,695,other,rel,un,1,-0.244406,103,695,695,-0.223368,-0.223368
List1Session1,1,1,2,522,1050,1,SLEEP,3,thirsty,1,674,first,un,rel,1,-0.210939,99,674,674,-0.206896,-0.206896
List1Session1,1,1,2,523,1050,2,MONEY,1,dashingpon,1,766,nw,nw,un,1,-0.028479,207,766,766,0.087884,0.160005
List1Session1,1,1,2,524,1050,1,OBTAIN,2,steal,1,759,other,rel,nw,1,0.274308,103,759,759,0.323368,0.323368
List1Session1,1,1,2,525,1050,1,RUB,3,gamble,1,656,first,un,rel,1,-0.319578,99,656,656,-0.374465,-0.374465
List1Session1,1,1,2,526,1050,1,SPELL,4,feet,1,604,other,un,un,1,-0.981953,103,604,604,-1.000758,-1.000758
List1Session1,1,1,2,527,1050,2,TRANCE,3,tash,1,682,nw,nw,un,1,-0.540578,207,682,682,-0.561602,-0.563851
List1Session1,1,1,2,528,1050,1,ASS,3,thirst,1,550,first,un,nw,1,-0.959345,99,550,550,-1.361257,-1.361257
List1Session1,1,1,2,529,1050,2,RULER,4,bope,1,760,nw,nw,un,1,-0.065058,207,760,760,0.041492,0.108301
List1Session1,1,1,2,530,1050,2,JOBLESS,3,slanet,1,689,nw,nw,nw,1,-0.497903,207,689,689,-0.507478,-0.50353
List1Session1,1,1,2,531,1050,2,CONTEST,1,sinilar,1,732,nw,nw,nw,1,-0.235757,207,732,732,-0.175003,-0.132984
List1Session1,1,1,2,532,1050,1,METAL,4,problem,1,678,other,un,nw,1,-0.38219,103,678,678,-0.368595,-0.368595
List1Session1,1,1,2,533,1050,2,ISOLATED,2,wesp,1,658,nw,nw,un,1,-0.686892,207,658,658,-0.74717,-0.770667
List1Session1,1,1,2,534,1050,2,HAT,1,stige,1,639,nw,nw,nw,1,-0.802724,207,639,639,-0.894077,-0.934397
List1Session1,1,1,2,535,1050,2,LIFE,4,bave,1,620,nw,nw,nw,1,-0.918556,207,620,620,-1.040985,-1.098126
List1Session1,1,1,2,536,1050,2,BACKGROUND,3,lond,1,667,nw,nw,nw,1,-0.632024,207,667,667,-0.677582,-0.693111
List1Session1,1,1,2,537,1050,2,ART,3,sulmer,1,631,nw,nw,nw,1,-0.851495,207,631,631,-0.955933,-1.003336
List1Session1,1,1,2,538,1050,1,SPEED,1,fast,1,710,first,rel,nw,1,0.00634,99,710,710,0.128241,0.128241
List1Session1,1,1,2,539,1050,1,AFTER,3,sunset,1,673,first,un,rel,1,-0.216974,99,673,673,-0.216205,-0.216205
List1Session1,1,1,2,540,1050,2,AFRICA,3,neek,1,621,nw,nw,un,1,-0.912459,207,621,621,-1.033253,-1.089509
List1Session1,1,1,2,541,1050,2,CLAW,3,inpocent,1,683,nw,nw,nw,1,-0.534482,207,683,683,-0.55387,-0.555234
List1Session1,1,1,2,542,1050,1,ADJUSTMENT,4,stone,1,630,other,un,nw,1,-0.771225,103,630,630,-0.778647,-0.778647
List1Session1,1,1,2,543,1050,2,MISSILE,2,leck,1,612,nw,nw,un,1,-0.967327,207,612,612,-1.102841,-1.167065
List1Session1,1,1,2,544,1050,2,POSITION,1,twe,1,740,nw,nw,nw,1,-0.186986,207,740,740,-0.113147,-0.064045
List1Session1,1,1,2,545,1050,2,NUCLEAR,2,ganber,1,589,nw,nw,nw,1,-1.107544,207,589,589,-1.280676,-1.365264
List1Session1,1,1,2,546,1050,1,PRINCE,1,princess,1,734,first,rel,nw,1,0.151193,99,734,734,0.351666,0.351666
List1Session1,1,1,2,547,1050,1,TERROR,1,fear,1,567,first,rel,rel,1,-0.856741,99,567,567,-1.202998,-1.202998
List1Session1,1,1,2,548,1050,2,SAY,4,bepow,1,1031,nw,nw,rel,1,1.58707,207,1031,1031,2.136859,2.443601
List1Session1,1,1,2,549,1050,2,HERD,2,fots,1,628,nw,nw,nw,1,-0.869784,207,628,628,-0.979129,-1.029188
List1Session1,1,1,2,550,1050,1,DITCH,1,hole,1,642,first,rel,nw,1,-0.404076,99,642,642,-0.504796,-0.504796
List1Session1,1,1,2,551,1050,1,TACTFUL,4,something,1,897,other,un,rel,1,1.392785,103,897,897,1.502268,1.502268
List1Session1,1,1,2,552,1050,1,BEAST,3,cactus,1,820,first,un,un,1,0.670249,99,820,820,1.152272,1.152272
List1Session1,1,1,2,553,1050,2,NERD,3,tocket,1,666,nw,nw,un,1,-0.638121,207,666,666,-0.685314,-0.701729
List1Session1,1,1,2,554,1050,2,PROUD,2,poncrete,1,614,nw,nw,nw,1,-0.955134,207,614,614,-1.087377,-1.14983
List1Session1,1,1,2,555,1050,1,SOCIETY,1,people,1,645,first,rel,nw,1,-0.385969,99,645,645,-0.476868,-0.476868
List1Session1,1,1,2,556,1050,1,CAGE,2,wire,1,643,other,rel,rel,1,-0.665861,103,643,643,-0.667591,-0.667591
List1Session1,1,1,2,557,1050,1,ADVENTURE,4,electric,1,816,other,un,rel,1,0.736287,103,816,816,0.810305,0.810305
List1Session1,1,1,2,558,1050,1,BLUES,2,brothers,1,630,other,rel,un,1,-0.771225,103,630,630,-0.778647,-0.778647
List1Session1,1,1,2,559,1050,1,SOFT,4,package,1,709,other,un,rel,1,-0.130938,103,709,709,-0.103769,-0.103769
List1Session1,1,1,2,560,1050,1,HABIT,4,finished,1,927,other,un,un,1,1.635932,103,927,927,1.758551,1.758551
List1Session1,1,1,2,561,1050,1,CURE,2,help,1,594,other,rel,un,1,-1.063002,103,594,594,-1.086186,-1.086186
List1Session1,1,1,2,562,1050,2,SPINE,4,pumber,1,850,nw,nw,rel,1,0.483619,207,850,850,0.737371,0.883862
List1Session1,1,1,2,563,1050,1,PROTECTION,3,jewish,1,663,first,un,nw,1,-0.27733,99,663,663,-0.309299,-0.309299
List1Session1,1,1,2,564,1050,2,PLANTS,4,sken,1,1251,nw,nw,un,1,2.928281,207,#NULL!,1251,#NULL!,3.837895
List1Session1,1,1,2,565,1050,1,OUT,1,in,1,600,first,rel,nw,1,-0.657568,99,600,600,-0.895789,-0.895789
List1Session1,1,1,2,566,1050,2,LOUNGE,2,jace,1,694,nw,nw,rel,1,-0.467421,207,694,694,-0.468818,-0.460443
List1Session1,1,1,2,567,1050,1,VAMPIRE,4,court,1,547,other,un,nw,1,-1.443932,103,547,547,-1.487695,-1.487695
List1Session1,1,1,2,568,1050,2,LOYALTY,2,amerage,1,788,nw,nw,un,1,0.105642,207,788,788,0.257988,0.349587
List1Session1,1,1,2,569,1050,2,SLOB,1,pipsi,1,540,nw,nw,nw,1,-1.406269,207,540,540,-1.659543,-1.787514
List1Session1,1,1,2,570,1050,2,COUNTRY,3,inlependemt,1,989,nw,nw,nw,1,1.331021,207,989,989,1.812116,2.081673
List1Session1,1,1,2,571,1050,2,SHOE,4,omeripan,1,717,nw,nw,nw,1,-0.327204,207,717,717,-0.290983,-0.262244
List1Session1,1,1,2,572,1050,1,ONCE,4,alcohol,1,774,other,un,nw,1,0.395881,103,774,774,0.45151,0.45151
List1Session1,1,1,2,573,1050,2,DRESSING,1,bilty,1,558,nw,nw,un,1,-1.296533,207,558,558,-1.520368,-1.632402
List1Session1,1,1,2,574,1050,1,ECSTASY,4,crackle,1,704,other,un,nw,1,-0.171462,103,704,704,-0.146483,-0.146483
List1Session1,1,1,2,575,1050,1,NINE,3,you,1,635,first,un,un,1,-0.446325,99,635,635,-0.569961,-0.569961
List1Session1,1,1,2,576,1050,1,FRUSTRATION,2,anxiety,1,696,other,rel,un,1,-0.236301,103,696,696,-0.214825,-0.214825
List1Session1,1,1,2,577,1050,2,GOVERNMENT,3,kods,1,644,nw,nw,rel,1,-0.772242,207,644,644,-0.855417,-0.89131
List1Session1,1,1,2,578,1050,1,PATH,2,forest,1,689,other,rel,nw,1,-0.293036,103,689,689,-0.274624,-0.274624
List1Session1,1,1,2,579,1050,1,SEED,3,squirrel,1,685,first,un,rel,1,-0.144548,99,685,685,-0.104493,-0.104493
List1Session1,1,1,2,580,1050,1,SCREEN,4,mountain,1,727,other,un,un,1,0.014951,103,727,727,0.05,0.05
List1Session1,1,1,2,581,1050,1,EXCEL,3,fix,1,865,first,un,un,1,0.941848,99,865,865,1.571193,1.571193
List1Session1,1,1,2,582,1050,2,CEMENT,2,waper,1,742,nw,nw,un,1,-0.174793,207,742,742,-0.097683,-0.046811
List1Session1,1,1,2,583,1050,2,FLOOD,4,dack,1,703,nw,nw,nw,1,-0.412553,207,703,703,-0.39923,-0.382887
List1Session1,1,1,2,584,1050,2,BEWARE,4,cheene,1,747,nw,nw,nw,1,-0.144311,207,747,747,-0.059023,-0.003724
List1Session1,1,1,2,585,1050,1,GROWN,3,love,1,772,first,un,nw,1,0.380543,99,772,772,0.705422,0.705422
List1Session1,1,1,2,586,1050,1,VISITOR,2,hospital,1,621,other,rel,un,1,-0.844169,103,621,621,-0.855532,-0.855532
List1Session1,1,1,2,587,1050,2,IRON,1,swint,1,667,nw,nw,rel,1,-0.632024,207,667,667,-0.677582,-0.693111
List1Session1,1,1,2,588,1050,2,ROUTINE,4,hinp,1,646,nw,nw,nw,1,-0.760049,207,646,646,-0.839953,-0.874076
List1Session1,1,1,2,589,1050,2,CATTLE,2,roung,1,693,nw,nw,nw,1,-0.473517,207,693,693,-0.47655,-0.469061
List1Session1,1,1,2,590,1050,2,STEAM,4,neighlorgoo,1,912,nw,nw,nw,1,0.861597,207,912,912,1.216753,1.418137
List1Session1,1,1,2,591,1050,1,PERCENTAGE,4,round,1,642,other,un,nw,1,-0.673966,103,642,642,-0.676134,-0.676134
List1Session1,1,1,2,592,1050,1,SECRET,2,deodorant,1,976,other,rel,un,1,2.033072,103,976,976,2.177146,2.177146
List1Session1,1,1,2,593,1050,1,TAPE,4,health,1,785,other,un,rel,1,0.485035,103,785,785,0.54548,0.54548
List1Session1,1,1,2,594,1050,2,TEN,3,isk,1,728,nw,nw,un,1,-0.260143,207,728,728,-0.205931,-0.167454
List1Session1,1,1,2,595,1050,1,WINDOW,1,glass,1,753,first,rel,nw,1,0.265868,99,753,753,0.528544,0.528544
List1Session1,1,1,2,596,1050,2,NORM,1,mawn,1,697,nw,nw,rel,1,-0.449132,207,697,697,-0.445622,-0.434591
List1Session1,1,1,2,597,1050,2,MATERIAL,2,puffalo,1,741,nw,nw,nw,1,-0.18089,207,741,741,-0.105415,-0.055428
List1Session1,1,1,2,598,1050,2,CONFUSION,3,honel,1,735,nw,nw,nw,1,-0.217468,207,735,735,-0.151807,-0.107132
List1Session1,1,1,2,599,1050,2,ACQUIRE,3,plenge,1,632,nw,nw,nw,1,-0.845399,207,632,632,-0.948201,-0.994718
List1Session1,1,1,2,600,1050,1,OUTDOORS,1,indoors,1,710,first,rel,nw,1,0.00634,99,710,710,0.128241,0.128241
List1Session1,1,1,2,601,1050,1,SPANK,4,spread,1,739,other,un,rel,1,0.11221,103,739,739,0.152513,0.152513
List1Session1,1,1,2,602,1050,1,MAJOR,1,minor,1,637,first,rel,un,1,-0.434253,99,637,637,-0.551343,-0.551343
List1Session1,1,1,2,603,1050,2,EMPTY,4,isportant,1,650,nw,nw,rel,1,-0.735663,207,650,650,-0.809025,-0.839606
List1Session1,1,1,2,604,1050,1,AVENUE,4,think,1,582,other,un,nw,1,-1.160261,103,582,582,-1.188699,-1.188699
List1Session1,1,1,2,605,1050,1,HAVOC,1,chaos,1,615,first,rel,un,1,-0.567035,99,615,615,-0.756149,-0.756149
List1Session1,1,1,2,606,1050,2,PUSH,3,litchmike,1,725,nw,nw,rel,1,-0.278432,207,725,725,-0.229127,-0.193306
List1Session1,1,1,2,607,1050,2,DOWNTOWN,2,pront,1,671,nw,nw,nw,1,-0.607639,207,671,671,-0.646654,-0.658642
List1Session1,1,1,2,608,1050,2,HOTTER,2,mictionady,1,667,nw,nw,nw,1,-0.632024,207,667,667,-0.677582,-0.693111
List1Session1,1,1,2,609,1050,1,DEFENSE,3,poem,1,775,first,un,nw,1,0.39865,99,775,775,0.73335,0.73335
List1Session1,1,1,2,610,1050,1,ATTIRE,1,clothes,1,527,first,rel,un,1,-1.098162,99,527,527,-1.575373,-1.575373
List1Session1,1,1,2,611,1050,2,TRIBE,1,steech,1,722,nw,nw,rel,1,-0.296722,207,722,722,-0.252323,-0.219158
List1Session1,1,1,2,612,1050,1,SMOTHER,3,pilot,1,748,first,un,nw,1,0.235691,99,748,748,0.481997,0.481997
List1Session1,1,1,2,613,1050,1,VEGETABLE,2,food,1,678,other,rel,un,1,-0.38219,103,678,678,-0.368595,-0.368595
List1Session1,1,1,2,614,1050,1,SHOVEL,4,magazine,1,753,other,un,rel,1,0.225678,103,753,753,0.272112,0.272112
List1Session1,1,1,2,615,1050,2,QUACK,1,nusy,1,794,nw,nw,un,1,0.14222,207,794,794,0.30438,0.401291
List1Session1,1,1,2,616,1050,1,SKY,4,cold,1,593,other,un,nw,1,-1.071107,103,593,593,-1.094729,-1.094729
List1Session1,1,1,2,617,1050,2,RELAX,4,shise,1,673,nw,nw,un,1,-0.595446,207,673,673,-0.63119,-0.641407
List1Session1,1,1,2,618,1050,1,REACTION,3,peach,1,669,first,un,nw,1,-0.241116,99,669,669,-0.253443,-0.253443
List1Session1,1,1,2,619,1050,2,COKE,1,fapily,1,632,nw,nw,un,1,-0.845399,207,632,632,-0.948201,-0.994718
List1Session1,1,1,2,620,1050,2,DIFFER,2,locaine,1,775,nw,nw,nw,1,0.026388,207,775,775,0.157472,0.237561
List1Session1,1,1,2,621,1050,1,TUXEDO,1,prom,1,991,first,rel,nw,1,1.702325,99,991,991,2.744174,2.744174
List1Session1,1,1,2,622,1050,1,ARMY,1,navy,1,606,first,rel,rel,1,-0.621355,99,606,606,-0.839933,-0.839933
List1Session1,1,1,2,623,1050,1,WEAK,2,wimp,1,748,other,rel,rel,1,0.185154,103,748,748,0.229398,0.229398
List1Session1,1,1,2,624,1050,2,HAYSTACK,2,plue,1,886,nw,nw,rel,1,0.70309,207,886,886,1.015722,1.194086
List1Session1,1,1,2,625,1050,2,UPSTREAM,2,zie,1,746,nw,nw,nw,1,-0.150408,207,746,746,-0.066755,-0.012341
List1Session1,1,1,2,626,1050,2,NORTH,3,lipten,1,644,nw,nw,nw,1,-0.772242,207,644,644,-0.855417,-0.89131
List1Session1,1,1,2,627,1050,2,ABOVE,1,extlosion,1,689,nw,nw,nw,1,-0.497903,207,689,689,-0.507478,-0.50353
List1Session1,1,1,2,628,1050,2,SUBURB,2,somb,1,556,nw,nw,nw,1,-1.308726,207,556,556,-1.535832,-1.649636
List1Session1,1,1,2,629,1050,2,FALSE,3,tants,1,733,nw,nw,nw,1,-0.229661,207,733,733,-0.167271,-0.124367
List1Session1,1,1,2,630,1050,1,ALLOW,1,let,1,678,first,rel,nw,1,-0.186797,99,678,678,-0.169658,-0.169658
List1Session1,1,1,2,631,1050,2,ELECTRON,3,peuron,1,611,nw,nw,rel,1,-0.973423,207,611,611,-1.110573,-1.175683
List1Session1,1,1,2,632,1050,1,CRESCENT,1,moon,1,610,first,rel,nw,1,-0.597213,99,610,610,-0.802695,-0.802695
List1Session1,1,1,2,633,1050,2,LAMB,3,clomb,1,657,nw,nw,rel,1,-0.692988,207,657,657,-0.754902,-0.779285
List1Session1,1,1,2,634,1050,1,SOUR,4,lady,1,590,other,un,nw,1,-1.095421,103,590,590,-1.120357,-1.120357
List1Session1,1,1,2,635,1050,1,CHART,1,graph,1,621,first,rel,un,1,-0.530822,99,621,621,-0.700292,-0.700292
List1Session1,1,1,2,636,1050,2,ACCOUNT,2,prash,1,843,nw,nw,rel,1,0.440944,207,843,843,0.683247,0.823541
List1Session1,1,1,2,637,1050,1,TRUCE,2,even,1,577,other,rel,nw,1,-1.200785,103,577,577,-1.231413,-1.231413
List1Session1,1,1,2,638,1050,1,PLUM,4,weekend,1,720,other,un,rel,1,-0.041784,103,720,720,-0.009799,-0.009799
List1Session1,1,1,2,639,1050,1,INFERIOR,1,superior,1,714,first,rel,un,1,0.030482,99,714,714,0.165479,0.165479
List1Session1,1,1,2,640,1050,1,FLOWER,3,fiction,1,645,first,un,rel,1,-0.385969,99,645,645,-0.476868,-0.476868
List1Session1,1,1,2,641,1050,2,BAGGAGE,3,inmian,1,626,nw,nw,un,1,-0.881977,207,626,626,-0.994593,-1.046422
List1Session1,1,1,2,642,1050,2,AD,4,kead,1,640,nw,nw,nw,1,-0.796627,207,640,640,-0.886345,-0.92578
List1Session1,1,1,2,643,1050,1,VASELINE,2,slippery,1,942,other,rel,nw,1,1.757506,103,942,942,1.886692,1.886692
List1Session1,1,1,2,644,1050,1,DONKEY,3,don't,1,895,first,un,rel,1,1.122914,99,895,895,1.850474,1.850474
List1Session1,1,1,2,645,1050,2,MONUMENT,4,bov,1,914,nw,nw,un,1,0.87379,207,914,914,1.232217,1.435372
List1Session1,1,1,2,646,1050,1,BASKET,1,weave,1,804,first,rel,nw,1,0.57368,99,804,804,1.003322,1.003322
List1Session1,1,1,2,647,1050,1,SCHOOL,3,brick,0,763,first,un,rel,0,#NULL!,#NULL!,#NULL!,#NULL!,#NULL!,#NULL!
List1Session1,1,1,2,648,1050,1,JOURNEY,1,trip,1,724,first,rel,un,1,0.090838,99,724,724,0.258572,0.258572
List1Session1,1,1,2,649,1050,1,PEAK,4,odd,1,575,other,un,rel,1,-1.216995,103,575,575,-1.248498,-1.248498
List1Session1,1,1,2,650,1050,2,CIGAR,3,annoming,1,719,nw,nw,un,1,-0.315011,207,719,719,-0.275519,-0.24501
List1Session1,1,1,2,651,1050,1,CAMPING,3,four,1,761,first,un,nw,1,0.314152,99,761,761,0.603019,0.603019
List1Session1,1,1,2,652,1050,1,PURPOSE,3,boss,1,593,first,un,un,1,-0.699817,99,593,593,-0.960955,-0.960955
List1Session1,1,1,2,653,1050,1,EARTHQUAKE,2,hurricane,1,608,other,rel,un,1,-0.949533,103,608,608,-0.966587,-0.966587
List1Session1,1,1,2,654,1050,2,RECORD,2,fet,1,832,nw,nw,rel,1,0.373884,207,832,832,0.598195,0.72875
List1Session1,1,1,2,655,1050,1,CUFF,4,business,1,630,other,un,nw,1,-0.771225,103,630,630,-0.778647,-0.778647
List1Session1,1,1,2,656,1050,1,SEW,2,knit,1,724,other,rel,un,1,-0.009364,103,724,724,0.024372,0.024372
List1Session1,1,1,2,657,1050,1,SPIT,4,fat,1,606,other,un,rel,1,-0.965743,103,606,606,-0.983673,-0.983673
List1Session1,1,1,2,658,1050,2,CLUMSY,3,mutlipy,0,813,nw,nw,un,0,#NULL!,#NULL!,#NULL!,#NULL!,#NULL!,#NULL!
List1Session1,1,1,2,659,1050,2,THROUGH,4,kand,1,851,nw,nw,nw,1,0.489716,207,851,851,0.745103,0.892479
List1Session1,1,1,2,660,1050,2,BALLET,3,slart,1,792,nw,nw,nw,1,0.130027,207,792,792,0.288916,0.384056
List1Session1,1,1,2,661,1050,2,YOUTH,1,prunchy,1,847,nw,nw,nw,1,0.46533,207,847,847,0.714175,0.85801
List1Session1,1,1,2,662,1050,2,BANK,4,pars,1,1429,nw,nw,nw,1,4.013442,207,#NULL!,#NULL!,#NULL!,#NULL!
List1Session1,1,1,2,663,1050,1,UP,2,elevator,1,915,other,rel,nw,1,1.538673,103,915,915,1.656038,1.656038
List1Session1,1,1,2,664,1050,2,CHILDREN,1,steen,1,837,nw,nw,rel,1,0.404366,207,837,837,0.636855,0.771837
List1Session1,1,1,2,665,1050,1,HEROINE,3,strong,1,620,first,un,nw,1,-0.536857,99,620,620,-0.709602,-0.709602
List1Session1,1,1,2,666,1050,1,SINCE,1,then,1,522,first,rel,un,1,-1.12834,99,522,522,-1.62192,-1.62192
List1Session1,1,1,2,667,1050,2,RESPONSIBLE,2,neel,1,747,nw,nw,rel,1,-0.144311,207,747,747,-0.059023,-0.003724
List1Session1,1,1,2,668,1050,2,ANIMAL,2,pag,1,644,nw,nw,nw,1,-0.772242,207,644,644,-0.855417,-0.89131
List1Session1,1,1,2,669,1050,2,GOLD,4,arns,1,659,nw,nw,nw,1,-0.680796,207,659,659,-0.739438,-0.76205
List1Session1,1,1,2,670,1050,1,MAROON,2,abandon,1,911,other,rel,nw,1,1.506254,103,911,911,1.621867,1.621867
List1Session1,1,1,2,671,1050,2,DEVELOPMENT,1,spob,1,706,nw,nw,rel,1,-0.394264,207,706,706,-0.376035,-0.357035
List1Session1,1,1,2,672,1050,1,ROOF,2,tile,1,668,other,rel,nw,1,-0.463239,103,668,668,-0.454022,-0.454022
List1Session1,1,1,2,673,1050,1,GROOM,3,spanish,1,633,first,un,rel,1,-0.458396,99,633,633,-0.58858,-0.58858
List1Session1,1,1,2,674,1050,2,GLANDS,2,soush,1,775,nw,nw,un,1,0.026388,207,775,775,0.157472,0.237561
List1Session1,1,1,2,675,1050,2,LEGS,4,righway,1,974,nw,nw,nw,1,1.239574,207,974,974,1.696136,1.952412
List1Session1,1,1,2,676,1050,2,UNIQUE,4,dupy,1,782,nw,nw,nw,1,0.069063,207,782,782,0.211596,0.297883
List1Session1,1,1,2,677,1050,1,RECOGNITION,4,office,1,615,other,un,nw,1,-0.892799,103,615,615,-0.906788,-0.906788
List1Session1,1,1,2,678,1050,2,ASTRONAUT,3,rinner,1,901,nw,nw,un,1,0.794536,207,901,901,1.131702,1.323346
List1Session1,1,1,2,679,1050,1,COPY,2,machine,1,617,other,rel,nw,1,-0.876589,103,617,617,-0.889703,-0.889703
List1Session1,1,1,2,680,1050,2,EMOTION,1,leat,1,694,nw,nw,rel,1,-0.467421,207,694,694,-0.468818,-0.460443
List1Session1,1,1,2,681,1050,1,TEXT,2,expensive,1,723,other,rel,nw,1,-0.017469,103,723,723,0.015829,0.015829
List1Session1,1,1,2,682,1050,2,PHASE,1,fas,1,669,nw,nw,rel,1,-0.619831,207,669,669,-0.662118,-0.675877
List1Session1,1,1,2,683,1050,1,MEET,4,crayon,1,632,other,un,nw,1,-0.755015,103,632,632,-0.761561,-0.761561
List1Session1,1,1,2,684,1050,1,HAIRSPRAY,1,sticky,1,821,first,rel,un,1,0.676284,99,821,821,1.161581,1.161581
List1Session1,1,1,2,685,1050,2,EXPLANATION,3,chiln,1,684,nw,nw,rel,1,-0.528385,207,684,684,-0.546138,-0.546617
List1Session1,1,1,2,686,1050,2,BROCCOLI,2,dile,1,599,nw,nw,nw,1,-1.04658,207,599,599,-1.203356,-1.279091
List1Session1,1,1,2,687,1050,2,SUFFOCATE,1,immalure,1,662,nw,nw,nw,1,-0.662506,207,662,662,-0.716242,-0.736198
List1Session1,1,1,2,688,1050,2,BAT,4,pamer,1,676,nw,nw,nw,1,-0.577157,207,676,676,-0.607994,-0.615555
List1Session1,1,1,2,689,1050,1,PARTICIPATE,3,guard,1,639,first,un,nw,1,-0.422182,99,639,639,-0.532724,-0.532724
List1Session1,1,1,2,690,1050,2,PAIR,1,drightened,1,685,nw,nw,un,1,-0.522289,207,685,685,-0.538406,-0.537999
List1Session1,1,1,2,691,1050,1,SHAVE,2,beard,1,728,other,rel,nw,1,0.023056,103,728,728,0.058543,0.058543
List1Session1,1,1,2,692,1050,2,FLESH,1,roise,1,625,nw,nw,rel,1,-0.888074,207,625,625,-1.002325,-1.05504
List1Session1,1,1,2,693,1050,2,OWNER,2,geal,1,608,nw,nw,nw,1,-0.991713,207,608,608,-1.133769,-1.201535
List1Session1,1,1,2,694,1050,2,EGG,4,grol,1,735,nw,nw,nw,1,-0.217468,207,735,735,-0.151807,-0.107132
List1Session1,1,1,2,695,1050,1,SLIDE,3,drain,0,1176,first,un,nw,0,#NULL!,#NULL!,#NULL!,#NULL!,#NULL!,#NULL!
List1Session1,1,1,2,696,1050,2,MEDIUM,2,fod,1,1104,nw,nw,un,1,2.032108,207,1104,1104,2.701294,3.072667
List1Session1,1,1,2,697,1050,1,RINSE,4,winter,1,987,other,un,nw,1,2.122226,103,987,987,2.271116,2.271116
List1Session1,1,1,2,698,1050,2,SAYING,1,selch,1,1482,nw,nw,un,1,4.336552,207,#NULL!,#NULL!,#NULL!,#NULL!
List1Session1,1,1,2,699,1050,1,OCEAN,3,print,1,821,first,un,nw,1,0.676284,99,821,821,1.161581,1.161581
List1Session1,1,1,2,700,1050,2,GIRLFRIEND,1,fudding,1,1308,nw,nw,un,1,3.275776,207,#NULL!,#NULL!,#NULL!,#NULL!
List1Session1,1,1,2,701,1050,1,ILLEGAL,3,sun,1,612,first,un,nw,1,-0.585142,99,612,612,-0.784077,-0.784077
List1Session1,1,1,2,702,1050,2,HOME,2,mesys,1,771,nw,nw,un,1,0.002003,207,771,771,0.126544,0.203092
List1Session1,1,1,2,703,1050,1,LAWSUIT,2,law,1,602,other,rel,nw,1,-0.998162,103,602,602,-1.017844,-1.017844
List1Session1,1,1,2,704,1050,1,BACK,2,behind,1,921,other,rel,rel,1,1.587303,103,921,921,1.707294,1.707294
List1Session1,1,1,2,705,1050,2,ROCKS,4,tem,1,924,nw,nw,rel,1,0.934754,207,924,924,1.309537,1.521545
List1Session1,1,1,2,706,1050,1,EXERCISE,1,sweat,1,654,first,rel,nw,1,-0.331649,99,654,654,-0.393083,-0.393083
List1Session1,1,1,2,707,1050,2,CREASE,1,arrobant,1,874,nw,nw,rel,1,0.629933,207,874,874,0.922938,1.090678
List1Session1,1,1,2,708,1050,1,SCHOLARSHIP,4,secure,1,719,other,un,nw,1,-0.049888,103,719,719,-0.018342,-0.018342
List1Session1,1,1,2,709,1050,2,ORGANIZE,3,rame,1,985,nw,nw,un,1,1.306635,207,985,985,1.781188,2.047203
List1Session1,1,1,2,710,1050,2,EVENING,4,plame,1,761,nw,nw,nw,1,-0.058961,207,761,761,0.049224,0.116919
List1Session1,1,1,2,711,1050,2,TREAD,2,enparge,1,737,nw,nw,nw,1,-0.205275,207,737,737,-0.136343,-0.089897
List1Session1,1,1,2,712,1050,2,BOUNTY,3,enpland,1,1516,nw,nw,nw,1,4.54383,207,#NULL!,#NULL!,#NULL!,#NULL!
List1Session1,1,1,2,713,1050,2,EVALUATE,4,lemters,1,726,nw,nw,nw,1,-0.272336,207,726,726,-0.221395,-0.184688
List1Session1,1,1,2,714,1050,1,APE,2,jungle,1,688,other,rel,nw,1,-0.301141,103,688,688,-0.283167,-0.283167
List1Session1,1,1,2,715,1050,1,ANNOUNCE,4,sorrow,1,732,other,un,rel,1,0.055475,103,732,732,0.092714,0.092714
List1Session1,1,1,2,716,1050,1,HAIR,2,shampoo,1,757,other,rel,un,1,0.258098,103,757,757,0.306283,0.306283
List1Session1,1,1,2,717,1050,2,WHERE,1,frighn,1,975,nw,nw,rel,1,1.245671,207,975,975,1.703868,1.96103
List1Session1,1,1,2,718,1050,1,MONSTER,1,frankenstei,1,719,first,rel,nw,1,0.06066,99,719,719,0.212026,0.212026
List1Session1,1,1,2,719,1050,1,KNITTING,2,grandma,1,1032,other,rel,rel,1,2.486947,103,1032,1032,2.65554,2.65554
List1Session1,1,1,2,720,1050,2,INTUITION,3,noom,1,999,nw,nw,rel,1,1.391985,207,999,999,1.889436,2.167846
List1Session1,1,1,2,721,1050,2,GREED,4,dod,1,854,nw,nw,nw,1,0.508005,207,854,854,0.768299,0.918331
List1Session1,1,1,2,722,1050,1,TAR,4,explain,1,826,other,un,nw,1,0.817336,103,826,826,0.895733,0.895733
List1Session1,1,1,2,723,1050,2,TWINKLE,3,quock,1,752,nw,nw,un,1,-0.113829,207,752,752,-0.020363,0.039363
List1Session1,1,1,2,724,1050,1,SPECIFIC,3,gin,0,713,first,un,nw,0,#NULL!,#NULL!,#NULL!,#NULL!,#NULL!,#NULL!
List1Session1,1,1,2,725,1050,1,TUMOR,1,cancer,1,1956,first,rel,un,1,7.526613,99,#NULL!,#NULL!,#NULL!,#NULL!
List1Session1,1,1,2,726,1050,2,HUG,2,smike,1,1358,nw,nw,rel,1,3.580597,207,#NULL!,#NULL!,#NULL!,#NULL!
List1Session1,1,1,2,727,1050,2,SPOTLESS,2,selper,1,766,nw,nw,nw,1,-0.028479,207,766,766,0.087884,0.160005
List1Session1,1,1,2,728,1050,2,RUNG,1,ledend,1,759,nw,nw,nw,1,-0.071154,207,759,759,0.03376,0.099684
List1Session1,1,1,2,729,1050,2,SQUEAL,4,ancept,1,879,nw,nw,nw,1,0.660415,207,879,879,0.961598,1.133765
List1Session1,1,1,2,730,1050,1,IMPLODE,3,tupperware,1,1107,first,un,nw,1,2.402446,99,1107,1107,3.82406,3.82406
List1Session1,1,1,2,731,1050,1,GOVERNOR,1,state,1,653,first,rel,un,1,-0.337685,99,653,653,-0.402393,-0.402393
List1Session1,1,1,2,732,1050,1,THERMOMETER,4,eat,1,699,other,un,rel,1,-0.211987,103,699,699,-0.189197,-0.189197
List1Session1,1,1,2,733,1050,2,ATTACH,4,ofbense,1,790,nw,nw,un,1,0.117835,207,790,790,0.273452,0.366822
List1Session1,1,1,2,734,1050,1,ATTORNEY,1,lawyer,1,974,first,rel,nw,1,1.599721,99,974,974,2.585914,2.585914
List1Session1,1,1,2,735,1050,2,SALUTE,2,dorse,1,1102,nw,nw,rel,1,2.019915,207,1102,1102,2.68583,3.055432
List1Session1,1,1,2,736,1050,2,CELERY,1,folg,1,616,nw,nw,nw,1,-0.942941,207,616,616,-1.071913,-1.132596
List1Session1,1,1,2,737,1050,2,FISHING,4,stoiled,1,886,nw,nw,nw,1,0.70309,207,886,886,1.015722,1.194086
List1Session1,1,1,2,738,1050,2,DIME,2,dound,1,682,nw,nw,nw,1,-0.540578,207,682,682,-0.561602,-0.563851
List1Session1,1,1,2,739,1050,2,HAMMOCK,1,bulterfry,1,1159,nw,nw,nw,1,2.367411,207,1159,1159,3.126552,3.546621
List1Session1,1,1,2,740,1050,2,ESCARGOT,3,beeling,1,863,nw,nw,nw,1,0.562873,207,863,863,0.837886,0.995888
List1Session1,1,1,2,741,1050,2,CONFESS,4,aunp,1,772,nw,nw,nw,1,0.008099,207,772,772,0.134276,0.211709
List1Session1,1,1,2,742,1050,2,AUTHOR,4,monorcyple,1,797,nw,nw,nw,1,0.160509,207,797,797,0.327576,0.427143
List1Session1,1,1,2,743,1050,2,IRRITATING,1,gefore,1,740,nw,nw,nw,1,-0.186986,207,740,740,-0.113147,-0.064045
List1Session1,1,1,2,744,1050,2,PITCHER,2,pinket,1,846,nw,nw,nw,1,0.459234,207,846,846,0.706443,0.849393
List1Session1,1,1,2,745,1050,1,CHEW,4,little,1,947,other,un,nw,1,1.79803,103,947,947,1.929406,1.929406
List1Session1,1,1,2,746,1050,2,FLOWERS,3,insape,1,693,nw,nw,un,1,-0.473517,207,693,693,-0.47655,-0.469061
List1Session1,1,1,2,747,1050,1,HAUNT,4,glasses,1,816,other,un,nw,1,0.736287,103,816,816,0.810305,0.810305
List1Session1,1,1,2,748,1050,1,SINKER,3,trick,1,838,first,un,un,1,0.778888,99,838,838,1.31984,1.31984
List1Session1,1,1,2,749,1050,2,ITCH,1,blonpe,1,700,nw,nw,un,1,-0.430843,207,700,700,-0.422426,-0.408739
List1Session1,1,1,2,750,1050,1,SNOW,4,fruit,1,727,other,un,nw,1,0.014951,103,727,727,0.05,0.05
List1Session1,1,1,2,751,1050,2,MAGGOT,1,nus,1,689,nw,nw,un,1,-0.497903,207,689,689,-0.507478,-0.50353
List1Session1,1,1,2,752,1050,2,ABNORMAL,2,talad,1,875,nw,nw,nw,1,0.63603,207,875,875,0.93067,1.099296
List1Session1,1,1,2,753,1050,2,VANISH,4,obegen,1,847,nw,nw,nw,1,0.46533,207,847,847,0.714175,0.85801
List1Session1,1,1,2,754,1050,1,CALORIES,2,few,1,757,other,rel,nw,1,0.258098,103,757,757,0.306283,0.306283
List1Session1,1,1,2,755,1050,1,WHO,3,rice,1,654,first,un,rel,1,-0.331649,99,654,654,-0.393083,-0.393083
List1Session1,1,1,2,756,1050,2,NOT,4,borning,1,1210,nw,nw,un,1,2.678328,207,#NULL!,1210,#NULL!,3.520883
List1Session1,1,1,2,757,1050,2,ACCUSE,4,claff,1,882,nw,nw,nw,1,0.678704,207,882,882,0.984794,1.159617
List1Session1,1,1,2,758,1050,2,SNAIL,4,albiganor,1,758,nw,nw,nw,1,-0.077251,207,758,758,0.026028,0.091067
List1Session1,1,1,2,759,1050,1,RIP,1,tear,1,766,first,rel,nw,1,0.34433,99,766,766,0.649566,0.649566
List1Session1,1,1,2,760,1050,2,SYRUP,3,dartner,1,806,nw,nw,rel,1,0.215377,207,806,806,0.397163,0.504699
List1Session1,1,1,2,761,1050,1,BUDGET,2,plan,1,797,other,rel,nw,1,0.582294,103,797,797,0.647993,0.647993
List1Session1,1,1,2,762,1050,1,PHILOSOPHY,3,need,1,645,first,un,rel,1,-0.385969,99,645,645,-0.476868,-0.476868
List1Session1,1,1,2,763,1050,2,SHOWER,3,expited,1,1170,nw,nw,un,1,2.434471,207,1170,1170,3.211604,3.641411
List1Session1,1,1,2,764,1050,2,THUNDER,1,amility,1,746,nw,nw,nw,1,-0.150408,207,746,746,-0.066755,-0.012341
List1Session1,1,1,2,765,1050,1,BOXING,1,gloves,1,708,first,rel,nw,1,-0.005731,99,708,708,0.109623,0.109623
List1Session1,1,1,2,766,1050,1,UPSTAIRS,4,experiment,1,735,other,un,rel,1,0.07979,103,735,735,0.118342,0.118342
List1Session1,1,1,2,767,1050,2,FRIGID,4,caumious,1,792,nw,nw,un,1,0.130027,207,792,792,0.288916,0.384056
List1Session1,1,1,2,768,1050,1,NONE,1,zero,1,640,first,rel,nw,1,-0.416147,99,640,640,-0.523414,-0.523414
List1Session1,1,1,2,769,1050,2,FORGIVE,2,bolphin,1,703,nw,nw,rel,1,-0.412553,207,703,703,-0.39923,-0.382887
List1Session1,1,1,2,770,1050,2,GRASS,2,beeth,1,809,nw,nw,nw,1,0.233666,207,809,809,0.420359,0.530551
List1Session1,1,1,2,771,1050,1,SURGERY,1,operation,1,577,first,rel,nw,1,-0.796385,99,577,577,-1.109905,-1.109905
List1Session1,1,1,2,772,1050,2,CONFERENCE,3,goypriend,1,705,nw,nw,rel,1,-0.400361,207,705,705,-0.383766,-0.365652
List1Session1,1,1,2,773,1050,1,EXPENSE,4,can,1,699,other,un,nw,1,-0.211987,103,699,699,-0.189197,-0.189197
List1Session1,1,1,2,774,1050,1,REFLECTION,1,mirror,1,566,first,rel,un,1,-0.862776,99,566,566,-1.212308,-1.212308
List1Session1,1,1,2,775,1050,2,CRUDE,4,sry,1,678,nw,nw,rel,1,-0.564964,207,678,678,-0.59253,-0.598321
List1Session1,1,1,2,776,1050,1,DRAGON,2,queen,1,803,other,rel,nw,1,0.630924,103,803,803,0.699249,0.699249
List1Session1,1,1,2,777,1050,1,WEB,4,floor,1,810,other,un,rel,1,0.687658,103,810,810,0.759049,0.759049
List1Session1,1,1,2,778,1050,1,DOOR,3,funny,1,736,first,un,un,1,0.163264,99,736,736,0.370285,0.370285
List1Session1,1,1,2,779,1050,2,STRIVE,4,faj,1,730,nw,nw,un,1,-0.24795,207,730,730,-0.190467,-0.150219
List1Session1,1,1,2,780,1050,1,FILE,1,cabinet,1,868,first,rel,nw,1,0.959954,99,868,868,1.599121,1.599121
List1Session1,1,1,2,781,1050,2,NECESSARY,3,bress,1,904,nw,nw,rel,1,0.812826,207,904,904,1.154898,1.349199
List1Session1,1,1,2,782,1050,1,ILLNESS,1,sick,1,523,first,rel,nw,1,-1.122304,99,523,523,-1.61261,-1.61261
List1Session1,1,1,2,783,1050,2,DAMAGE,4,lork,1,733,nw,nw,rel,1,-0.229661,207,733,733,-0.167271,-0.124367
List1Session1,1,1,2,784,1050,2,CRACK,1,patholic,1,918,nw,nw,nw,1,0.898175,207,918,918,1.263145,1.469841
List1Session1,1,1,2,785,1050,1,DISGUSTING,3,abuse,1,761,first,un,nw,1,0.314152,99,761,761,0.603019,0.603019
List1Session1,1,1,2,786,1050,1,BOIL,2,pot,1,690,other,rel,un,1,-0.284931,103,690,690,-0.266082,-0.266082
List1Session1,1,1,2,787,1050,2,SWOON,3,oblession,1,973,nw,nw,rel,1,1.233478,207,973,973,1.688404,1.943795
List1Session1,1,1,2,788,1050,1,ALIVE,4,create,1,845,other,un,nw,1,0.97133,103,845,845,1.058045,1.058045
List1Session1,1,1,2,789,1050,2,BUBBLE,1,onen,1,834,nw,nw,un,1,0.386077,207,834,834,0.613659,0.745985
List1Session1,1,1,2,790,1050,1,HORRIBLE,1,terrible,1,615,first,rel,nw,1,-0.567035,99,615,615,-0.756149,-0.756149
List1Session1,1,1,2,791,1050,1,MOVIE,1,film,1,757,first,rel,rel,1,0.29001,99,757,757,0.565782,0.565782
List1Session1,1,1,2,792,1050,2,JUMP,3,oblect,1,799,nw,nw,rel,1,0.172702,207,799,799,0.34304,0.444378
List1Session1,1,1,2,793,1050,1,CORRIDOR,1,hall,1,742,first,rel,nw,1,0.199477,99,742,742,0.426141,0.426141
List1Session1,1,1,2,794,1050,2,GRAB,2,meck,1,832,nw,nw,rel,1,0.373884,207,832,832,0.598195,0.72875
List1Session1,1,1,2,795,1050,1,SCRUB,4,road,1,502,other,un,nw,1,-1.808653,103,502,502,-1.872119,-1.872119
List1Session1,1,1,2,796,1050,2,DEW,3,phome,1,776,nw,nw,un,1,0.032485,207,776,776,0.165204,0.246179
List1Session1,1,1,2,797,1050,1,EIGHT,2,octopus,1,736,other,rel,nw,1,0.087895,103,736,736,0.126885,0.126885
List1Session1,1,1,2,798,1050,1,SHELL,2,clam,1,825,other,rel,rel,1,0.809232,103,825,825,0.88719,0.88719
List1Session1,1,1,2,799,1050,2,ANKLE,4,buture,1,735,nw,nw,rel,1,-0.217468,207,735,735,-0.151807,-0.107132
List1Session1,1,1,2,800,1050,1,VALOR,3,penny,1,666,first,un,nw,1,-0.259223,99,666,666,-0.281371,-0.281371
List1Session1,1,1,2,801,1050,2,HOST,3,poda,1,614,nw,nw,un,1,-0.955134,207,614,614,-1.087377,-1.14983
List1Session1,1,1,2,802,1050,1,UNSOLVED,2,questions,1,789,other,rel,nw,1,0.517455,103,789,789,0.579651,0.579651
List1Session1,1,1,2,803,1050,1,LUMP,1,bump,1,636,first,rel,rel,1,-0.440289,99,636,636,-0.560652,-0.560652
List1Session1,1,1,2,804,1050,1,EXCUSE,4,camera,1,682,other,un,rel,1,-0.34977,103,682,682,-0.334424,-0.334424
List1Session1,1,1,2,805,1050,2,SWEATER,2,nobe,1,725,nw,nw,un,1,-0.278432,207,725,725,-0.229127,-0.193306
List1Session1,1,1,2,806,1050,1,SNACK,2,attack,1,735,other,rel,nw,1,0.07979,103,735,735,0.118342,0.118342
List1Session1,1,1,2,807,1050,1,ARROW,1,bow,1,665,first,rel,rel,1,-0.265259,99,665,665,-0.29068,-0.29068
List1Session1,1,1,2,808,1050,2,MUST,3,laddet,1,806,nw,nw,rel,1,0.215377,207,806,806,0.397163,0.504699
List1Session1,1,1,2,809,1050,1,SQUARE,2,box,1,638,other,rel,nw,1,-0.706386,103,638,638,-0.710305,-0.710305
List1Session1,1,1,2,810,1050,2,UNIT,2,sheem,1,987,nw,nw,rel,1,1.318828,207,987,987,1.796652,2.064438
List1Session1,1,1,2,811,1050,1,LOBSTER,3,increase,1,730,first,un,nw,1,0.127051,99,730,730,0.314429,0.314429
List1Session1,1,1,2,812,1050,1,SNEEZE,1,cough,1,804,first,rel,un,1,0.57368,99,804,804,1.003322,1.003322
List1Session1,1,1,2,813,1050,2,KEEPER,3,pightning,1,779,nw,nw,rel,1,0.050774,207,779,779,0.1884,0.272031
List1Session1,1,1,2,814,1050,1,CREAM,2,milk,1,547,other,rel,nw,1,-1.443932,103,547,547,-1.487695,-1.487695
List1Session1,1,1,2,815,1050,2,POLLUTION,4,morry,1,692,nw,nw,rel,1,-0.479614,207,692,692,-0.484282,-0.477678
List1Session1,1,1,2,816,1050,1,CRITICIZE,2,argue,1,1008,other,rel,nw,1,2.292429,103,1008,1008,2.450514,2.450514
List1Session1,1,1,2,817,1050,2,LEDGE,1,fobever,1,846,nw,nw,rel,1,0.459234,207,846,846,0.706443,0.849393
List1Session1,1,1,2,818,1050,2,VALUE,4,doy,1,724,nw,nw,nw,1,-0.284529,207,724,724,-0.236859,-0.201923
List1Session1,1,1,2,819,1050,2,MONOTONOUS,1,frol,1,590,nw,nw,nw,1,-1.101448,207,590,590,-1.272944,-1.356647
List1Session1,1,1,2,820,1050,1,INSTANCE,2,example,1,1134,other,rel,nw,1,3.313648,103,#NULL!,#NULL!,#NULL!,#NULL!
List1Session1,1,1,2,821,1050,1,GRAFT,2,trees,1,1015,other,rel,rel,1,2.349164,103,1015,1015,2.510313,2.510313
List1Session1,1,1,2,822,1050,2,DIVIDE,1,disp,1,630,nw,nw,rel,1,-0.857591,207,630,630,-0.963665,-1.011953
List1Session1,1,1,2,823,1050,2,END,2,bature,1,724,nw,nw,nw,1,-0.284529,207,724,724,-0.236859,-0.201923
List1Session1,1,1,2,824,1050,1,INMATE,2,prison,1,558,other,rel,nw,1,-1.354778,103,558,558,-1.393725,-1.393725
List1Session1,1,1,2,825,1050,2,DETERIORATE,3,palking,1,719,nw,nw,rel,1,-0.315011,207,719,719,-0.275519,-0.24501
List1Session1,1,1,2,826,1050,1,THOUGHT,2,time,1,696,other,rel,nw,1,-0.236301,103,696,696,-0.214825,-0.214825
List1Session1,1,1,2,827,1050,2,TUNE,3,boking,1,1236,nw,nw,rel,1,2.836835,207,#NULL!,1236,#NULL!,3.721915
List1Session1,1,1,2,828,1050,1,PARKWAY,3,pull,1,649,first,un,nw,1,-0.361827,99,649,649,-0.43963,-0.43963
List1Session1,1,1,2,829,1050,1,RESTRICTION,3,lot,1,758,first,un,un,1,0.296046,99,758,758,0.575091,0.575091
List1Session1,1,1,2,830,1050,1,THREE,3,what,1,831,first,un,un,1,0.73664,99,831,831,1.254675,1.254675
List1Session2,1,2,2,1,50,1,CHALKBOARD,2,write,1,616,other,rel,un,1,-0.557383,101,616,616,-0.553376,-0.526818
List1Session2,1,2,2,2,50,2,PEBBLE,3,pirlfliend,1,671,nw,nw,rel,1,-0.238201,205,671,671,-0.179966,-0.109464
List1Session2,1,2,2,3,50,1,JUNK,3,cigarette,1,931,first,un,nw,1,0.677133,103,931,931,1.225847,1.412268
List1Session2,1,2,2,4,50,1,HIGHLIGHT,3,condom,1,637,first,un,un,1,-0.392951,103,637,637,-0.399402,-0.394407
List1Session2,1,2,2,5,50,1,EXCHANGE,2,foreign,1,610,other,rel,un,1,-0.594242,101,610,610,-0.592296,-0.57415
List1Session2,1,2,2,6,50,1,REMEMBER,4,dull,1,520,other,un,rel,1,-1.147124,101,520,520,-1.176095,-1.284135
List1Session2,1,2,2,7,50,1,CAUTION,1,danger,1,995,first,rel,un,1,0.910077,103,995,995,1.579643,1.805557
List1Session2,1,2,2,8,50,1,CLOUD,1,sky,1,475,first,rel,rel,1,-0.982589,103,475,475,-1.294948,-1.389921
List1Session2,1,2,2,9,50,1,PICK,1,choose,1,567,first,rel,rel,1,-0.647733,103,567,567,-0.786367,-0.824568
List1Session2,1,2,2,10,50,1,PUB,4,staff,1,527,other,un,rel,1,-1.104122,101,527,527,-1.130689,-1.228914
List1Session2,1,2,2,11,50,1,ARGUMENT,2,disagreemen,1,808,other,rel,un,1,0.622099,101,808,808,0.692061,0.987815
List1Session2,1,2,2,12,50,2,APPEAR,4,artor,1,600,nw,nw,rel,1,-0.759792,205,600,600,-0.791332,-0.830114
List1Session2,1,2,2,13,50,2,REPUBLIC,1,primoner,1,623,nw,nw,nw,1,-0.590826,205,623,623,-0.593284,-0.596664
List1Session2,1,2,2,14,50,2,FURTHER,1,reaption,1,628,nw,nw,nw,1,-0.554094,205,628,628,-0.55023,-0.545914
List1Session2,1,2,2,15,50,1,SHIELD,1,protection,1,682,first,rel,nw,1,-0.229162,103,682,682,-0.15064,-0.117875
List1Session2,1,2,2,16,50,1,PIECES,3,earth,1,510,first,un,rel,1,-0.855198,103,510,510,-1.101466,-1.174841
List1Session2,1,2,2,17,50,2,SUB,1,nist,1,586,nw,nw,un,1,-0.862641,205,586,586,-0.911883,-0.972214
List1Session2,1,2,2,18,50,1,ANNIHILATE,1,destroy,1,609,first,rel,nw,1,-0.494864,103,609,609,-0.554188,-0.566471
List1Session2,1,2,2,19,50,2,PRESS,4,sukar,1,968,nw,nw,rel,1,1.943666,205,968,968,2.377439,2.905087
List1Session2,1,2,2,20,50,2,SIBLING,2,bepin,1,640,nw,nw,nw,1,-0.465938,205,640,640,-0.4469,-0.424114
List1Session2,1,2,2,21,50,1,FEVER,2,high,1,502,other,rel,nw,1,-1.2577,101,502,502,-1.292855,-1.426132
List1Session2,1,2,2,22,50,1,STARCH,2,bleach,1,608,other,rel,rel,1,-0.606528,101,608,608,-0.60527,-0.589928
List1Session2,1,2,2,23,50,2,SPONTANEOUS,3,thurmday,1,792,nw,nw,rel,1,0.650708,205,792,792,0.86194,1.118686
List1Session2,1,2,2,24,50,1,HERO,3,toe,1,598,first,un,nw,1,-0.534901,103,598,598,-0.614997,-0.634068
List1Session2,1,2,2,25,50,2,BALCONY,1,builping,1,574,nw,nw,un,1,-0.950798,205,574,574,-1.015212,-1.094014
List1Session2,1,2,2,26,50,2,OUCH,1,torl,1,662,nw,nw,nw,1,-0.304318,205,662,662,-0.257463,-0.200814
List1Session2,1,2,2,27,50,1,CARPENTER,2,hammer,1,651,other,rel,nw,1,-0.342373,101,651,651,-0.326344,-0.250713
List1Session2,1,2,2,28,50,1,BOUNDARY,2,fence,1,575,other,rel,rel,1,-0.809252,101,575,575,-0.819329,-0.850255
List1Session2,1,2,2,29,50,1,PLOT,4,pig,1,616,other,un,rel,1,-0.557383,101,616,616,-0.553376,-0.526818
List1Session2,1,2,2,30,50,1,THINKING,3,nephew,1,1022,first,un,un,1,1.00835,103,1022,1022,1.728901,1.971476
List1Session2,1,2,2,31,50,2,ERODE,4,trecise,1,741,nw,nw,un,1,0.276044,205,741,741,0.42279,0.601036
List1Session2,1,2,2,32,50,2,TRAFFIC,4,tup,1,710,nw,nw,nw,1,0.048307,205,710,710,0.155855,0.286386
List1Session2,1,2,2,33,50,2,REGION,3,chenk,1,616,nw,nw,nw,1,-0.642251,205,616,616,-0.653559,-0.667714
List1Session2,1,2,2,34,50,2,ARIGHT,1,rool,1,639,nw,nw,nw,1,-0.473284,205,639,639,-0.455511,-0.434264
List1Session2,1,2,2,35,50,2,CORE,4,ix,1,580,nw,nw,nw,1,-0.906719,205,580,580,-0.963548,-1.033114
List1Session2,1,2,2,36,50,1,MASS,2,confusion,1,813,other,rel,nw,1,0.652814,101,813,813,0.724494,1.027259
List1Session2,1,2,2,37,50,2,STROKE,4,foshing,1,620,nw,nw,rel,1,-0.612865,205,620,620,-0.619116,-0.627114
List1Session2,1,2,2,38,50,2,SKILLER,3,mald,1,642,nw,nw,nw,1,-0.451245,205,642,642,-0.429678,-0.403814
List1Session2,1,2,2,39,50,2,ENERGY,1,shunder,1,583,nw,nw,nw,1,-0.88468,205,583,583,-0.937715,-1.002664
List1Session2,1,2,2,40,50,2,NATURE,4,lidge,1,624,nw,nw,nw,1,-0.58348,205,624,624,-0.584673,-0.586514
List1Session2,1,2,2,41,50,2,TENSION,1,povel,1,614,nw,nw,nw,1,-0.656943,205,614,614,-0.670781,-0.688014
List1Session2,1,2,2,42,50,2,SPRAIN,1,plide,1,652,nw,nw,nw,1,-0.377782,205,652,652,-0.343571,-0.302314
List1Session2,1,2,2,43,50,2,MACARONI,4,ponic,1,656,nw,nw,nw,1,-0.348396,205,656,656,-0.309127,-0.261714
List1Session2,1,2,2,44,50,1,UNDERSTANDING,4,journey,1,741,other,un,nw,1,0.210509,101,741,741,0.257455,0.459271
List1Session2,1,2,2,45,50,1,LEAD,2,aluminum,1,647,other,rel,un,1,-0.366946,101,647,647,-0.35229,-0.282268
List1Session2,1,2,2,46,50,2,CALENDAR,3,enp,1,652,nw,nw,rel,1,-0.377782,205,652,652,-0.343571,-0.302314
List1Session2,1,2,2,47,50,1,GULLY,3,bride,1,722,first,un,nw,1,-0.083573,103,722,722,0.070483,0.127931
List1Session2,1,2,2,48,50,2,GUARDIAN,1,wocks,1,724,nw,nw,un,1,0.151156,205,724,724,0.276406,0.428486
List1Session2,1,2,2,49,50,1,DIGIT,3,stove,1,742,first,un,nw,1,-0.010778,103,742,742,0.181044,0.250834
List1Session2,1,2,2,50,50,1,UNLOAD,1,load,1,600,first,rel,un,1,-0.527621,103,600,600,-0.603941,-0.621778
List1Session2,1,2,2,51,50,1,FLOW,4,still,1,687,other,un,rel,1,-0.12122,101,687,687,-0.092824,0.033281
List1Session2,1,2,2,52,50,1,STEEPLE,4,tie,1,1090,other,un,un,1,2.354463,101,1090,1090,2.521297,3.212432
List1Session2,1,2,2,53,50,2,IMPORTANT,2,dom,1,1158,nw,nw,un,1,3.339474,205,#NULL!,#NULL!,#NULL!,#NULL!
List1Session2,1,2,2,54,50,2,KEYS,2,stopach,1,630,nw,nw,nw,1,-0.539402,205,630,630,-0.533008,-0.525614
List1Session2,1,2,2,55,50,2,TEND,4,monel,1,717,nw,nw,nw,1,0.099731,205,717,717,0.216131,0.357436
List1Session2,1,2,2,56,50,1,FUNNY,4,change,1,607,other,un,nw,1,-0.612671,101,607,607,-0.611756,-0.597817
List1Session2,1,2,2,57,50,2,REGRET,3,leambelt,1,582,nw,nw,un,1,-0.892027,205,582,582,-0.946326,-1.012814
List1Session2,1,2,2,58,50,1,QUARTER,1,dime,1,574,first,rel,nw,1,-0.622255,103,574,574,-0.74767,-0.781552
List1Session2,1,2,2,59,50,2,PASSIVE,4,cheam,1,630,nw,nw,rel,1,-0.539402,205,630,630,-0.533008,-0.525614
List1Session2,1,2,2,60,50,2,WARMTH,3,suffomate,1,620,nw,nw,nw,1,-0.612865,205,620,620,-0.619116,-0.627114
List1Session2,1,2,2,61,50,2,INNOCENT,2,urmy,1,579,nw,nw,nw,1,-0.914066,205,579,579,-0.972158,-1.043264
List1Session2,1,2,2,62,50,2,GRIEF,2,jow,1,682,nw,nw,nw,1,-0.157391,205,682,682,-0.085247,0.002186
List1Session2,1,2,2,63,50,2,ROACH,2,weknespay,1,654,nw,nw,nw,1,-0.363089,205,654,654,-0.326349,-0.282014
List1Session2,1,2,2,64,50,1,SLEIGH,1,snow,1,691,first,rel,nw,1,-0.196405,103,691,691,-0.100887,-0.062569
List1Session2,1,2,2,65,50,2,THIMBLE,2,nirgin,1,646,nw,nw,rel,1,-0.42186,205,646,646,-0.395235,-0.363214
List1Session2,1,2,2,66,50,1,REAPPEAR,1,disappear,1,637,first,rel,nw,1,-0.392951,103,637,637,-0.399402,-0.394407
List1Session2,1,2,2,67,50,2,RITUAL,1,giar,1,610,nw,nw,rel,1,-0.686329,205,610,610,-0.705224,-0.728614
List1Session2,1,2,2,68,50,1,HOLE,1,ground,1,681,first,rel,nw,1,-0.232802,103,681,681,-0.156168,-0.12402
List1Session2,1,2,2,69,50,2,SYNAGOGUE,4,umcompon,1,717,nw,nw,rel,1,0.099731,205,717,717,0.216131,0.357436
List1Session2,1,2,2,70,50,2,ALMANAC,4,eaply,1,703,nw,nw,nw,1,-0.003118,205,703,703,0.09558,0.215336
List1Session2,1,2,2,71,50,2,GOODBYE,3,plut,1,769,nw,nw,nw,1,0.481742,205,769,769,0.663892,0.885236
List1Session2,1,2,2,72,50,1,POCKET,1,jeans,1,641,first,rel,nw,1,-0.378392,103,641,641,-0.37729,-0.369826
List1Session2,1,2,2,73,50,1,SUMMIT,1,peak,1,710,first,rel,rel,1,-0.12725,103,710,710,0.004146,0.054189
List1Session2,1,2,2,74,50,1,FLEX,3,thought,1,618,first,un,rel,1,-0.462106,103,618,618,-0.504436,-0.511165
List1Session2,1,2,2,75,50,2,SHRIMP,2,murnerer,1,768,nw,nw,un,1,0.474395,205,768,768,0.655281,0.875086
List1Session2,1,2,2,76,50,2,DEFEND,1,swanp,0,592,nw,nw,nw,0,#NULL!,#NULL!,#NULL!,#NULL!,#NULL!,#NULL!
List1Session2,1,2,2,77,50,1,NICKEL,2,five,1,1127,other,rel,nw,1,2.581759,101,#NULL!,1127,#NULL!,2.761304
List1Session2,1,2,2,78,50,1,BOOTH,3,smash,1,602,first,un,rel,1,-0.520342,103,602,602,-0.592884,-0.609487
List1Session2,1,2,2,79,50,1,CHILD,1,baby,1,544,first,rel,un,1,-0.731447,103,544,544,-0.913512,-0.965906
List1Session2,1,2,2,80,50,1,PHONE,1,call,1,698,first,rel,rel,1,-0.170927,103,698,698,-0.062191,-0.019553
List1Session2,1,2,2,81,50,2,MEASUREMENT,1,daith,1,669,nw,nw,rel,1,-0.252894,205,669,669,-0.197187,-0.129764
List1Session2,1,2,2,82,50,1,MIGHT,3,scary,1,706,first,un,nw,1,-0.141809,103,706,706,-0.017966,0.029608
List1Session2,1,2,2,83,50,2,VICTIM,2,koss,1,596,nw,nw,un,1,-0.789178,205,596,596,-0.825775,-0.870714
List1Session2,1,2,2,84,50,1,PARKING,3,crab,1,908,first,un,nw,1,0.593419,103,908,908,1.098702,1.270929
List1Session2,1,2,2,85,50,1,FLICK,2,off,1,648,other,rel,un,1,-0.360803,101,648,648,-0.345804,-0.274379
List1Session2,1,2,2,86,50,2,TULIP,1,dend,1,605,nw,nw,rel,1,-0.723061,205,605,605,-0.748278,-0.779364
List1Session2,1,2,2,87,50,2,PAIN,2,pishes,1,821,nw,nw,nw,1,0.863752,205,821,821,1.111653,1.413036
List1Session2,1,2,2,88,50,2,YOLK,1,nellow,1,1011,nw,nw,nw,1,2.25956,205,1011,1011,2.747703,3.341537
List1Session2,1,2,2,89,50,2,NORMAL,1,vored,1,602,nw,nw,nw,1,-0.7451,205,602,602,-0.77411,-0.809814
List1Session2,1,2,2,90,50,1,LIBEL,1,lawsuit,1,704,first,rel,nw,1,-0.149088,103,704,704,-0.029022,0.017318
List1Session2,1,2,2,91,50,1,APPLE,3,exercise,1,691,first,un,rel,1,-0.196405,103,691,691,-0.100887,-0.062569
List1Session2,1,2,2,92,50,1,HIP,1,bone,1,774,first,rel,un,1,0.105694,103,774,774,0.357942,0.447479
List1Session2,1,2,2,93,50,2,CURVED,4,teavs,1,679,nw,nw,rel,1,-0.17943,205,679,679,-0.111079,-0.028264
List1Session2,1,2,2,94,50,2,PIT,2,ponitics,1,1067,nw,nw,nw,1,2.670956,205,#NULL!,1067,#NULL!,3.229908
List1Session2,1,2,2,95,50,1,IGNORE,4,story,1,575,other,un,nw,1,-0.809252,101,575,575,-0.819329,-0.850255
List1Session2,1,2,2,96,50,1,SUPERSTITION,3,rule,1,712,first,un,un,1,-0.11997,103,712,712,0.015202,0.066479
List1Session2,1,2,2,97,50,1,HINT,3,faint,1,715,first,un,un,1,-0.109051,103,715,715,0.031786,0.084915
List1Session2,1,2,2,98,50,2,EXCITED,2,sleeb,1,670,nw,nw,un,1,-0.245547,205,670,670,-0.188576,-0.119614
List1Session2,1,2,2,99,50,2,FOREHEAD,2,priend,1,784,nw,nw,nw,1,0.591937,205,784,784,0.793054,1.037486
List1Session2,1,2,2,100,50,2,CLUB,4,jafe,1,640,nw,nw,nw,1,-0.465938,205,640,640,-0.4469,-0.424114
List1Session2,1,2,2,101,50,1,OVER,2,turn,1,596,other,rel,nw,1,-0.680246,101,596,596,-0.68311,-0.684592
List1Session2,1,2,2,102,50,1,SLIME,4,house,1,555,other,un,rel,1,-0.932114,101,555,555,-0.949062,-1.00803
List1Session2,1,2,2,103,50,1,LOCAL,4,mother,1,581,other,un,un,1,-0.772393,101,581,581,-0.780409,-0.802923
List1Session2,1,2,2,104,50,1,WEALTH,2,none,1,573,other,rel,un,1,-0.821538,101,573,573,-0.832303,-0.866033
List1Session2,1,2,2,105,50,1,SHOULDER,1,arm,1,597,first,rel,rel,1,-0.53854,103,597,597,-0.620525,-0.640213
List1Session2,1,2,2,106,50,2,PUDDING,3,donpey,1,588,nw,nw,rel,1,-0.847949,205,588,588,-0.894661,-0.951914
List1Session2,1,2,2,107,50,2,BEETLE,4,lacon,1,851,nw,nw,nw,1,1.084143,205,851,851,1.369977,1.717537
List1Session2,1,2,2,108,50,1,COWGIRL,1,cowboy,1,737,first,rel,nw,1,-0.028977,103,737,737,0.153404,0.220108
List1Session2,1,2,2,109,50,1,DEADLY,1,poison,1,642,first,rel,rel,1,-0.374752,103,642,642,-0.371762,-0.363681
List1Session2,1,2,2,110,50,2,GRADE,3,mard,1,696,nw,nw,rel,1,-0.054542,205,696,696,0.035304,0.144286
List1Session2,1,2,2,111,50,1,MONARCH,4,disgusting,1,845,other,un,nw,1,0.849395,101,845,845,0.932067,1.279697
List1Session2,1,2,2,112,50,2,CORPSE,3,jound,1,666,nw,nw,un,1,-0.274933,205,666,666,-0.223019,-0.160214
List1Session2,1,2,2,113,50,1,BANQUET,4,less,1,574,other,un,nw,1,-0.815395,101,574,574,-0.825816,-0.858144
List1Session2,1,2,2,114,50,1,SHEET,2,white,1,583,other,rel,un,1,-0.760106,101,583,583,-0.767436,-0.787146
List1Session2,1,2,2,115,50,2,ADVERB,3,stobage,1,815,nw,nw,rel,1,0.819674,205,815,815,1.059988,1.352136
List1Session2,1,2,2,116,50,2,RAKE,3,clup,1,638,nw,nw,nw,1,-0.480631,205,638,638,-0.464122,-0.444414
List1Session2,1,2,2,117,50,2,RURAL,4,kamburter,1,642,nw,nw,nw,1,-0.451245,205,642,642,-0.429678,-0.403814
List1Session2,1,2,2,118,50,1,ASTEROID,2,belt,1,664,other,rel,nw,1,-0.262513,101,664,664,-0.242017,-0.14816
List1Session2,1,2,2,119,50,1,WILLING,4,halloween,1,892,other,un,rel,1,1.138122,101,892,892,1.23694,1.650467
List1Session2,1,2,2,120,50,1,PUBERTY,1,adolescent,1,681,first,rel,un,1,-0.232802,103,681,681,-0.156168,-0.12402
List1Session2,1,2,2,121,50,2,JELLO,2,pecklace,1,717,nw,nw,rel,1,0.099731,205,717,717,0.216131,0.357436
List1Session2,1,2,2,122,50,2,HANDLE,1,kint,1,1007,nw,nw,nw,1,2.230174,205,1007,1007,2.71326,3.300937
List1Session2,1,2,2,123,50,2,PAIL,3,abnolmal,1,662,nw,nw,nw,1,-0.304318,205,662,662,-0.257463,-0.200814
List1Session2,1,2,2,124,50,1,LAVA,3,ticket,1,746,first,un,nw,1,0.003781,103,746,746,0.203156,0.275415
List1Session2,1,2,2,125,50,2,MINUS,3,figer,1,652,nw,nw,un,1,-0.377782,205,652,652,-0.343571,-0.302314
List1Session2,1,2,2,126,50,2,BALLOT,2,floner,1,592,nw,nw,nw,1,-0.818563,205,592,592,-0.860218,-0.911314
List1Session2,1,2,2,127,50,1,LEAN,3,chip,1,600,first,un,nw,1,-0.527621,103,600,600,-0.603941,-0.621778
List1Session2,1,2,2,128,50,1,FINISHED,1,done,1,527,first,rel,un,1,-0.793322,103,527,527,-1.007489,-1.070374
List1Session2,1,2,2,129,50,2,ADDICT,2,mudge,1,697,nw,nw,rel,1,-0.047196,205,697,697,0.043915,0.154436
List1Session2,1,2,2,130,50,1,APPROVAL,2,yes,1,509,other,rel,nw,1,-1.214698,101,509,509,-1.247448,-1.370911
List1Session2,1,2,2,131,50,2,LORD,4,yan,1,695,nw,nw,rel,1,-0.061889,205,695,695,0.026693,0.134136
List1Session2,1,2,2,132,50,2,MELLOW,1,ebect,1,571,nw,nw,nw,1,-0.972837,205,571,571,-1.041045,-1.124464
List1Session2,1,2,2,133,50,1,GRAPH,2,geometry,1,756,other,rel,nw,1,0.302656,101,756,756,0.354755,0.577602
List1Session2,1,2,2,134,50,1,PRODUCT,1,item,1,725,first,rel,rel,1,-0.072653,103,725,725,0.087067,0.146366
List1Session2,1,2,2,135,50,2,THESAURUS,3,buice,1,615,nw,nw,rel,1,-0.649597,205,615,615,-0.66217,-0.677864
List1Session2,1,2,2,136,50,1,SABER,3,rock,1,525,first,un,nw,1,-0.800602,103,525,525,-1.018545,-1.082664
List1Session2,1,2,2,137,50,2,ADJOURN,4,dite,1,711,nw,nw,un,1,0.055653,205,711,711,0.164466,0.296536
List1Session2,1,2,2,138,50,1,DENIAL,1,refuse,1,601,first,rel,nw,1,-0.523981,103,601,601,-0.598413,-0.615632
List1Session2,1,2,2,139,50,1,FACTS,3,have,1,1120,first,un,rel,1,1.365045,103,1120,1120,2.270651,2.573701
List1Session2,1,2,2,140,50,2,CASHEW,3,sundwach,1,659,nw,nw,un,1,-0.326357,205,659,659,-0.283295,-0.231264
List1Session2,1,2,2,141,50,1,OVERPOWER,4,negative,1,713,other,un,nw,1,0.038501,101,713,713,0.075829,0.238387
List1Session2,1,2,2,142,50,1,CIRCUMSTANCE,1,situation,1,939,first,rel,un,1,0.706251,103,939,939,1.270072,1.461429
List1Session2,1,2,2,143,50,2,ATTENDANCE,2,brab,1,645,nw,nw,rel,1,-0.429206,205,645,645,-0.403846,-0.373364
List1Session2,1,2,2,144,50,1,WART,1,ugly,1,618,first,rel,nw,1,-0.462106,103,618,618,-0.504436,-0.511165
List1Session2,1,2,2,145,50,1,STATUE,1,liberty,1,880,first,rel,rel,1,0.491506,103,880,880,0.943916,1.098865
List1Session2,1,2,2,146,50,2,LEOPARD,2,painling,1,604,nw,nw,rel,1,-0.730407,205,604,604,-0.756889,-0.789514
List1Session2,1,2,2,147,50,2,PLUTO,2,wenk,1,595,nw,nw,nw,1,-0.796524,205,595,595,-0.834386,-0.880864
List1Session2,1,2,2,148,50,2,ROOSTER,2,drun,1,554,nw,nw,nw,1,-1.097725,205,554,554,-1.187428,-1.297014
List1Session2,1,2,2,149,50,2,RESPONSE,4,goor,1,580,nw,nw,nw,1,-0.906719,205,580,580,-0.963548,-1.033114
List1Session2,1,2,2,150,50,1,MEDICAL,3,clown,1,588,first,un,nw,1,-0.571298,103,588,588,-0.670277,-0.695519
List1Session2,1,2,2,151,50,2,JAPAN,3,liget,1,611,nw,nw,un,1,-0.678982,205,611,611,-0.696613,-0.718464
List1Session2,1,2,2,152,50,1,CURSE,2,swear,1,619,other,rel,nw,1,-0.538954,101,619,619,-0.533916,-0.503152
List1Session2,1,2,2,153,50,2,SAPPHIRE,1,pable,1,625,nw,nw,rel,1,-0.576133,205,625,625,-0.576062,-0.576364
List1Session2,1,2,2,154,50,2,HELIUM,1,sotiety,1,742,nw,nw,nw,1,0.28339,205,742,742,0.431401,0.611186
List1Session2,1,2,2,155,50,2,PERISCOPE,3,nom,1,583,nw,nw,nw,1,-0.88468,205,583,583,-0.937715,-1.002664
List1Session2,1,2,2,156,50,1,BOULEVARD,3,heat,1,656,first,un,nw,1,-0.323796,103,656,656,-0.294369,-0.277649
List1Session2,1,2,2,157,50,2,SEAT,2,stoff,1,788,nw,nw,un,1,0.621322,205,788,788,0.827497,1.078086
List1Session2,1,2,2,158,50,1,TOMORROW,4,cracker,0,837,other,un,nw,0,#NULL!,#NULL!,#NULL!,#NULL!,#NULL!,#NULL!
List1Session2,1,2,2,159,50,1,LAUNDRY,2,soap,1,1122,other,rel,un,1,2.551043,101,#NULL!,1122,#NULL!,2.72887
List1Session2,1,2,2,160,50,1,ANCIENT,2,modern,1,740,other,rel,rel,1,0.204366,101,740,740,0.250969,0.451382
List1Session2,1,2,2,161,50,1,AMBULANCE,1,emergency,1,774,first,rel,rel,1,0.105694,103,774,774,0.357942,0.447479
List1Session2,1,2,2,162,50,2,MONDAY,1,deminition,1,1110,nw,nw,rel,1,2.986849,205,#NULL!,1110,#NULL!,3.600172
List1Session2,1,2,2,163,50,1,RECYCLE,3,rude,1,744,first,un,nw,1,-0.003498,103,744,744,0.1921,0.263124
List1Session2,1,2,2,164,50,1,RADISH,1,vegetable,1,810,first,rel,un,1,0.236725,103,810,810,0.556952,0.668704
List1Session2,1,2,2,165,50,2,SLUM,2,pank,1,760,nw,nw,rel,1,0.415625,205,760,760,0.586395,0.793886
List1Session2,1,2,2,166,50,2,GYMNAST,2,thamb,1,681,nw,nw,nw,1,-0.164738,205,681,681,-0.093858,-0.007964
List1Session2,1,2,2,167,50,1,STUFF,4,relax,1,605,other,un,nw,1,-0.624958,101,605,605,-0.62473,-0.613594
List1Session2,1,2,2,168,50,1,FLIP,3,dead,1,548,first,un,un,1,-0.716888,103,548,548,-0.8914,-0.941325
List1Session2,1,2,2,169,50,2,SAUCER,1,halpy,1,669,nw,nw,un,1,-0.252894,205,669,669,-0.197187,-0.129764
List1Session2,1,2,2,170,50,2,EXPERIENCE,3,boter,1,562,nw,nw,nw,1,-1.038954,205,562,562,-1.118542,-1.215814
List1Session2,1,2,2,171,50,1,ANCESTOR,1,relative,1,667,first,rel,nw,1,-0.283759,103,667,667,-0.233561,-0.210052
List1Session2,1,2,2,172,50,2,TWO,3,kimnap,1,591,nw,nw,rel,1,-0.82591,205,591,591,-0.868829,-0.921464
List1Session2,1,2,2,173,50,2,MASON,2,throp,1,550,nw,nw,nw,1,-1.12711,205,550,550,-1.221871,-1.337614
List1Session2,1,2,2,174,50,1,CUSTOMER,4,six,1,719,other,un,nw,1,0.07536,101,719,719,0.114749,0.285719
List1Session2,1,2,2,175,50,1,NIECE,3,hunter,1,625,first,un,un,1,-0.436628,103,625,625,-0.465739,-0.468149
List1Session2,1,2,2,176,50,1,CHIPMUNK,3,cards,1,631,first,un,un,1,-0.414789,103,631,631,-0.432571,-0.431278
List1Session2,1,2,2,177,50,1,CELEBRATION,3,lie,1,637,first,un,un,1,-0.392951,103,637,637,-0.399402,-0.394407
List1Session2,1,2,2,178,50,1,PHANTOM,2,monster,1,579,other,rel,un,1,-0.784679,101,579,579,-0.793383,-0.818701
List1Session2,1,2,2,179,50,1,ALLIGATOR,2,river,1,571,other,rel,rel,1,-0.833824,101,571,571,-0.845276,-0.88181
List1Session2,1,2,2,180,50,1,RIOT,2,crowd,1,675,other,rel,rel,1,-0.194938,101,675,675,-0.170664,-0.061384
List1Session2,1,2,2,181,50,2,DISASTER,1,comlontable,1,615,nw,nw,rel,1,-0.649597,205,615,615,-0.66217,-0.677864
List1Session2,1,2,2,182,50,1,MARS,1,planets,1,606,first,rel,nw,1,-0.505783,103,606,606,-0.570772,-0.584907
List1Session2,1,2,2,183,50,1,STOOL,4,republican,1,724,other,un,rel,1,0.106076,101,724,724,0.147182,0.325163
List1Session2,1,2,2,184,50,2,KNOCK,3,durse,1,566,nw,nw,un,1,-1.009568,205,566,566,-1.084099,-1.175214
List1Session2,1,2,2,185,50,1,PORTION,2,sample,1,910,other,rel,nw,1,1.248699,101,910,910,1.3537,1.792464
List1Session2,1,2,2,186,50,1,STATION,3,bake,1,586,first,un,rel,1,-0.578578,103,586,586,-0.681333,-0.70781
List1Session2,1,2,2,187,50,1,VICE,2,president,1,1249,other,rel,un,1,3.331221,101,#NULL!,#NULL!,#NULL!,#NULL!
List1Session2,1,2,2,188,50,1,CLAMP,4,school,1,1022,other,un,rel,1,1.93673,101,1022,1022,2.080205,2.676
List1Session2,1,2,2,189,50,2,RIGHTEOUSNESS,1,arnow,1,756,nw,nw,un,1,0.386239,205,756,756,0.551952,0.753286
List1Session2,1,2,2,190,50,2,ADMISSION,3,fependent,1,1110,nw,nw,nw,1,2.986849,205,#NULL!,1110,#NULL!,3.600172
List1Session2,1,2,2,191,50,1,OUTLET,1,plug,1,1336,first,rel,nw,1,2.151229,103,1336,1336,3.464712,3.901054
List1Session2,1,2,2,192,50,2,WED,2,sind,1,994,nw,nw,rel,1,2.134672,205,994,994,2.60132,3.168987
List1Session2,1,2,2,193,50,1,AWKWARD,2,different,1,810,other,rel,nw,1,0.634385,101,810,810,0.705034,1.003592
List1Session2,1,2,2,194,50,2,SPECIAL,3,nather,1,664,nw,nw,rel,1,-0.289626,205,664,664,-0.240241,-0.180514
List1Session2,1,2,2,195,50,2,DINE,2,rumb,1,878,nw,nw,nw,1,1.282494,205,878,878,1.602468,1.991587
List1Session2,1,2,2,196,50,1,FINANCIAL,4,window,1,698,other,un,nw,1,-0.053646,101,698,698,-0.021471,0.120056
List1Session2,1,2,2,197,50,1,TEACH,3,loud,1,509,first,un,un,1,-0.858838,103,509,509,-1.106994,-1.180986
List1Session2,1,2,2,198,50,2,SALOON,3,synkathepic,1,521,nw,nw,un,1,-1.340154,205,521,521,-1.471584,-1.631964
List1Session2,1,2,2,199,50,1,INSECT,4,conference,1,818,other,un,nw,1,0.68353,101,818,818,0.756928,1.066702
List1Session2,1,2,2,200,50,1,PAT,3,tail,1,609,first,un,un,1,-0.494864,103,609,609,-0.554188,-0.566471
List1Session2,1,2,2,201,50,2,APPLIANCE,3,spord,1,700,nw,nw,un,1,-0.025157,205,700,700,0.069747,0.184886
List1Session2,1,2,2,202,50,2,OXYGEN,2,sab,1,575,nw,nw,nw,1,-0.943451,205,575,575,-1.006601,-1.083864
List1Session2,1,2,2,203,50,1,CATCH,4,human,1,632,other,un,nw,1,-0.459093,101,632,632,-0.44959,-0.400599
List1Session2,1,2,2,204,50,2,VETERAN,4,emgarrasp,1,670,nw,nw,un,1,-0.245547,205,670,670,-0.188576,-0.119614
List1Session2,1,2,2,205,50,1,OLYMPICS,2,gold,1,706,other,rel,nw,1,-0.004501,101,706,706,0.030422,0.183166
List1Session2,1,2,2,206,50,1,CLARIFY,4,tape,1,740,other,un,rel,1,0.204366,101,740,740,0.250969,0.451382
List1Session2,1,2,2,207,50,2,STAIRWAY,4,corl,1,774,nw,nw,un,1,0.518474,205,774,774,0.706946,0.935986
List1Session2,1,2,2,208,50,1,TWISTER,2,movie,1,567,other,rel,nw,1,-0.858397,101,567,567,-0.871222,-0.913365
List1Session2,1,2,2,209,50,1,HOW,2,who,1,526,other,rel,rel,1,-1.110265,101,526,526,-1.137175,-1.236802
List1Session2,1,2,2,210,50,2,REMEDY,4,bibble,1,616,nw,nw,rel,1,-0.642251,205,616,616,-0.653559,-0.667714
List1Session2,1,2,2,211,50,2,ERASER,4,monley,1,590,nw,nw,nw,1,-0.833256,205,590,590,-0.87744,-0.931614
List1Session2,1,2,2,212,50,1,STALE,3,first,1,614,first,un,nw,1,-0.476665,103,614,614,-0.526548,-0.535745
List1Session2,1,2,2,213,50,2,FARMER,4,prade,1,734,nw,nw,un,1,0.224619,205,734,734,0.362514,0.529986
List1Session2,1,2,2,214,50,1,REPLACE,4,judge,1,687,other,un,nw,1,-0.12122,101,687,687,-0.092824,0.033281
List1Session2,1,2,2,215,50,2,CREDIT,1,mep,1,691,nw,nw,un,1,-0.091274,205,691,691,-0.00775,0.093536
List1Session2,1,2,2,216,50,2,CHINA,3,choin,1,567,nw,nw,nw,1,-1.002222,205,567,567,-1.075488,-1.165064
List1Session2,1,2,2,217,50,1,AMATEUR,4,company,1,656,other,un,nw,1,-0.311658,101,656,656,-0.29391,-0.21127
List1Session2,1,2,2,218,50,1,ANNUAL,2,once,1,678,other,rel,un,1,-0.176509,101,678,678,-0.151204,-0.037718
List1Session2,1,2,2,219,50,2,JAR,3,tueslay,1,538,nw,nw,rel,1,-1.215266,205,538,538,-1.325201,-1.459414
List1Session2,1,2,2,220,50,2,WHAT,4,staps,1,690,nw,nw,nw,1,-0.09862,205,690,690,-0.016361,0.083386
List1Session2,1,2,2,221,50,1,ALGAE,4,theory,1,598,other,un,nw,1,-0.667959,101,598,598,-0.670136,-0.668815
List1Session2,1,2,2,222,50,2,MAPLE,2,abtempt,1,510,nw,nw,un,1,-1.420964,205,510,510,-1.566303,-1.743614
List1Session2,1,2,2,223,50,1,ARTS,1,crafts,1,553,first,rel,nw,1,-0.698689,103,553,553,-0.863759,-0.9106
List1Session2,1,2,2,224,50,2,ORIGINATE,1,anay,1,690,nw,nw,rel,1,-0.09862,205,690,690,-0.016361,0.083386
List1Session2,1,2,2,225,50,2,NEEDY,4,ub,1,613,nw,nw,nw,1,-0.66429,205,613,613,-0.679391,-0.698164
List1Session2,1,2,2,226,50,1,METRIC,1,system,1,589,first,rel,nw,1,-0.567658,103,589,589,-0.664749,-0.689374
List1Session2,1,2,2,227,50,2,SWAP,1,tarthquame,1,548,nw,nw,rel,1,-1.141803,205,548,548,-1.239093,-1.357914
List1Session2,1,2,2,228,50,1,ARMS,2,hug,1,541,other,rel,nw,1,-1.018118,101,541,541,-1.039875,-1.118472
List1Session2,1,2,2,229,50,2,MARSH,1,tabin,1,503,nw,nw,rel,1,-1.472389,205,503,503,-1.626578,-1.814664
List1Session2,1,2,2,230,50,2,SILENT,4,slib,1,578,nw,nw,nw,1,-0.921412,205,578,578,-0.980769,-1.053414
List1Session2,1,2,2,231,50,1,SEX,1,female,1,650,first,rel,nw,1,-0.345634,103,650,650,-0.327538,-0.31452
List1Session2,1,2,2,232,50,2,POWERFUL,3,prenent,1,574,nw,nw,rel,1,-0.950798,205,574,574,-1.015212,-1.094014
List1Session2,1,2,2,233,50,1,ANNOY,2,sister,0,631,other,rel,nw,0,#NULL!,#NULL!,#NULL!,#NULL!,#NULL!,#NULL!
List1Session2,1,2,2,234,50,2,TARZAN,1,bip,1,958,nw,nw,rel,1,1.870203,205,958,958,2.291331,2.803587
List1Session2,1,2,2,235,50,1,COBRA,3,maze,1,839,first,un,nw,1,0.342277,103,839,839,0.717266,0.846914
List1Session2,1,2,2,236,50,2,MEANING,1,dinagree,1,692,nw,nw,un,1,-0.083928,205,692,692,0.000861,0.103686
List1Session2,1,2,2,237,50,1,BUS,2,taxi,1,968,other,rel,nw,1,1.605,101,968,968,1.729926,2.250009
List1Session2,1,2,2,238,50,2,NITROGEN,4,balmoon,1,705,nw,nw,rel,1,0.011575,205,705,705,0.112801,0.235636
List1Session2,1,2,2,239,50,1,COVERED,2,sheets,1,627,other,rel,nw,1,-0.489809,101,627,627,-0.482023,-0.440042
List1Session2,1,2,2,240,50,2,THRONE,1,rucket,1,665,nw,nw,rel,1,-0.282279,205,665,665,-0.23163,-0.170364
List1Session2,1,2,2,241,50,2,HOUR,3,helk,1,670,nw,nw,nw,1,-0.245547,205,670,670,-0.188576,-0.119614
List1Session2,1,2,2,242,50,2,CONVINCE,1,chep,1,690,nw,nw,nw,1,-0.09862,205,690,690,-0.016361,0.083386
List1Session2,1,2,2,243,50,2,PREMISES,1,patcames,1,885,nw,nw,nw,1,1.333919,205,885,885,1.662744,2.062637
List1Session2,1,2,2,244,50,2,TOY,2,naste,1,673,nw,nw,nw,1,-0.223508,205,673,673,-0.162744,-0.089164
List1Session2,1,2,2,245,50,2,ATTITUDE,4,geperal,1,662,nw,nw,nw,1,-0.304318,205,662,662,-0.257463,-0.200814
List1Session2,1,2,2,246,50,2,BLEND,1,hupt,1,619,nw,nw,nw,1,-0.620212,205,619,619,-0.627727,-0.637264
List1Session2,1,2,2,247,50,1,EXISTENCE,2,being,1,593,other,rel,nw,1,-0.698675,101,593,593,-0.702569,-0.708259
List1Session2,1,2,2,248,50,2,CONQUER,3,bix,1,615,nw,nw,rel,1,-0.649597,205,615,615,-0.66217,-0.677864
List1Session2,1,2,2,249,50,2,STEER,3,nanrow,1,638,nw,nw,nw,1,-0.480631,205,638,638,-0.464122,-0.444414
List1Session2,1,2,2,250,50,2,ACCEPT,2,sreed,1,628,nw,nw,nw,1,-0.554094,205,628,628,-0.55023,-0.545914
List1Session2,1,2,2,251,50,1,STOCKING,4,writer,1,619,other,un,nw,1,-0.538954,101,619,619,-0.533916,-0.503152
List1Session2,1,2,2,252,50,1,MAGIC,3,coke,1,609,first,un,un,1,-0.494864,103,609,609,-0.554188,-0.566471
List1Session2,1,2,2,253,50,1,SUDS,2,bath,1,600,other,rel,un,1,-0.655673,101,600,600,-0.657163,-0.653038
List1Session2,1,2,2,254,50,1,WAY,4,hurry,1,751,other,un,rel,1,0.27194,101,751,751,0.322322,0.538158
List1Session2,1,2,2,255,50,1,HARDY,1,boys,1,544,first,rel,un,1,-0.731447,103,544,544,-0.913512,-0.965906
List1Session2,1,2,2,256,50,2,EXPLORER,3,yed,1,569,nw,nw,rel,1,-0.987529,205,569,569,-1.058266,-1.144764
List1Session2,1,2,2,257,50,1,FAT,4,tag,1,833,other,un,nw,1,0.775677,101,833,833,0.854227,1.185033
List1Session2,1,2,2,258,50,1,ALTO,1,soprano,1,1022,first,rel,un,1,1.00835,103,1022,1022,1.728901,1.971476
List1Session2,1,2,2,259,50,2,LIPS,1,bipycle,1,612,nw,nw,rel,1,-0.671636,205,612,612,-0.688002,-0.708314
List1Session2,1,2,2,260,50,1,MANUFACTURER,1,maker,1,1739,first,rel,nw,1,3.618045,103,#NULL!,#NULL!,#NULL!,#NULL!
List1Session2,1,2,2,261,50,1,BET,3,door,1,1925,first,un,rel,1,4.295037,103,#NULL!,#NULL!,#NULL!,#NULL!
List1Session2,1,2,2,262,50,1,MOUSSE,4,roof,1,631,other,un,un,1,-0.465236,101,631,631,-0.456077,-0.408487
List1Session2,1,2,2,263,50,2,WAREHOUSE,1,pensuade,1,670,nw,nw,un,1,-0.245547,205,670,670,-0.188576,-0.119614
List1Session2,1,2,2,264,50,2,GLIDE,1,chenf,1,706,nw,nw,nw,1,0.018921,205,706,706,0.121412,0.245786
List1Session2,1,2,2,265,50,2,RAINY,2,oray,1,1093,nw,nw,nw,1,2.861961,205,#NULL!,1093,#NULL!,3.453788
List1Session2,1,2,2,266,50,1,REINDEER,3,direct,1,727,first,un,nw,1,-0.065374,103,727,727,0.098123,0.158657
List1Session2,1,2,2,267,50,1,CREATE,3,mine,1,778,first,un,un,1,0.120253,103,778,778,0.380054,0.472059
List1Session2,1,2,2,268,50,2,FEUD,4,inderior,1,602,nw,nw,un,1,-0.7451,205,602,602,-0.77411,-0.809814
List1Session2,1,2,2,269,50,2,PALE,2,pand,1,562,nw,nw,nw,1,-1.038954,205,562,562,-1.118542,-1.215814
List1Session2,1,2,2,270,50,2,RIDE,2,ipland,1,586,nw,nw,nw,1,-0.862641,205,586,586,-0.911883,-0.972214
List1Session2,1,2,2,271,50,1,ARGUE,4,it,1,595,other,un,nw,1,-0.686389,101,595,595,-0.689596,-0.692481
List1Session2,1,2,2,272,50,2,HEARING,4,lut,1,714,nw,nw,un,1,0.077692,205,714,714,0.190298,0.326986
List1Session2,1,2,2,273,50,2,MATE,2,daid,1,765,nw,nw,nw,1,0.452356,205,765,765,0.629449,0.844636
List1Session2,1,2,2,274,50,2,WOMEN,1,poman,1,750,nw,nw,nw,1,0.342161,205,750,750,0.500287,0.692386
List1Session2,1,2,2,275,50,1,FLING,2,flirt,1,639,other,rel,nw,1,-0.416091,101,639,639,-0.404183,-0.345378
List1Session2,1,2,2,276,50,1,CRUST,4,beginner,1,643,other,un,rel,1,-0.391518,101,643,643,-0.378237,-0.313823
List1Session2,1,2,2,277,50,1,SANDPAPER,3,luggage,1,602,first,un,un,1,-0.520342,103,602,602,-0.592884,-0.609487
List1Session2,1,2,2,278,50,2,APPLICATION,4,whabe,1,720,nw,nw,un,1,0.12177,205,720,720,0.241963,0.387886
List1Session2,1,2,2,279,50,2,GAG,2,metchup,1,611,nw,nw,nw,1,-0.678982,205,611,611,-0.696613,-0.718464
List1Session2,1,2,2,280,50,2,LEAK,1,oggs,1,922,nw,nw,nw,1,1.605734,205,922,922,1.981343,2.438187
List1Session2,1,2,2,281,50,1,DAD,3,waiter,1,708,first,un,nw,1,-0.134529,103,708,708,-0.00691,0.041899
List1Session2,1,2,2,282,50,1,HINDSIGHT,3,sting,1,678,first,un,un,1,-0.243721,103,678,678,-0.172752,-0.142456
List1Session2,1,2,2,283,50,1,ENDING,3,three,1,603,first,un,un,1,-0.516702,103,603,603,-0.587356,-0.603342
List1Session2,1,2,2,284,50,1,FILL,2,dirt,1,562,other,rel,un,1,-0.889112,101,562,562,-0.903656,-0.952809
List1Session2,1,2,2,285,50,1,DESTINY,3,polish,1,618,first,un,rel,1,-0.462106,103,618,618,-0.504436,-0.511165
List1Session2,1,2,2,286,50,2,PORCH,2,smeln,1,720,nw,nw,un,1,0.12177,205,720,720,0.241963,0.387886
List1Session2,1,2,2,287,50,2,WIDE,1,meather,1,690,nw,nw,nw,1,-0.09862,205,690,690,-0.016361,0.083386
List1Session2,1,2,2,288,50,1,EWE,4,wood,1,582,other,un,nw,1,-0.76625,101,582,582,-0.773923,-0.795034
List1Session2,1,2,2,289,50,2,LISTEN,1,worner,1,830,nw,nw,un,1,0.929869,205,830,830,1.18915,1.504386
List1Session2,1,2,2,290,50,2,HAND,3,glastic,1,637,nw,nw,nw,1,-0.487977,205,637,637,-0.472732,-0.454564
List1Session2,1,2,2,291,50,1,UNITED,1,states,1,883,first,rel,nw,1,0.502426,103,883,883,0.960501,1.1173
List1Session2,1,2,2,292,50,1,STORE,4,pool,1,655,other,un,rel,1,-0.317801,101,655,655,-0.300397,-0.219158
List1Session2,1,2,2,293,50,1,RASPBERRY,4,bike,1,565,other,un,un,1,-0.870683,101,565,565,-0.884196,-0.929143
List1Session2,1,2,2,294,50,2,MOVEMENT,3,elg,1,669,nw,nw,un,1,-0.252894,205,669,669,-0.197187,-0.129764
List1Session2,1,2,2,295,50,1,BLACKBOARD,3,stair,1,896,first,un,nw,1,0.549742,103,896,896,1.032365,1.197187
List1Session2,1,2,2,296,50,2,ROW,2,conleited,1,828,nw,nw,un,1,0.915177,205,828,828,1.171929,1.484086
List1Session2,1,2,2,297,50,1,ATTRACT,1,like,1,827,first,rel,nw,1,0.2986,103,827,827,0.650929,0.773172
List1Session2,1,2,2,298,50,2,TELLER,1,cag,1,681,nw,nw,rel,1,-0.164738,205,681,681,-0.093858,-0.007964
List1Session2,1,2,2,299,50,2,FINGERS,2,rufer,1,653,nw,nw,nw,1,-0.370435,205,653,653,-0.33496,-0.292164
List1Session2,1,2,2,300,50,1,MORNING,4,point,1,866,other,un,nw,1,0.978401,101,866,866,1.068287,1.44536
List1Session2,1,2,2,301,50,2,AMUSE,4,heanashe,1,729,nw,nw,un,1,0.187888,205,729,729,0.31946,0.479236
List1Session2,1,2,2,302,50,1,SATAN,2,silk,1,619,other,rel,nw,1,-0.538954,101,619,619,-0.533916,-0.503152
List1Session2,1,2,2,303,50,2,INTERIOR,2,vumble,1,897,nw,nw,rel,1,1.422075,205,897,897,1.766073,2.184437
List1Session2,1,2,2,304,50,1,SELECTION,1,choice,1,556,first,rel,nw,1,-0.68777,103,556,556,-0.847175,-0.892164
List1Session2,1,2,2,305,50,2,LOWER,3,hon,1,662,nw,nw,rel,1,-0.304318,205,662,662,-0.257463,-0.200814
List1Session2,1,2,2,306,50,2,TIMES,4,murse,1,810,nw,nw,nw,1,0.782942,205,810,810,1.016934,1.301386
List1Session2,1,2,2,307,50,1,SPEND,4,purpose,1,665,other,un,nw,1,-0.256369,101,665,665,-0.23553,-0.140271
List1Session2,1,2,2,308,50,2,ONION,2,heak,0,559,nw,nw,un,0,#NULL!,#NULL!,#NULL!,#NULL!,#NULL!,#NULL!
List1Session2,1,2,2,309,50,1,WEIGHTS,2,workout,1,646,other,rel,nw,1,-0.373089,101,646,646,-0.358777,-0.290157
List1Session2,1,2,2,310,50,2,CHAMPAGNE,4,prother,1,652,nw,nw,rel,1,-0.377782,205,652,652,-0.343571,-0.302314
List1Session2,1,2,2,311,50,2,PASTA,3,sarm,1,561,nw,nw,nw,1,-1.0463,205,561,561,-1.127153,-1.225964
List1Session2,1,2,2,312,50,2,MESSAGE,1,loney,1,858,nw,nw,nw,1,1.135567,205,858,858,1.430252,1.788587
List1Session2,1,2,2,313,50,2,CUDDLE,4,apimal,1,614,nw,nw,nw,1,-0.656943,205,614,614,-0.670781,-0.688014
List1Session2,1,2,2,314,50,1,CAPTIVE,3,candy,1,798,first,un,nw,1,0.193048,103,798,798,0.490615,0.594962
List1Session2,1,2,2,315,50,1,DYNAMITE,3,maybe,1,781,first,un,un,1,0.131172,103,781,781,0.396638,0.490495
List1Session2,1,2,2,316,50,2,GIVING,4,powen,1,734,nw,nw,un,1,0.224619,205,734,734,0.362514,0.529986
List1Session2,1,2,2,317,50,1,JUSTIFY,4,fraternity,1,1152,other,un,nw,1,2.735337,101,#NULL!,1152,#NULL!,2.92347
List1Session2,1,2,2,318,50,1,INERTIA,3,telephone,1,688,first,un,un,1,-0.207324,103,688,688,-0.117471,-0.081004
List1Session2,1,2,2,319,50,1,LENIENT,4,loose,1,644,other,un,un,1,-0.385375,101,644,644,-0.37175,-0.305934
List1Session2,1,2,2,320,50,1,ACCELERATE,3,drugs,1,474,first,un,un,1,-0.986229,103,474,474,-1.300476,-1.396067
List1Session2,1,2,2,321,50,2,SUBSTANCE,2,hoir,1,646,nw,nw,un,1,-0.42186,205,646,646,-0.395235,-0.363214
List1Session2,1,2,2,322,50,2,EXIT,3,gend,1,1227,nw,nw,nw,1,3.846373,205,#NULL!,#NULL!,#NULL!,#NULL!
List1Session2,1,2,2,323,50,1,HOPE,1,glory,1,649,first,rel,nw,1,-0.349274,103,649,649,-0.333066,-0.320665
List1Session2,1,2,2,324,50,2,FAST,3,kunch,1,654,nw,nw,rel,1,-0.363089,205,654,654,-0.326349,-0.282014
List1Session2,1,2,2,325,50,2,MEDIEVAL,2,plup,1,739,nw,nw,nw,1,0.261351,205,739,739,0.405568,0.580736
List1Session2,1,2,2,326,50,2,VODKA,4,nighp,1,789,nw,nw,nw,1,0.628669,205,789,789,0.836108,1.088236
List1Session2,1,2,2,327,50,1,ENTER,4,cure,1,966,other,un,nw,1,1.592714,101,966,966,1.716952,2.234232
List1Session2,1,2,2,328,50,1,TRAIL,1,path,1,2142,first,rel,un,1,5.084861,103,#NULL!,#NULL!,#NULL!,#NULL!
List1Session2,1,2,2,329,50,1,PORT,2,ship,1,583,other,rel,rel,1,-0.760106,101,583,583,-0.767436,-0.787146
List1Session2,1,2,2,330,50,2,WARRIOR,3,tolether,1,1182,nw,nw,rel,1,3.515787,205,#NULL!,#NULL!,#NULL!,#NULL!
List1Session2,1,2,2,331,50,2,PRICKLY,3,piw,1,622,nw,nw,nw,1,-0.598173,205,622,622,-0.601894,-0.606814
List1Session2,1,2,2,332,50,1,BINDER,1,folder,1,629,first,rel,nw,1,-0.422069,103,629,629,-0.443627,-0.443568
List1Session2,1,2,2,333,50,2,TOPPING,3,pute,1,651,nw,nw,rel,1,-0.385128,205,651,651,-0.352181,-0.312464
List1Session2,1,2,2,334,50,2,LIVE,2,yoll,1,609,nw,nw,nw,1,-0.693675,205,609,609,-0.713835,-0.738764
List1Session2,1,2,2,335,50,1,COMPANION,4,ill,1,599,other,un,nw,1,-0.661816,101,599,599,-0.66365,-0.660926
List1Session2,1,2,2,336,50,1,CHICKEN,1,soup,1,543,first,rel,un,1,-0.735086,103,543,543,-0.91904,-0.972051
List1Session2,1,2,2,337,50,2,DART,2,andle,1,711,nw,nw,rel,1,0.055653,205,711,711,0.164466,0.296536
List1Session2,1,2,2,338,50,2,POCKETBOOK,1,fote,1,650,nw,nw,nw,1,-0.392475,205,650,650,-0.360792,-0.322614
List1Session2,1,2,2,339,50,1,PACKAGE,4,guilt,1,656,other,un,nw,1,-0.311658,101,656,656,-0.29391,-0.21127
List1Session2,1,2,2,340,50,1,DIP,3,action,1,1508,first,un,un,1,2.777264,103,#NULL!,1508,#NULL!,4.415538
List1Session2,1,2,2,341,50,2,EXCEDRIN,4,clow,1,1127,nw,nw,un,1,3.111737,205,#NULL!,#NULL!,#NULL!,#NULL!
List1Session2,1,2,2,342,50,2,BENT,2,pronect,1,650,nw,nw,nw,1,-0.392475,205,650,650,-0.360792,-0.322614
List1Session2,1,2,2,343,50,2,SECLUDED,4,troperty,1,639,nw,nw,nw,1,-0.473284,205,639,639,-0.455511,-0.434264
List1Session2,1,2,2,344,50,1,MAKE,1,do,0,980,first,rel,nw,0,#NULL!,#NULL!,#NULL!,#NULL!,#NULL!,#NULL!
List1Session2,1,2,2,345,50,2,FRENCH,3,trooked,1,860,nw,nw,rel,1,1.15026,205,860,860,1.447474,1.808887
List1Session2,1,2,2,346,50,1,SUMMARY,4,new,1,921,other,un,nw,1,1.316273,101,921,921,1.425053,1.87924
List1Session2,1,2,2,347,50,1,NERVES,4,deaf,1,802,other,un,un,1,0.58524,101,802,802,0.653141,0.940483
List1Session2,1,2,2,348,50,1,BEYOND,4,pride,1,657,other,un,un,1,-0.305515,101,657,657,-0.287424,-0.203381
List1Session2,1,2,2,349,50,1,BALL,1,bat,1,662,first,rel,un,1,-0.301957,103,662,662,-0.261201,-0.240778
List1Session2,1,2,2,350,50,2,FOLLOW,4,staghemti,1,618,nw,nw,rel,1,-0.627558,205,618,618,-0.636337,-0.647414
List1Session2,1,2,2,351,50,1,AWESOME,4,circus,1,609,other,un,nw,1,-0.600385,101,609,609,-0.598783,-0.582039
List1Session2,1,2,2,352,50,1,GREATEST,4,always,1,616,other,un,un,1,-0.557383,101,616,616,-0.553376,-0.526818
List1Session2,1,2,2,353,50,2,BUTTON,2,unlerspand,1,686,nw,nw,un,1,-0.128006,205,686,686,-0.050804,0.042786
List1Session2,1,2,2,354,50,1,SHORTCAKE,1,strawberry,1,674,first,rel,nw,1,-0.25828,103,674,674,-0.194864,-0.167036
List1Session2,1,2,2,355,50,1,STRIP,1,naked,1,662,first,rel,rel,1,-0.301957,103,662,662,-0.261201,-0.240778
List1Session2,1,2,2,356,50,1,YUMMY,4,rain,1,620,other,un,rel,1,-0.53281,101,620,620,-0.52743,-0.495263
List1Session2,1,2,2,357,50,2,NAUSEOUS,2,pind,1,737,nw,nw,un,1,0.246658,205,737,737,0.388347,0.560436
List1Session2,1,2,2,358,50,1,CARBON,2,atom,1,786,other,rel,nw,1,0.48695,101,786,786,0.549355,0.814263
List1Session2,1,2,2,359,50,2,UNIFORM,1,preathe,1,706,nw,nw,rel,1,0.018921,205,706,706,0.121412,0.245786
List1Session2,1,2,2,360,50,2,LOG,2,manters,1,646,nw,nw,nw,1,-0.42186,205,646,646,-0.395235,-0.363214
List1Session2,1,2,2,361,50,2,CORPORAL,1,porward,1,763,nw,nw,nw,1,0.437664,205,763,763,0.612227,0.824336
List1Session2,1,2,2,362,50,2,PARADISE,1,cetemony,1,684,nw,nw,nw,1,-0.142698,205,684,684,-0.068025,0.022486
List1Session2,1,2,2,363,50,1,HERB,2,garden,1,592,other,rel,nw,1,-0.704818,101,592,592,-0.709056,-0.716147
List1Session2,1,2,2,364,50,1,FLOAT,3,control,1,616,first,un,rel,1,-0.469385,103,616,616,-0.515492,-0.523455
List1Session2,1,2,2,365,50,1,CHECKING,1,account,1,526,first,rel,un,1,-0.796962,103,526,526,-1.013017,-1.076519
List1Session2,1,2,2,366,50,1,ELF,1,santa,1,615,first,rel,rel,1,-0.473025,103,615,615,-0.52102,-0.5296
List1Session2,1,2,2,367,50,2,OREGANO,3,weirn,1,670,nw,nw,rel,1,-0.245547,205,670,670,-0.188576,-0.119614
List1Session2,1,2,2,368,50,1,SILLY,2,crazy,1,626,other,rel,nw,1,-0.495952,101,626,626,-0.48851,-0.447931
List1Session2,1,2,2,369,50,2,TRY,1,drin,1,601,nw,nw,rel,1,-0.752446,205,601,601,-0.782721,-0.819964
List1Session2,1,2,2,370,50,2,DELIVER,4,girm,1,656,nw,nw,nw,1,-0.348396,205,656,656,-0.309127,-0.261714
List1Session2,1,2,2,371,50,2,PRESTIGE,3,beag,1,725,nw,nw,nw,1,0.158502,205,725,725,0.285017,0.438636
List1Session2,1,2,2,372,50,1,EXPRESS,2,say,1,598,other,rel,nw,1,-0.667959,101,598,598,-0.670136,-0.668815
List1Session2,1,2,2,373,50,1,ENJOY,2,life,1,734,other,rel,rel,1,0.167507,101,734,734,0.212049,0.40405
List1Session2,1,2,2,374,50,2,NOON,1,lomster,1,592,nw,nw,rel,1,-0.818563,205,592,592,-0.860218,-0.911314
List1Session2,1,2,2,375,50,1,BOTTOM,4,park,1,695,other,un,nw,1,-0.072075,101,695,695,-0.040931,0.09639
List1Session2,1,2,2,376,50,1,ACRE,3,vanish,1,681,first,un,un,1,-0.232802,103,681,681,-0.156168,-0.12402
List1Session2,1,2,2,377,50,2,CAPTURE,2,dountry,1,606,nw,nw,un,1,-0.715714,205,606,606,-0.739667,-0.769214
List1Session2,1,2,2,378,50,2,SHEEP,1,enectripity,1,869,nw,nw,nw,1,1.216377,205,869,869,1.524971,1.900237
List1Session2,1,2,2,379,50,1,MERIT,3,dance,1,689,first,un,nw,1,-0.203684,103,689,689,-0.111943,-0.074859
List1Session2,1,2,2,380,50,1,GANDER,1,goose,1,693,first,rel,un,1,-0.189125,103,693,693,-0.089831,-0.050279
List1Session2,1,2,2,381,50,1,WALL,2,picture,1,632,other,rel,rel,1,-0.459093,101,632,632,-0.44959,-0.400599
List1Session2,1,2,2,382,50,2,PAPER,4,sheve,1,782,nw,nw,rel,1,0.577244,205,782,782,0.775832,1.017186
List1Session2,1,2,2,383,50,1,THERE,3,chocolate,1,1422,first,un,nw,1,2.464247,103,1422,1422,3.940125,4.429537
List1Session2,1,2,2,384,50,1,NECK,4,novice,1,996,other,un,un,1,1.777008,101,996,996,1.911552,2.470893
List1Session2,1,2,2,385,50,2,COMPOSE,4,bajor,1,683,nw,nw,un,1,-0.150045,205,683,683,-0.076636,0.012336
List1Session2,1,2,2,386,50,1,UNCLEAR,2,fog,1,1183,other,rel,nw,1,2.925774,101,#NULL!,1183,#NULL!,3.124556
List1Session2,1,2,2,387,50,2,COZY,1,panent,1,864,nw,nw,rel,1,1.179646,205,864,864,1.481917,1.849487
List1Session2,1,2,2,388,50,2,BURST,1,cimy,1,1052,nw,nw,nw,1,2.56076,205,#NULL!,1052,#NULL!,3.100746
List1Session2,1,2,2,389,50,2,ECONOMY,4,dok,1,738,nw,nw,nw,1,0.254005,205,738,738,0.396957,0.570586
List1Session2,1,2,2,390,50,2,LOCATION,4,beeb,1,723,nw,nw,nw,1,0.143809,205,723,723,0.267796,0.418336
List1Session2,1,2,2,391,50,2,COPPER,3,snab,1,614,nw,nw,nw,1,-0.656943,205,614,614,-0.670781,-0.688014
List1Session2,1,2,2,392,50,1,OPEN,3,smudge,1,861,first,un,nw,1,0.422351,103,861,861,0.838883,0.982107
List1Session2,1,2,2,393,50,1,GIGGLE,3,clean,1,586,first,un,un,1,-0.578578,103,586,586,-0.681333,-0.70781
List1Session2,1,2,2,394,50,2,LOTS,3,bife,1,768,nw,nw,un,1,0.474395,205,768,768,0.655281,0.875086
List1Session2,1,2,2,395,50,2,COMPULSION,3,toet,1,672,nw,nw,nw,1,-0.230855,205,672,672,-0.171355,-0.099314
List1Session2,1,2,2,396,50,2,GRAVEL,3,speeg,1,596,nw,nw,nw,1,-0.789178,205,596,596,-0.825775,-0.870714
List1Session2,1,2,2,397,50,2,PRECIPICE,4,pevil,1,907,nw,nw,nw,1,1.495539,205,907,907,1.852181,2.285937
List1Session2,1,2,2,398,50,2,INTERRUPT,3,spime,1,566,nw,nw,nw,1,-1.009568,205,566,566,-1.084099,-1.175214
List1Session2,1,2,2,399,50,2,TEACHER,4,oub,1,574,nw,nw,nw,1,-0.950798,205,574,574,-1.015212,-1.094014
List1Session2,1,2,2,400,50,2,SET,4,fush,1,855,nw,nw,nw,1,1.113528,205,855,855,1.40442,1.758137
List1Session2,1,2,2,401,50,1,FASCISM,1,communism,0,1014,first,rel,nw,0,#NULL!,#NULL!,#NULL!,#NULL!,#NULL!,#NULL!
List1Session2,1,2,2,402,50,2,RAISIN,3,chaid,1,813,nw,nw,rel,1,0.804981,205,813,813,1.042767,1.331836
List1Session2,1,2,2,403,50,2,NEWSSTAND,4,poving,1,779,nw,nw,nw,1,0.555205,205,779,779,0.75,0.986736
List1Session2,1,2,2,404,50,1,FLUNK,4,fork,1,892,other,un,nw,1,1.138122,101,892,892,1.23694,1.650467
List1Session2,1,2,2,405,50,2,PARADE,4,noj,1,807,nw,nw,un,1,0.760903,205,807,807,0.991102,1.270936
List1Session2,1,2,2,406,50,1,EXPRESSION,2,emotion,1,998,other,rel,nw,1,1.789294,101,998,998,1.924525,2.486671
List1Session2,1,2,2,407,50,1,MARGIN,4,public,1,798,other,un,rel,1,0.560667,101,798,798,0.627195,0.908928
List1Session2,1,2,2,408,50,2,ENVY,2,chetistry,1,750,nw,nw,un,1,0.342161,205,750,750,0.500287,0.692386
List1Session2,1,2,2,409,50,1,FLAKE,1,corn,1,926,first,rel,nw,1,0.658935,103,926,926,1.198207,1.381542
List1Session2,1,2,2,410,50,2,ABLE,3,sare,1,1128,nw,nw,rel,1,3.119083,205,#NULL!,#NULL!,#NULL!,#NULL!
List1Session2,1,2,2,411,50,1,FLEXIBLE,3,wait,1,986,first,un,nw,1,0.877319,103,986,986,1.529891,1.750251
List1Session2,1,2,2,412,50,1,STY,2,sly,1,722,other,rel,un,1,0.093789,101,722,722,0.134209,0.309386
List1Session2,1,2,2,413,50,2,SWAN,2,korgive,1,821,nw,nw,rel,1,0.863752,205,821,821,1.111653,1.413036
List1Session2,1,2,2,414,50,1,COMPLICATED,2,simple,1,643,other,rel,nw,1,-0.391518,101,643,643,-0.378237,-0.313823
List1Session2,1,2,2,415,50,2,SAVIOR,2,spress,1,793,nw,nw,rel,1,0.658054,205,793,793,0.870551,1.128836
List1Session2,1,2,2,416,1050,2,SWISS,3,rofes,1,951,nw,nw,nw,1,1.153433,205,951,951,1.588953,1.588953
List1Session2,1,2,2,417,1050,2,LACE,3,ative,1,632,nw,nw,nw,1,-0.600031,205,632,632,-0.654503,-0.654503
List1Session2,1,2,2,418,1050,1,SOCK,1,shoe,1,582,first,rel,nw,1,-0.765405,100,582,582,-0.86377,-0.882186
List1Session2,1,2,2,419,1050,2,TALENT,4,sporm,1,645,nw,nw,rel,1,-0.528573,205,645,645,-0.563077,-0.563077
List1Session2,1,2,2,420,1050,2,ORCHESTRA,2,nase,1,675,nw,nw,nw,1,-0.363671,205,675,675,-0.352094,-0.352094
List1Session2,1,2,2,421,1050,1,OBOE,2,flute,1,623,other,rel,nw,1,-0.498935,104,623,623,-0.4902,-0.4778
List1Session2,1,2,2,422,1050,2,INITIAL,1,pagger,1,589,nw,nw,rel,1,-0.836391,205,589,589,-0.956912,-0.956912
List1Session2,1,2,2,423,1050,2,PIPE,4,vod,1,589,nw,nw,nw,1,-0.836391,205,589,589,-0.956912,-0.956912
List1Session2,1,2,2,424,1050,2,CHANCE,1,som,1,604,nw,nw,nw,1,-0.75394,205,604,604,-0.851421,-0.851421
List1Session2,1,2,2,425,1050,1,INVALID,2,wheelchair,1,699,other,rel,nw,1,0.089308,104,699,699,0.179999,0.281247
List1Session2,1,2,2,426,1050,2,PROTESTANT,3,setate,1,598,nw,nw,rel,1,-0.786921,205,598,598,-0.893617,-0.893617
List1Session2,1,2,2,427,1050,2,BLOCKS,2,jimp,1,836,nw,nw,nw,1,0.521307,205,836,836,0.780183,0.780183
List1Session2,1,2,2,428,1050,1,PINT,1,quart,1,618,first,rel,nw,1,-0.526133,100,618,618,-0.544687,-0.541877
List1Session2,1,2,2,429,1050,2,BOG,2,kail,1,681,nw,nw,rel,1,-0.33069,205,681,681,-0.309897,-0.309897
List1Session2,1,2,2,430,1050,1,CONSCIOUS,2,aware,1,773,other,rel,nw,1,0.662071,104,773,773,0.832562,1.020319
List1Session2,1,2,2,431,1050,1,REGULAR,3,copy,1,557,first,un,rel,1,-0.931566,100,557,557,-1.085354,-1.118513
List1Session2,1,2,2,432,1050,1,GLARE,3,ape,1,782,first,un,un,1,0.563884,100,782,782,0.908909,1.008424
List1Session2,1,2,2,433,1050,1,SLAVE,4,sorority,1,775,other,un,un,1,0.677551,104,775,775,0.850199,1.040294
List1Session2,1,2,2,434,1050,2,ANNOYING,1,renipe,1,606,nw,nw,un,1,-0.742946,205,606,606,-0.837355,-0.837355
List1Session2,1,2,2,435,1050,1,BLUBBER,4,empty,1,573,other,un,nw,1,-0.885937,104,573,573,-0.931121,-0.977173
List1Session2,1,2,2,436,1050,2,RIDICULE,4,croth,1,893,nw,nw,un,1,0.834622,205,893,893,1.181052,1.181052
List1Session2,1,2,2,437,1050,2,PISSED,1,dinide,1,688,nw,nw,nw,1,-0.292213,205,688,688,-0.260668,-0.260668
List1Session2,1,2,2,438,1050,1,TEMPER,1,tantrum,1,893,first,rel,nw,1,1.30164,100,893,893,1.892746,2.057713
List1Session2,1,2,2,439,1050,1,DEFINE,3,enough,1,816,first,un,rel,1,0.789863,100,816,816,1.210264,1.329828
List1Session2,1,2,2,440,1050,1,SHIFT,3,here,1,678,first,un,un,1,-0.127346,100,678,678,-0.012884,0.025307
List1Session2,1,2,2,441,1050,1,SEARCH,4,web,1,531,other,un,un,1,-1.211019,104,531,531,-1.301494,-1.396647
List1Session2,1,2,2,442,1050,2,DAILY,2,soud,1,852,nw,nw,un,1,0.609255,205,852,852,0.892708,0.892708
List1Session2,1,2,2,443,1050,1,FEATURE,4,boots,1,569,other,un,nw,1,-0.916897,104,569,569,-0.966394,-1.017123
List1Session2,1,2,2,444,1050,1,BREEZE,3,tent,1,585,first,un,un,1,-0.745465,100,585,585,-0.837179,-0.853827
List1Session2,1,2,2,445,1050,1,CAULIFLOWER,1,broccoli,1,729,first,rel,un,1,0.211623,100,729,729,0.439149,0.507412
List1Session2,1,2,2,446,1050,1,DUCKS,3,fair,1,707,first,un,rel,1,0.065401,100,707,707,0.244154,0.299445
List1Session2,1,2,2,447,1050,1,KITCHEN,1,cook,1,638,first,rel,un,1,-0.393204,100,638,638,-0.36742,-0.352816
List1Session2,1,2,2,448,1050,2,PETROLEUM,2,quank,1,891,nw,nw,rel,1,0.823628,205,891,891,1.166986,1.166986
List1Session2,1,2,2,449,1050,2,PANTS,2,eshpray,1,638,nw,nw,nw,1,-0.56705,205,638,638,-0.612306,-0.612306
List1Session2,1,2,2,450,1050,2,DYNASTY,4,brish,1,603,nw,nw,nw,1,-0.759437,205,603,603,-0.858454,-0.858454
List1Session2,1,2,2,451,1050,1,PARDON,1,excuse,1,682,first,rel,nw,1,-0.10076,100,682,682,0.02257,0.063119
List1Session2,1,2,2,452,1050,1,STRING,4,sing,1,678,other,un,rel,1,-0.073233,104,678,678,-0.005187,0.07151
List1Session2,1,2,2,453,1050,1,BOUILLON,2,square,1,514,other,rel,un,1,-1.3426,104,514,514,-1.451407,-1.566433
List1Session2,1,2,2,454,1050,2,WORTHLESS,3,finter,1,612,nw,nw,rel,1,-0.709966,205,612,612,-0.795159,-0.795159
List1Session2,1,2,2,455,1050,1,BASHFUL,3,marker,1,628,first,un,nw,1,-0.459668,100,628,628,-0.456054,-0.447346
List1Session2,1,2,2,456,1050,2,RODENT,2,shopel,1,786,nw,nw,un,1,0.246469,205,786,786,0.428545,0.428545
List1Session2,1,2,2,457,1050,2,HEAVY,2,mear,1,808,nw,nw,nw,1,0.367398,205,808,808,0.583266,0.583266
List1Session2,1,2,2,458,1050,2,LEADER,1,var,1,895,nw,nw,nw,1,0.845615,205,895,895,1.195117,1.195117
List1Session2,1,2,2,459,1050,1,SURPRISE,4,field,1,738,other,un,nw,1,0.39117,104,738,738,0.523917,0.670758
List1Session2,1,2,2,460,1050,1,UNHAPPY,2,worry,1,717,other,rel,un,1,0.228629,104,717,717,0.338731,0.461021
List1Session2,1,2,2,461,1050,2,APPEAL,2,rull,1,1095,nw,nw,rel,1,1.944966,205,1095,1095,2.601672,2.601672
List1Session2,1,2,2,462,1050,2,LIGHTNING,3,boaf,1,1554,nw,nw,nw,1,4.467975,205,#NULL!,#NULL!,#NULL!,#NULL!
List1Session2,1,2,2,463,1050,1,ESTEEM,1,self,1,1259,first,rel,nw,1,3.734238,100,#NULL!,#NULL!,#NULL!,#NULL!
List1Session2,1,2,2,464,1050,1,MILDEW,4,above,1,624,other,un,rel,1,-0.491195,104,624,624,-0.481382,-0.467813
List1Session2,1,2,2,465,1050,1,BLOCK,3,against,1,669,first,un,un,1,-0.187164,100,669,669,-0.092654,-0.059771
List1Session2,1,2,2,466,1050,2,TORTOISE,3,vauln,1,569,nw,nw,un,1,-0.946326,205,569,569,-1.097568,-1.097568
List1Session2,1,2,2,467,1050,1,STONED,4,sauce,1,665,other,un,nw,1,-0.173853,104,665,665,-0.119827,-0.058327
List1Session2,1,2,2,468,1050,1,BREAST,2,chest,1,566,other,rel,un,1,-0.940117,104,566,566,-0.99285,-1.047085
List1Session2,1,2,2,469,1050,2,SLIVER,4,teef,1,694,nw,nw,rel,1,-0.259232,205,694,694,-0.218471,-0.218471
List1Session2,1,2,2,470,1050,2,SCREW,1,domefork,1,658,nw,nw,nw,1,-0.457115,205,658,658,-0.471651,-0.471651
List1Session2,1,2,2,471,1050,2,PADDY,1,reast,1,575,nw,nw,nw,1,-0.913346,205,575,575,-1.055371,-1.055371
List1Session2,1,2,2,472,1050,1,WARY,3,adventure,1,718,first,un,nw,1,0.138512,100,718,718,0.341652,0.403429
List1Session2,1,2,2,473,1050,2,AIM,2,weighm,1,696,nw,nw,un,1,-0.248239,205,696,696,-0.204405,-0.204405
List1Session2,1,2,2,474,1050,1,CLEVER,2,stupid,1,611,other,rel,nw,1,-0.591816,104,611,611,-0.596021,-0.59765
List1Session2,1,2,2,475,1050,2,CHAIRPERSON,3,guipar,1,691,nw,nw,rel,1,-0.275722,205,691,691,-0.239569,-0.239569
List1Session2,1,2,2,476,1050,1,HARMONY,4,middle,1,1102,other,un,nw,1,3.208545,104,#NULL!,#NULL!,#NULL!,#NULL!
List1Session2,1,2,2,477,1050,1,BRAIN,4,caring,1,664,other,un,un,1,-0.181593,104,664,664,-0.128645,-0.068314
List1Session2,1,2,2,478,1050,1,SQUASH,4,reef,1,838,other,un,un,1,1.165174,104,838,838,1.405759,1.669504
List1Session2,1,2,2,479,1050,2,STUCK,4,waton,1,922,nw,nw,un,1,0.994027,205,922,922,1.385002,1.385002
List1Session2,1,2,2,480,1050,1,LEGAL,1,illegal,1,668,first,rel,nw,1,-0.19381,100,668,668,-0.101518,-0.069224
List1Session2,1,2,2,481,1050,1,PLUSH,2,carpet,1,568,other,rel,rel,1,-0.924637,104,568,568,-0.975213,-1.02711
List1Session2,1,2,2,482,1050,1,TRUST,4,cloudy,1,649,other,un,rel,1,-0.297694,104,649,649,-0.260921,-0.218126
List1Session2,1,2,2,483,1050,2,LIQUID,2,spream,1,662,nw,nw,un,1,-0.435128,205,662,662,-0.44352,-0.44352
List1Session2,1,2,2,484,1050,2,ME,3,unentloymen,1,819,nw,nw,nw,1,0.427862,205,819,819,0.660626,0.660626
List1Session2,1,2,2,485,1050,2,SEMESTER,2,plint,1,554,nw,nw,nw,1,-1.028778,205,554,554,-1.20306,-1.20306
List1Session2,1,2,2,486,1050,2,LIP,4,dypnotize,1,651,nw,nw,nw,1,-0.495593,205,651,651,-0.52088,-0.52088
List1Session2,1,2,2,487,1050,2,KLEENEX,3,cleab,1,567,nw,nw,nw,1,-0.95732,205,567,567,-1.111634,-1.111634
List1Session2,1,2,2,488,1050,2,HUNT,4,prinbe,1,599,nw,nw,nw,1,-0.781424,205,599,599,-0.886585,-0.886585
List1Session2,1,2,2,489,1050,2,PERCH,2,wook,1,694,nw,nw,nw,1,-0.259232,205,694,694,-0.218471,-0.218471
List1Session2,1,2,2,490,1050,2,GAUGE,4,shonk,1,929,nw,nw,nw,1,1.032505,205,929,929,1.434232,1.434232
List1Session2,1,2,2,491,1050,1,HOBO,1,bum,1,1076,first,rel,nw,1,2.517939,100,#NULL!,1076,#NULL!,3.514747
List1Session2,1,2,2,492,1050,2,BULLOCK,2,elegen,1,688,nw,nw,rel,1,-0.292213,205,688,688,-0.260668,-0.260668
List1Session2,1,2,2,493,1050,1,THREAT,1,scare,1,780,first,rel,nw,1,0.550591,100,780,780,0.891182,0.989518
List1Session2,1,2,2,494,1050,2,CHARCOAL,3,bim,1,564,nw,nw,rel,1,-0.97381,205,564,564,-1.132732,-1.132732
List1Session2,1,2,2,495,1050,1,IMITATE,3,train,1,628,first,un,nw,1,-0.459668,100,628,628,-0.456054,-0.447346
List1Session2,1,2,2,496,1050,2,HEADING,1,shoke,1,866,nw,nw,un,1,0.686209,205,866,866,0.991167,0.991167
List1Session2,1,2,2,497,1050,1,NICOTINE,3,borrow,1,694,first,un,nw,1,-0.021003,100,694,694,0.12893,0.176555
List1Session2,1,2,2,498,1050,1,CRATER,2,zit,1,706,other,rel,un,1,0.143488,104,706,706,0.241728,0.351159
List1Session2,1,2,2,499,1050,1,TOTAL,2,all,1,604,other,rel,rel,1,-0.645996,104,604,604,-0.65775,-0.667562
List1Session2,1,2,2,500,1050,1,INFORMATION,3,close,1,652,first,un,rel,1,-0.300153,100,652,652,-0.243332,-0.220473
List1Session2,1,2,2,501,1050,1,HIKE,1,walk,1,570,first,rel,un,1,-0.845162,100,570,570,-0.97013,-0.995623
List1Session2,1,2,2,502,1050,2,PLAQUE,2,latience,1,1194,nw,nw,rel,1,2.489144,205,1194,1194,3.297917,3.297917
List1Session2,1,2,2,503,1050,1,SPATULA,4,student,1,531,other,un,nw,1,-1.211019,104,531,531,-1.301494,-1.396647
List1Session2,1,2,2,504,1050,2,BANJO,1,newpon,1,629,nw,nw,un,1,-0.616521,205,629,629,-0.675601,-0.675601
List1Session2,1,2,2,505,1050,2,DUE,4,actmess,1,643,nw,nw,nw,1,-0.539567,205,643,643,-0.577143,-0.577143
List1Session2,1,2,2,506,1050,2,EVIL,4,noetry,1,528,nw,nw,nw,1,-1.171693,205,528,528,-1.385912,-1.385912
List1Session2,1,2,2,507,1050,2,TROPICAL,2,accuve,1,706,nw,nw,nw,1,-0.193271,205,706,706,-0.134078,-0.134078
List1Session2,1,2,2,508,1050,1,PUBLISHER,4,lid,1,829,other,un,nw,1,1.095514,104,829,829,1.326393,1.579617
List1Session2,1,2,2,509,1050,2,FORBIDDEN,2,dorst,1,515,nw,nw,un,1,-1.243151,205,515,515,-1.477338,-1.477338
List1Session2,1,2,2,510,1050,2,DAUGHTER,3,exoct,1,566,nw,nw,nw,1,-0.962817,205,566,566,-1.118666,-1.118666
List1Session2,1,2,2,511,1050,1,BACKBONE,1,spine,1,646,first,rel,nw,1,-0.340032,100,646,646,-0.296512,-0.277191
List1Session2,1,2,2,512,1050,2,SEASONING,1,margain,1,852,nw,nw,rel,1,0.609255,205,852,852,0.892708,0.892708
List1Session2,1,2,2,513,1050,2,EGYPT,1,volpano,1,585,nw,nw,nw,1,-0.858378,205,585,585,-0.985044,-0.985044
List1Session2,1,2,2,514,1050,2,ERUPT,2,gackward,1,521,nw,nw,nw,1,-1.21017,205,521,521,-1.435141,-1.435141
List1Session2,1,2,2,515,1050,1,RUMOR,2,talk,1,650,other,rel,nw,1,-0.289954,104,650,650,-0.252103,-0.208139
List1Session2,1,2,2,516,1050,2,ASH,1,nirls,1,1014,nw,nw,rel,1,1.499729,205,1014,1014,2.032018,2.032018
List1Session2,1,2,2,517,1050,2,EXTRAVAGANT,1,bep,1,661,nw,nw,nw,1,-0.440625,205,661,661,-0.450553,-0.450553
List1Session2,1,2,2,518,1050,1,CUE,4,tell,1,595,other,un,nw,1,-0.715656,104,595,595,-0.737116,-0.757449
List1Session2,1,2,2,519,1050,1,BRIDGE,4,nice,1,658,other,un,un,1,-0.228034,104,658,658,-0.181556,-0.128239
List1Session2,1,2,2,520,1050,2,LOAN,2,maln,1,591,nw,nw,un,1,-0.825398,205,591,591,-0.942847,-0.942847
List1Session2,1,2,2,521,1050,1,TACKLE,2,defense,1,622,other,rel,nw,1,-0.506675,104,622,622,-0.499018,-0.487788
List1Session2,1,2,2,522,1050,2,FUNGI,2,argism,1,652,nw,nw,rel,1,-0.490096,205,652,652,-0.513848,-0.513848
List1Session2,1,2,2,523,1050,2,DISBELIEF,2,eighn,1,665,nw,nw,nw,1,-0.418638,205,665,665,-0.422421,-0.422421
List1Session2,1,2,2,524,1050,1,CARESS,2,soft,1,566,other,rel,nw,1,-0.940117,104,566,566,-0.99285,-1.047085
List1Session2,1,2,2,525,1050,2,ARTERY,3,hountians,1,790,nw,nw,rel,1,0.268456,205,790,790,0.456676,0.456676
List1Session2,1,2,2,526,1050,1,COMPUTE,1,calculate,1,734,first,rel,nw,1,0.244855,100,734,734,0.483466,0.554678
List1Session2,1,2,2,527,1050,1,ESCAPE,4,lemon,1,743,other,un,rel,1,0.42987,104,743,743,0.56801,0.720695
List1Session2,1,2,2,528,1050,1,DETAIL,1,specific,1,610,first,rel,un,1,-0.579304,100,610,610,-0.615595,-0.617501
List1Session2,1,2,2,529,1050,1,CLENCH,2,tighten,1,672,other,rel,rel,1,-0.119673,104,672,672,-0.058098,0.011585
List1Session2,1,2,2,530,1050,2,SUBJECT,1,deen,1,716,nw,nw,rel,1,-0.138304,205,716,716,-0.06375,-0.06375
List1Session2,1,2,2,531,1050,1,ROB,4,sew,1,710,other,un,nw,1,0.174449,104,710,710,0.277002,0.391109
List1Session2,1,2,2,532,1050,2,BULLET,2,frowers,1,1474,nw,nw,un,1,4.028235,205,#NULL!,#NULL!,#NULL!,#NULL!
List1Session2,1,2,2,533,1050,2,FAMOUS,2,serond,1,622,nw,nw,nw,1,-0.654998,205,622,622,-0.724831,-0.724831
List1Session2,1,2,2,534,1050,1,REARRANGE,2,organize,1,700,other,rel,nw,1,0.097048,104,700,700,0.188818,0.291234
List1Session2,1,2,2,535,1050,1,POUNCE,4,cause,1,599,other,un,rel,1,-0.684696,104,599,599,-0.701842,-0.717499
List1Session2,1,2,2,536,1050,2,GEESE,4,bramelet,1,662,nw,nw,un,1,-0.435128,205,662,662,-0.44352,-0.44352
List1Session2,1,2,2,537,1050,1,DOWNSTAIRS,1,upstairs,1,659,first,rel,nw,1,-0.253628,100,659,659,-0.181288,-0.154301
List1Session2,1,2,2,538,1050,1,FUND,2,dollars,1,559,other,rel,rel,1,-0.994298,104,559,559,-1.054578,-1.116998
List1Session2,1,2,2,539,1050,1,EAGLE,2,america,1,784,other,rel,rel,1,0.747212,104,784,784,0.929564,1.130181
List1Session2,1,2,2,540,1050,1,TAX,2,government,1,679,other,rel,rel,1,-0.065493,104,679,679,0.003631,0.081498
List1Session2,1,2,2,541,1050,1,ENGLAND,3,spit,0,739,first,un,rel,0,#NULL!,#NULL!,#NULL!,#NULL!,#NULL!,#NULL!
List1Session2,1,2,2,542,1050,2,MILD,4,linner,1,1117,nw,nw,un,1,2.065894,205,1117,1117,2.756394,2.756394
List1Session2,1,2,2,543,1050,1,APATHY,1,sympathy,1,728,first,rel,nw,1,0.204976,100,728,728,0.430286,0.497959
List1Session2,1,2,2,544,1050,1,ENERGETIC,4,communist,1,722,other,un,rel,1,0.267329,104,722,722,0.382823,0.510958
List1Session2,1,2,2,545,1050,2,SEDATIVE,2,fut,1,603,nw,nw,un,1,-0.759437,205,603,603,-0.858454,-0.858454
List1Session2,1,2,2,546,1050,2,VIRTUE,4,onean,1,650,nw,nw,nw,1,-0.501089,205,650,650,-0.527913,-0.527913
List1Session2,1,2,2,547,1050,2,PADDLE,2,von,1,822,nw,nw,nw,1,0.444352,205,822,822,0.681724,0.681724
List1Session2,1,2,2,548,1050,1,RAG,3,dangerous,1,765,first,un,nw,1,0.450895,100,765,765,0.758231,0.847722
List1Session2,1,2,2,549,1050,1,CRUTCH,3,reason,1,710,first,un,un,1,0.08534,100,710,710,0.270745,0.327804
List1Session2,1,2,2,550,1050,2,PROCEDURE,4,siln,1,720,nw,nw,un,1,-0.116317,205,720,720,-0.035619,-0.035619
List1Session2,1,2,2,551,1050,1,IMPRESSION,2,art,1,571,other,rel,nw,1,-0.901417,104,571,571,-0.948757,-0.997148
List1Session2,1,2,2,552,1050,2,MAGAZINE,1,poothgrush,1,683,nw,nw,rel,1,-0.319697,205,683,683,-0.295831,-0.295831
List1Session2,1,2,2,553,1050,2,SLICE,4,spilb,1,694,nw,nw,nw,1,-0.259232,205,694,694,-0.218471,-0.218471
List1Session2,1,2,2,554,1050,2,INDIAN,4,ip,1,849,nw,nw,nw,1,0.592764,205,849,849,0.871609,0.871609
List1Session2,1,2,2,555,1050,1,WORLD,3,gross,1,759,first,un,nw,1,0.411016,100,759,759,0.705051,0.791004
List1Session2,1,2,2,556,1050,1,IVY,2,vine,1,735,other,rel,un,1,0.36795,104,735,735,0.497462,0.640795
List1Session2,1,2,2,557,1050,2,MOLTEN,4,arleep,1,762,nw,nw,rel,1,0.114547,205,762,762,0.259758,0.259758
List1Session2,1,2,2,558,1050,1,QUESTION,4,dollar,1,642,other,un,nw,1,-0.351874,104,642,642,-0.32265,-0.288038
List1Session2,1,2,2,559,1050,1,GRIP,1,hold,1,736,first,rel,un,1,0.258148,100,736,736,0.501193,0.573584
List1Session2,1,2,2,560,1050,1,BACTERIA,3,foresight,1,840,first,un,rel,1,0.949378,100,840,840,1.422986,1.556701
List1Session2,1,2,2,561,1050,1,AIRPORT,3,leaves,1,654,first,un,un,1,-0.286861,100,654,654,-0.225605,-0.201567
List1Session2,1,2,2,562,1050,1,BREAKFAST,2,cereal,1,602,other,rel,un,1,-0.661476,104,602,602,-0.675387,-0.687537
List1Session2,1,2,2,563,1050,1,CLAIM,1,insurance,1,698,first,rel,rel,1,0.005583,100,698,698,0.164384,0.214368
List1Session2,1,2,2,564,1050,1,JUST,3,reptile,1,789,first,un,rel,1,0.610409,100,789,789,0.970953,1.074595
List1Session2,1,2,2,565,1050,1,FRAUD,2,crime,1,558,other,rel,un,1,-1.002038,104,558,558,-1.063397,-1.126985
List1Session2,1,2,2,566,1050,1,PURCHASE,4,capability,1,718,other,un,rel,1,0.236369,104,718,718,0.347549,0.471009
List1Session2,1,2,2,567,1050,2,FAIRY,4,buvenile,1,681,nw,nw,un,1,-0.33069,205,681,681,-0.309897,-0.309897
List1Session2,1,2,2,568,1050,2,GROUNDS,1,knon,1,900,nw,nw,nw,1,0.873099,205,900,900,1.230281,1.230281
List1Session2,1,2,2,569,1050,1,USUAL,1,unusual,1,807,first,rel,nw,1,0.730045,100,807,807,1.130494,1.24475
List1Session2,1,2,2,570,1050,1,GRASP,4,straight,1,637,other,un,rel,1,-0.390574,104,637,637,-0.366742,-0.337976
List1Session2,1,2,2,571,1050,1,STOCK,1,market,1,556,first,rel,un,1,-0.938212,100,556,556,-1.094218,-1.127966
List1Session2,1,2,2,572,1050,2,SUEDE,3,breab,1,892,nw,nw,rel,1,0.829125,205,892,892,1.174019,1.174019
List1Session2,1,2,2,573,1050,1,DICTATOR,4,lamb,1,656,other,un,nw,1,-0.243514,104,656,656,-0.199192,-0.148214
List1Session2,1,2,2,574,1050,1,FUSS,2,whine,1,588,other,rel,un,1,-0.769836,104,588,588,-0.798844,-0.827361
List1Session2,1,2,2,575,1050,1,DEPTH,2,shallow,1,652,other,rel,rel,1,-0.274474,104,652,652,-0.234466,-0.188164
List1Session2,1,2,2,576,1050,1,PUBLICATION,4,span,1,584,other,un,rel,1,-0.800797,104,584,584,-0.834118,-0.867311
List1Session2,1,2,2,577,1050,1,VEER,2,right,1,776,other,rel,un,1,0.685291,104,776,776,0.859017,1.050281
List1Session2,1,2,2,578,1050,2,SCAR,4,arnist,1,769,nw,nw,rel,1,0.153024,205,769,769,0.308987,0.308987
List1Session2,1,2,2,579,1050,1,COAL,4,wolf,1,586,other,un,nw,1,-0.785317,104,586,586,-0.816481,-0.847336
List1Session2,1,2,2,580,1050,2,DETERMINE,1,vich,1,760,nw,nw,un,1,0.103553,205,760,760,0.245692,0.245692
List1Session2,1,2,2,581,1050,1,HONEST,1,truth,1,594,first,rel,nw,1,-0.685647,100,594,594,-0.757409,-0.76875
List1Session2,1,2,2,582,1050,1,PERSONNEL,4,garbage,1,593,other,un,rel,1,-0.731136,104,593,593,-0.754752,-0.777424
List1Session2,1,2,2,583,1050,2,MINUTE,1,tasher,0,0,nw,nw,un,0,#NULL!,#NULL!,#NULL!,#NULL!,#NULL!,#NULL!
List1Session2,1,2,2,584,1050,2,AMBITION,1,aspistant,1,1710,nw,nw,nw,1,5.325469,205,#NULL!,#NULL!,#NULL!,#NULL!
List1Session2,1,2,2,585,1050,1,BUILDER,1,constructio,1,817,first,rel,nw,1,0.79651,100,817,817,1.219128,1.339281
List1Session2,1,2,2,586,1050,1,BE,3,ten,1,631,first,un,rel,1,-0.439729,100,631,631,-0.429463,-0.418987
List1Session2,1,2,2,587,1050,1,TRANSPLANT,3,last,1,486,first,un,un,1,-1.403463,100,486,486,-1.714655,-1.78968
List1Session2,1,2,2,588,1050,1,THICK,1,thin,1,506,first,rel,un,1,-1.270534,100,506,506,-1.537387,-1.600618
List1Session2,1,2,2,589,1050,2,LICE,2,kog,1,668,nw,nw,rel,1,-0.402148,205,668,668,-0.401323,-0.401323
List1Session2,1,2,2,590,1050,2,FINGERNAIL,3,nyramid,1,808,nw,nw,nw,1,0.367398,205,808,808,0.583266,0.583266
List1Session2,1,2,2,591,1050,2,COMMON,3,proon,1,687,nw,nw,nw,1,-0.297709,205,687,687,-0.2677,-0.2677
List1Session2,1,2,2,592,1050,2,RECKLESS,1,sepretary,1,715,nw,nw,nw,1,-0.1438,205,715,715,-0.070783,-0.070783
List1Session2,1,2,2,593,1050,1,SCRATCH,2,bite,1,597,other,rel,nw,1,-0.700176,104,597,597,-0.719479,-0.737474
List1Session2,1,2,2,594,1050,1,WITHOUT,4,crops,1,565,other,un,rel,1,-0.947857,104,565,565,-1.001668,-1.057073
List1Session2,1,2,2,595,1050,2,SUNDAY,4,spail,1,742,nw,nw,un,1,0.004612,205,742,742,0.119102,0.119102
List1Session2,1,2,2,596,1050,2,FROG,2,boughmut,1,719,nw,nw,nw,1,-0.121813,205,719,719,-0.042652,-0.042652
List1Session2,1,2,2,597,1050,1,SUM,1,add,1,665,first,rel,nw,1,-0.21375,100,665,665,-0.128108,-0.097583
List1Session2,1,2,2,598,1050,2,JOIN,4,prophy,1,597,nw,nw,rel,1,-0.792417,205,597,597,-0.90065,-0.90065
List1Session2,1,2,2,599,1050,2,BRISTLE,3,chalm,1,580,nw,nw,nw,1,-0.885862,205,580,580,-1.020207,-1.020207
List1Session2,1,2,2,600,1050,1,NOISY,3,street,1,613,first,un,nw,1,-0.559365,100,613,613,-0.589004,-0.589142
List1Session2,1,2,2,601,1050,1,PLEAD,1,beg,1,638,first,rel,un,1,-0.393204,100,638,638,-0.36742,-0.352816
List1Session2,1,2,2,602,1050,2,CAVE,4,ob,1,602,nw,nw,rel,1,-0.764933,205,602,602,-0.865486,-0.865486
List1Session2,1,2,2,603,1050,1,TUNNEL,2,under,1,569,other,rel,nw,1,-0.916897,104,569,569,-0.966394,-1.017123
List1Session2,1,2,2,604,1050,2,FANGS,4,dello,1,681,nw,nw,rel,1,-0.33069,205,681,681,-0.309897,-0.309897
List1Session2,1,2,2,605,1050,2,AWE,2,apter,1,853,nw,nw,nw,1,0.614751,205,853,853,0.899741,0.899741
List1Session2,1,2,2,606,1050,1,FRAGILE,4,best,1,618,other,un,nw,1,-0.537635,104,618,618,-0.534292,-0.527737
List1Session2,1,2,2,607,1050,2,PROSE,1,bish,1,744,nw,nw,un,1,0.015605,205,744,744,0.133168,0.133168
List1Session2,1,2,2,608,1050,2,MAN,3,pollar,1,690,nw,nw,nw,1,-0.281219,205,690,690,-0.246602,-0.246602
List1Session2,1,2,2,609,1050,1,DRAWING,4,bean,1,700,other,un,nw,1,0.097048,104,700,700,0.188818,0.291234
List1Session2,1,2,2,610,1050,2,VIVID,1,adreement,1,1127,nw,nw,un,1,2.120862,205,1127,1127,2.826721,2.826721
List1Session2,1,2,2,611,1050,2,MONASTERY,3,dinimum,1,705,nw,nw,nw,1,-0.198768,205,705,705,-0.14111,-0.14111
List1Session2,1,2,2,612,1050,1,CHARACTERISTI,3,look,1,1004,first,un,nw,1,2.039395,100,1004,1004,2.876582,3.107002
List1Session2,1,2,2,613,1050,1,NATURAL,3,booze,1,859,first,un,un,1,1.075661,100,859,859,1.59139,1.736309
List1Session2,1,2,2,614,1050,1,MASTER,3,large,1,559,first,un,un,1,-0.918273,100,559,559,-1.067628,-1.099607
List1Session2,1,2,2,615,1050,2,PITCHFORK,3,fighm,1,593,nw,nw,un,1,-0.814404,205,593,593,-0.928781,-0.928781
List1Session2,1,2,2,616,1050,1,FORCE,2,strength,1,736,other,rel,nw,1,0.37569,104,736,736,0.506281,0.650783
List1Session2,1,2,2,617,1050,2,DIG,1,lantuane,1,714,nw,nw,rel,1,-0.149297,205,714,714,-0.077815,-0.077815
List1Session2,1,2,2,618,1050,1,BOSS,4,environment,1,916,other,un,nw,1,1.768897,104,916,916,2.093595,2.448526
List1Session2,1,2,2,619,1050,1,HIDDEN,1,secret,1,647,first,rel,un,1,-0.333386,100,647,647,-0.287649,-0.267738
List1Session2,1,2,2,620,1050,1,NAIVE,4,outdoors,1,613,other,un,rel,1,-0.576335,104,613,613,-0.578384,-0.577675
List1Session2,1,2,2,621,1050,2,DEPUTY,2,yad,1,707,nw,nw,un,1,-0.187774,205,707,707,-0.127045,-0.127045
List1Session2,1,2,2,622,1050,1,RECOMMEND,4,police,1,622,other,un,nw,1,-0.506675,104,622,622,-0.499018,-0.487788
List1Session2,1,2,2,623,1050,1,RIBS,4,marriage,1,989,other,un,un,1,2.33392,104,989,989,2.737339,3.177611
List1Session2,1,2,2,624,1050,2,RECLINER,3,degs,1,875,nw,nw,un,1,0.73568,205,875,875,1.054462,1.054462
List1Session2,1,2,2,625,1050,2,PLASTER,3,fack,1,864,nw,nw,nw,1,0.675216,205,864,864,0.977101,0.977101
List1Session2,1,2,2,626,1050,2,GOING,3,airtlane,1,757,nw,nw,nw,1,0.087063,205,757,757,0.224594,0.224594
List1Session2,1,2,2,627,1050,2,WICK,3,tebevision,1,749,nw,nw,nw,1,0.043089,205,749,749,0.168332,0.168332
List1Session2,1,2,2,628,1050,2,OBSESSION,3,viomin,1,695,nw,nw,nw,1,-0.253735,205,695,695,-0.211438,-0.211438
List1Session2,1,2,2,629,1050,2,CHAPEL,2,poog,1,1074,nw,nw,nw,1,1.829534,205,1074,1074,2.453984,2.453984
List1Session2,1,2,2,630,1050,2,CANAL,2,aptive,1,910,nw,nw,nw,1,0.928066,205,910,910,1.300609,1.300609
List1Session2,1,2,2,631,1050,2,SPONGE,2,piln,1,609,nw,nw,nw,1,-0.726456,205,609,609,-0.816257,-0.816257
List1Session2,1,2,2,632,1050,2,MISTER,3,nar,1,591,nw,nw,nw,1,-0.825398,205,591,591,-0.942847,-0.942847
List1Session2,1,2,2,633,1050,1,CINNAMON,3,klutz,1,1326,first,un,nw,1,4.17955,100,#NULL!,#NULL!,#NULL!,#NULL!
List1Session2,1,2,2,634,1050,1,FOR,3,exhale,1,849,first,un,un,1,1.009196,100,849,849,1.502756,1.641779
List1Session2,1,2,2,635,1050,2,SHORTS,2,priminal,1,1462,nw,nw,un,1,3.962274,205,#NULL!,#NULL!,#NULL!,#NULL!
List1Session2,1,2,2,636,1050,2,FRAY,4,cleator,1,708,nw,nw,nw,1,-0.182278,205,708,708,-0.120012,-0.120012
List1Session2,1,2,2,637,1050,1,PRACTICE,3,data,1,638,first,un,nw,1,-0.393204,100,638,638,-0.36742,-0.352816
List1Session2,1,2,2,638,1050,1,TRAVEL,4,cheap,1,636,other,un,un,1,-0.398314,104,636,636,-0.375561,-0.347963
List1Session2,1,2,2,639,1050,2,RETREAT,1,peparate,1,664,nw,nw,un,1,-0.424135,205,664,664,-0.429454,-0.429454
List1Session2,1,2,2,640,1050,2,MUCH,4,munishment,1,741,nw,nw,nw,1,-0.000885,205,741,741,0.11207,0.11207
List1Session2,1,2,2,641,1050,2,BLAME,1,clipter,1,702,nw,nw,nw,1,-0.215258,205,702,702,-0.162209,-0.162209
List1Session2,1,2,2,642,1050,2,FAME,3,prient,1,778,nw,nw,nw,1,0.202495,205,778,778,0.372282,0.372282
List1Session2,1,2,2,643,1050,2,NET,4,sprict,1,626,nw,nw,nw,1,-0.633011,205,626,626,-0.6967,-0.6967
List1Session2,1,2,2,644,1050,1,DOUBT,4,temple,1,736,other,un,nw,1,0.37569,104,736,736,0.506281,0.650783
List1Session2,1,2,2,645,1050,2,HAPPINESS,3,gonp,1,826,nw,nw,un,1,0.466339,205,826,826,0.709856,0.709856
List1Session2,1,2,2,646,1050,2,IDEAL,4,emdire,1,895,nw,nw,nw,1,0.845615,205,895,895,1.195117,1.195117
List1Session2,1,2,2,647,1050,2,TUBA,3,groll,1,754,nw,nw,nw,1,0.070573,205,754,754,0.203496,0.203496
List1Session2,1,2,2,648,1050,2,BEAUTY,1,ghosp,1,651,nw,nw,nw,1,-0.495593,205,651,651,-0.52088,-0.52088
List1Session2,1,2,2,649,1050,1,PHRASE,1,sentence,1,727,first,rel,nw,1,0.19833,100,727,727,0.421422,0.488506
List1Session2,1,2,2,650,1050,2,DISORDER,2,dundred,1,866,nw,nw,rel,1,0.686209,205,866,866,0.991167,0.991167
List1Session2,1,2,2,651,1050,1,PUMPKIN,4,shopping,1,822,other,un,nw,1,1.041333,104,822,822,1.264664,1.509705
List1Session2,1,2,2,652,1050,1,CAFE,4,careful,1,733,other,un,un,1,0.35247,104,733,733,0.479825,0.620821
List1Session2,1,2,2,653,1050,2,SHELF,2,eyet,1,679,nw,nw,un,1,-0.341684,205,679,679,-0.323963,-0.323963
List1Session2,1,2,2,654,1050,1,BEE,3,castle,1,626,first,un,nw,1,-0.472961,100,626,626,-0.47378,-0.466252
List1Session2,1,2,2,655,1050,2,NOTICE,1,driming,1,640,nw,nw,un,1,-0.556057,205,640,640,-0.598241,-0.598241
List1Session2,1,2,2,656,1050,2,FORMAL,3,pleaner,1,590,nw,nw,nw,1,-0.830895,205,590,590,-0.94988,-0.94988
List1Session2,1,2,2,657,1050,2,ABSURD,1,mert,1,559,nw,nw,nw,1,-1.001294,205,559,559,-1.167896,-1.167896
List1Session2,1,2,2,658,1050,1,MAILBOX,2,flag,0,767,other,rel,nw,0,#NULL!,#NULL!,#NULL!,#NULL!,#NULL!,#NULL!
List1Session2,1,2,2,659,1050,2,OBVIOUS,4,nate,0,2680,nw,nw,rel,0,#NULL!,#NULL!,#NULL!,#NULL!,#NULL!,#NULL!
List1Session2,1,2,2,660,1050,1,ASCEND,3,tired,1,852,first,un,nw,1,1.029135,100,852,852,1.529346,1.670138
List1Session2,1,2,2,661,1050,1,SCOLD,1,yell,1,1224,first,rel,un,1,3.501613,100,#NULL!,#NULL!,#NULL!,#NULL!
List1Session2,1,2,2,662,1050,2,TACK,1,jea,1,814,nw,nw,rel,1,0.400378,205,814,814,0.625462,0.625462
List1Session2,1,2,2,663,1050,2,SMALL,4,klow,1,917,nw,nw,nw,1,0.966544,205,917,917,1.349838,1.349838
List1Session2,1,2,2,664,1050,2,SOFTBALL,2,perbon,1,663,nw,nw,nw,1,-0.429632,205,663,663,-0.436487,-0.436487
List1Session2,1,2,2,665,1050,2,SPANISH,1,bome,1,532,nw,nw,nw,1,-1.149706,205,532,532,-1.357781,-1.357781
List1Session2,1,2,2,666,1050,1,RULES,4,yours,1,694,other,un,nw,1,0.050608,104,694,694,0.135907,0.23131
List1Session2,1,2,2,667,1050,2,HEDGE,4,pyrup,1,818,nw,nw,un,1,0.422365,205,818,818,0.653593,0.653593
List1Session2,1,2,2,668,1050,1,HISPANIC,3,butter,1,664,first,un,nw,1,-0.220396,100,664,664,-0.136971,-0.107036
List1Session2,1,2,2,669,1050,1,TANK,1,war,1,579,first,rel,un,1,-0.785344,100,579,579,-0.89036,-0.910546
List1Session2,1,2,2,670,1050,2,FOUNDATION,1,swalpow,1,628,nw,nw,rel,1,-0.622018,205,628,628,-0.682634,-0.682634
List1Session2,1,2,2,671,1050,1,BATHROOM,2,bedroom,1,611,other,rel,nw,1,-0.591816,104,611,611,-0.596021,-0.59765
List1Session2,1,2,2,672,1050,1,GREASE,3,massage,1,674,first,un,rel,1,-0.153932,100,674,674,-0.048337,-0.012506
List1Session2,1,2,2,673,1050,1,TIME,3,angry,1,622,first,un,un,1,-0.499547,100,622,622,-0.509234,-0.504064
List1Session2,1,2,2,674,1050,2,HAWAII,2,alrica,1,764,nw,nw,un,1,0.12554,205,764,764,0.273823,0.273823
List1Session2,1,2,2,675,1050,1,METEOR,2,shower,1,661,other,rel,nw,1,-0.204813,104,661,661,-0.1551,-0.098277
List1Session2,1,2,2,676,1050,1,DISALLOW,1,allow,1,849,first,rel,rel,1,1.009196,100,849,849,1.502756,1.641779
List1Session2,1,2,2,677,1050,2,FABLE,4,palue,1,582,nw,nw,rel,1,-0.874869,205,582,582,-1.006142,-1.006142
List1Session2,1,2,2,678,1050,2,DRIVEWAY,2,stap,1,982,nw,nw,nw,1,1.323833,205,982,982,1.806969,1.806969
List1Session2,1,2,2,679,1050,2,EXCEPTIONAL,1,wep,1,646,nw,nw,nw,1,-0.523076,205,646,646,-0.556044,-0.556044
List1Session2,1,2,2,680,1050,2,PRAYER,2,knowmedge,1,804,nw,nw,nw,1,0.345411,205,804,804,0.555134,0.555134
List1Session2,1,2,2,681,1050,2,DISREGARD,3,sharl,1,651,nw,nw,nw,1,-0.495593,205,651,651,-0.52088,-0.52088
List1Session2,1,2,2,682,1050,1,STEEL,3,obstacle,1,744,first,un,nw,1,0.311319,100,744,744,0.5721,0.649208
List1Session2,1,2,2,683,1050,1,ERECT,3,blush,1,673,first,un,un,1,-0.160578,100,673,673,-0.057201,-0.021959
List1Session2,1,2,2,684,1050,2,JURY,4,beminning,1,876,nw,nw,un,1,0.741177,205,876,876,1.061494,1.061494
List1Session2,1,2,2,685,1050,1,SMEAR,3,vacation,1,640,first,un,nw,1,-0.379911,100,640,640,-0.349693,-0.333909
List1Session2,1,2,2,686,1050,1,SUBTRACTION,3,metal,1,510,first,un,un,1,-1.243948,100,510,510,-1.501934,-1.562806
List1Session2,1,2,2,687,1050,2,DEMI,1,dula,0,1362,nw,nw,un,0,#NULL!,#NULL!,#NULL!,#NULL!,#NULL!,#NULL!
List1Session2,1,2,2,688,1050,1,CEMETERY,2,grave,1,1058,other,rel,nw,1,2.867983,104,#NULL!,1058,#NULL!,3.34581
List1Session2,1,2,2,689,1050,2,MUSK,3,biomogy,1,1040,nw,nw,rel,1,1.642644,205,1040,1040,2.21487,2.21487
List1Session2,1,2,2,690,1050,2,COLUMN,1,shirm,1,733,nw,nw,nw,1,-0.044859,205,733,733,0.055807,0.055807
List1Session2,1,2,2,691,1050,2,FIGURE,1,clurch,1,742,nw,nw,nw,1,0.004612,205,742,742,0.119102,0.119102
List1Session2,1,2,2,692,1050,1,DENSE,2,compact,1,768,other,rel,nw,1,0.623371,104,768,768,0.78847,0.970382
List1Session2,1,2,2,693,1050,2,SURFACE,1,mitle,1,904,nw,nw,rel,1,0.895086,205,904,904,1.258412,1.258412
List1Session2,1,2,2,694,1050,2,TENDENCY,3,tand,1,955,nw,nw,nw,1,1.17542,205,955,955,1.617084,1.617084
List1Session2,1,2,2,695,1050,2,CONGRESS,1,apone,1,875,nw,nw,nw,1,0.73568,205,875,875,1.054462,1.054462
List1Session2,1,2,2,696,1050,1,FIGHTER,3,space,1,688,first,un,nw,1,-0.060881,100,688,688,0.07575,0.119837
List1Session2,1,2,2,697,1050,2,RUBBER,1,enepy,1,620,nw,nw,un,1,-0.665992,205,620,620,-0.738896,-0.738896
List1Session2,1,2,2,698,1050,2,RABBI,3,goam,1,713,nw,nw,nw,1,-0.154794,205,713,713,-0.084848,-0.084848
List1Session2,1,2,2,699,1050,2,MISTAKE,4,dabit,1,580,nw,nw,nw,1,-0.885862,205,580,580,-1.020207,-1.020207
List1Session2,1,2,2,700,1050,2,CONTINENT,1,nands,1,596,nw,nw,nw,1,-0.797914,205,596,596,-0.907683,-0.907683
List1Session2,1,2,2,701,1050,2,EGO,3,nuck,1,698,nw,nw,nw,1,-0.237245,205,698,698,-0.19034,-0.19034
List1Session2,1,2,2,702,1050,2,SINGER,3,dirny,1,614,nw,nw,nw,1,-0.698972,205,614,614,-0.781093,-0.781093
List1Session2,1,2,2,703,1050,2,LOBE,3,tollowet,1,629,nw,nw,nw,1,-0.616521,205,629,629,-0.675601,-0.675601
List1Session2,1,2,2,704,1050,2,PRO,1,dinections,1,882,nw,nw,nw,1,0.774157,205,882,882,1.103691,1.103691
List1Session2,1,2,2,705,1050,1,JERK,2,idiot,1,598,other,rel,nw,1,-0.692436,104,598,598,-0.71066,-0.727487
List1Session2,1,2,2,706,1050,1,POLICY,3,decay,0,549,first,un,rel,0,#NULL!,#NULL!,#NULL!,#NULL!,#NULL!,#NULL!
List1Session2,1,2,2,707,1050,2,GRAVITY,2,monshly,1,918,nw,nw,un,1,0.97204,205,918,918,1.356871,1.356871
List1Session2,1,2,2,708,1050,1,LEVER,3,hay,1,632,first,un,nw,1,-0.433082,100,632,632,-0.4206,-0.409534
List1Session2,1,2,2,709,1050,1,SPOOL,4,shell,1,646,other,un,un,1,-0.320914,104,646,646,-0.287377,-0.248089
List1Session2,1,2,2,710,1050,1,UNJUST,1,unfair,1,724,first,rel,un,1,0.178391,100,724,724,0.394832,0.460147
List1Session2,1,2,2,711,1050,2,TRIUMPH,1,soothlaste,1,620,nw,nw,rel,1,-0.665992,205,620,620,-0.738896,-0.738896
List1Session2,1,2,2,712,1050,1,PEARL,2,oyster,1,715,other,rel,nw,1,0.213149,104,715,715,0.321094,0.441046
List1Session2,1,2,2,713,1050,1,FOX,1,hound,1,598,first,rel,rel,1,-0.659061,100,598,598,-0.721955,-0.730938
List1Session2,1,2,2,714,1050,2,BLENDER,4,gug,1,965,nw,nw,rel,1,1.230388,205,965,965,1.687411,1.687411
List1Session2,1,2,2,715,1050,2,GHOUL,1,tavement,1,982,nw,nw,nw,1,1.323833,205,982,982,1.806969,1.806969
List1Session2,1,2,2,716,1050,2,PASTURE,2,gasty,1,598,nw,nw,nw,1,-0.786921,205,598,598,-0.893617,-0.893617
List1Session2,1,2,2,717,1050,2,TRIP,3,chilpren,1,822,nw,nw,nw,1,0.444352,205,822,822,0.681724,0.681724
List1Session2,1,2,2,718,1050,2,ROAST,1,preat,1,619,nw,nw,nw,1,-0.671489,205,619,619,-0.745929,-0.745929
List1Session2,1,2,2,719,1050,2,PASTRY,1,adpective,1,713,nw,nw,nw,1,-0.154794,205,713,713,-0.084848,-0.084848
List1Session2,1,2,2,720,1050,1,SURROUNDING,1,around,1,724,first,rel,nw,1,0.178391,100,724,724,0.394832,0.460147
List1Session2,1,2,2,721,1050,2,STALK,4,topato,1,574,nw,nw,rel,1,-0.918843,205,574,574,-1.062404,-1.062404
List1Session2,1,2,2,722,1050,2,WRESTLING,4,spart,1,862,nw,nw,nw,1,0.664222,205,862,862,0.963036,0.963036
List1Session2,1,2,2,723,1050,2,EYEBROWS,3,vee,1,547,nw,nw,nw,1,-1.067255,205,547,547,-1.252289,-1.252289
List1Session2,1,2,2,724,1050,1,BARRIER,4,ice,1,548,other,un,nw,1,-1.079438,104,548,548,-1.151581,-1.22686
List1Session2,1,2,2,725,1050,1,TESTIFY,2,confess,1,774,other,rel,un,1,0.669811,104,774,774,0.84138,1.030306
List1Session2,1,2,2,726,1050,1,BOLOGNA,2,meat,1,606,other,rel,rel,1,-0.630516,104,606,606,-0.640113,-0.647587
List1Session2,1,2,2,727,1050,1,CREATIVE,2,mind,1,636,other,rel,rel,1,-0.398314,104,636,636,-0.375561,-0.347963
List1Session2,1,2,2,728,1050,2,FRIENDSHIP,2,hiln,1,697,nw,nw,rel,1,-0.242742,205,697,697,-0.197373,-0.197373
List1Session2,1,2,2,729,1050,1,SHIVER,2,shake,1,693,other,rel,nw,1,0.042868,104,693,693,0.127089,0.221322
List1Session2,1,2,2,730,1050,2,CURTAINS,4,repord,1,592,nw,nw,rel,1,-0.819901,205,592,592,-0.935814,-0.935814
List1Session2,1,2,2,731,1050,2,CAPACITY,1,driter,1,591,nw,nw,nw,1,-0.825398,205,591,591,-0.942847,-0.942847
List1Session2,1,2,2,732,1050,2,ORDINARY,1,pwelve,1,688,nw,nw,nw,1,-0.292213,205,688,688,-0.260668,-0.260668
List1Session2,1,2,2,733,1050,1,HYPOTHESIS,3,party,1,811,first,un,nw,1,0.756631,100,811,811,1.165947,1.282563
List1Session2,1,2,2,734,1050,2,STRIPES,2,scaved,1,816,nw,nw,un,1,0.411372,205,816,816,0.639528,0.639528
List1Session2,1,2,2,735,1050,1,BRUISE,2,knee,1,615,other,rel,nw,1,-0.560855,104,615,615,-0.560747,-0.5577
List1Session2,1,2,2,736,1050,1,MAJORITY,2,most,1,662,other,rel,rel,1,-0.197073,104,662,662,-0.146282,-0.088289
List1Session2,1,2,2,737,1050,2,FIREPLACE,4,riniculous,1,787,nw,nw,rel,1,0.251966,205,787,787,0.435577,0.435577
List1Session2,1,2,2,738,1050,1,GARLIC,4,show,1,506,other,un,nw,1,-1.40452,104,506,506,-1.521954,-1.646333
List1Session2,1,2,2,739,1050,1,POEM,1,rhyme,1,653,first,rel,un,1,-0.293507,100,653,653,-0.234469,-0.21102
List1Session2,1,2,2,740,1050,1,SERIOUS,4,pretty,1,666,other,un,rel,1,-0.166113,104,666,666,-0.111008,-0.048339
List1Session2,1,2,2,741,1050,2,SUNRISE,3,smick,1,726,nw,nw,un,1,-0.083336,205,726,726,0.006578,0.006578
List1Session2,1,2,2,742,1050,1,WHISTLE,3,plus,1,608,first,un,nw,1,-0.592597,100,608,608,-0.633321,-0.636407
List1Session2,1,2,2,743,1050,1,YARD,4,cake,1,862,other,un,un,1,1.350935,104,862,862,1.617401,1.909203
List1Session2,1,2,2,744,1050,1,CLOG,3,ass,1,532,first,un,un,1,-1.097727,100,532,532,-1.306939,-1.354839
List1Session2,1,2,2,745,1050,1,PASSAGE,1,hallway,1,1062,first,rel,un,1,2.424889,100,1062,1062,3.390659,3.655279
List1Session2,1,2,2,746,1050,1,KEEP,4,pimple,1,1074,other,un,rel,1,2.991824,104,#NULL!,1074,#NULL!,3.486904
List1Session2,1,2,2,747,1050,1,RESERVATION,4,skill,1,798,other,un,un,1,0.855572,104,798,798,1.053022,1.270006
List1Session2,1,2,2,748,1050,1,CALCULATOR,3,rip,1,630,first,un,un,1,-0.446375,100,630,630,-0.438327,-0.42844
List1Session2,1,2,2,749,1050,2,FLUID,2,gours,1,612,nw,nw,un,1,-0.709966,205,612,612,-0.795159,-0.795159
List1Session2,1,2,2,750,1050,2,FIX,4,dervice,1,658,nw,nw,nw,1,-0.457115,205,658,658,-0.471651,-0.471651
List1Session2,1,2,2,751,1050,1,UNTRUE,1,FALSE,1,608,first,rel,nw,1,-0.592597,100,608,608,-0.633321,-0.636407
List1Session2,1,2,2,752,1050,2,BEANS,3,ronder,1,639,nw,nw,rel,1,-0.561554,205,639,639,-0.605274,-0.605274
List1Session2,1,2,2,753,1050,1,PERSONAL,2,diary,1,668,other,rel,nw,1,-0.150633,104,668,668,-0.093371,-0.028364
List1Session2,1,2,2,754,1050,1,WORD,2,letter,1,680,other,rel,rel,1,-0.057753,104,680,680,0.01245,0.091485
List1Session2,1,2,2,755,1050,1,BEAT,2,pound,1,900,other,rel,rel,1,1.645057,104,900,900,1.9525,2.288727
List1Session2,1,2,2,756,1050,1,TEAR,3,fungus,1,583,first,un,rel,1,-0.758758,100,583,583,-0.854906,-0.872733
List1Session2,1,2,2,757,1050,2,LIT,2,emplove,1,678,nw,nw,un,1,-0.34718,205,678,678,-0.330995,-0.330995
List1Session2,1,2,2,758,1050,1,TAME,1,wild,1,594,first,rel,nw,1,-0.685647,100,594,594,-0.757409,-0.76875
List1Session2,1,2,2,759,1050,1,CATCHER,1,baseball,1,722,first,rel,rel,1,0.165098,100,722,722,0.377105,0.441241
List1Session2,1,2,2,760,1050,1,ADVENTUROUS,1,daring,1,573,first,rel,rel,1,-0.825223,100,573,573,-0.94354,-0.967264
List1Session2,1,2,2,761,1050,1,MAGNET,1,refrigerato,1,717,first,rel,rel,1,0.131865,100,717,717,0.332788,0.393976
List1Session2,1,2,2,762,1050,1,BETRAY,4,owner,1,552,other,un,rel,1,-1.048478,104,552,552,-1.116307,-1.18691
List1Session2,1,2,2,763,1050,2,RESPONSIBILIT,4,sreak,1,601,nw,nw,un,1,-0.77043,205,601,601,-0.872519,-0.872519
List1Session2,1,2,2,764,1050,2,COMEDIAN,4,etloyer,1,792,nw,nw,nw,1,0.27945,205,792,792,0.470741,0.470741
List1Session2,1,2,2,765,1050,1,COMBINATION,1,mixture,1,606,first,rel,nw,1,-0.60589,100,606,606,-0.651048,-0.655313
List1Session2,1,2,2,766,1050,1,WEIGH,4,closing,1,668,other,un,rel,1,-0.150633,104,668,668,-0.093371,-0.028364
List1Session2,1,2,2,767,1050,1,RASH,3,ditch,1,633,first,un,un,1,-0.426436,100,633,633,-0.411737,-0.400081
List1Session2,1,2,2,768,1050,1,IMPACT,3,drive,1,519,first,un,un,1,-1.18413,100,519,519,-1.422163,-1.477729
List1Session2,1,2,2,769,1050,2,LASER,3,teeper,1,632,nw,nw,un,1,-0.600031,205,632,632,-0.654503,-0.654503
List1Session2,1,2,2,770,1050,1,PITY,2,shame,1,550,other,rel,nw,1,-1.063958,104,550,550,-1.133944,-1.206885
List1Session2,1,2,2,771,1050,1,BRITTLE,1,peanut,1,584,first,rel,rel,1,-0.752112,100,584,584,-0.846043,-0.86328
List1Session2,1,2,2,772,1050,1,WIDTH,3,learn,1,566,first,un,rel,1,-0.871748,100,566,566,-1.005584,-1.033435
List1Session2,1,2,2,773,1050,2,GUM,3,gries,1,614,nw,nw,un,1,-0.698972,205,614,614,-0.781093,-0.781093
List1Session2,1,2,2,774,1050,2,EAST,3,prass,1,869,nw,nw,nw,1,0.7027,205,869,869,1.012265,1.012265
List1Session2,1,2,2,775,1050,1,COMMAND,4,fashion,1,1178,other,un,nw,1,3.796788,104,#NULL!,#NULL!,#NULL!,#NULL!
List1Session2,1,2,2,776,1050,2,SNOTTY,3,boble,1,898,nw,nw,un,1,0.862105,205,898,898,1.216215,1.216215
List1Session2,1,2,2,777,1050,1,WIND,4,heaven,1,725,other,un,nw,1,0.290549,104,725,725,0.409278,0.540921
List1Session2,1,2,2,778,1050,2,CONDFIDENCE,3,pilno,1,656,nw,nw,un,1,-0.468109,205,656,656,-0.485716,-0.485716
List1Session2,1,2,2,779,1050,2,BUGLE,1,wiv,1,718,nw,nw,nw,1,-0.12731,205,718,718,-0.049684,-0.049684
List1Session2,1,2,2,780,1050,1,DISH,1,plate,1,647,first,rel,nw,1,-0.333386,100,647,647,-0.287649,-0.267738
List1Session2,1,2,2,781,1050,2,REPLY,2,chy,1,548,nw,nw,rel,1,-1.061758,205,548,548,-1.245256,-1.245256
List1Session2,1,2,2,782,1050,2,ABUNDANCE,3,owp,1,582,nw,nw,nw,1,-0.874869,205,582,582,-1.006142,-1.006142
List1Session2,1,2,2,783,1050,1,SURGEON,2,surgery,1,614,other,rel,nw,1,-0.568595,104,614,614,-0.569566,-0.567687
List1Session2,1,2,2,784,1050,2,USE,3,besk,1,613,nw,nw,rel,1,-0.704469,205,613,613,-0.788126,-0.788126
List1Session2,1,2,2,785,1050,1,ALLERGY,1,sneeze,1,644,first,rel,nw,1,-0.353325,100,644,644,-0.314239,-0.296097
List1Session2,1,2,2,786,1050,2,DIGGER,4,plaib,1,642,nw,nw,rel,1,-0.545063,205,642,642,-0.584175,-0.584175
List1Session2,1,2,2,787,1050,2,FLY,2,decurity,1,720,nw,nw,nw,1,-0.116317,205,720,720,-0.035619,-0.035619
List1Session2,1,2,2,788,1050,2,QUICK,4,stringe,1,1162,nw,nw,nw,1,2.313248,205,1162,1162,3.072868,3.072868
List1Session2,1,2,2,789,1050,2,DIVISION,2,thap,1,595,nw,nw,nw,1,-0.803411,205,595,595,-0.914716,-0.914716
List1Session2,1,2,2,790,1050,2,PROM,2,gound,1,659,nw,nw,nw,1,-0.451619,205,659,659,-0.464618,-0.464618
List1Session2,1,2,2,791,1050,2,PLAYER,4,tralt,1,623,nw,nw,nw,1,-0.649502,205,623,623,-0.717798,-0.717798
List1Session2,1,2,2,792,1050,1,VIOLENT,2,purple,1,670,other,rel,nw,1,-0.135153,104,670,670,-0.075735,-0.008389
List1Session2,1,2,2,793,1050,2,PARCHED,3,horp,1,618,nw,nw,rel,1,-0.676985,205,618,618,-0.752962,-0.752962
List1Session2,1,2,2,794,1050,2,OVERFLOW,2,orper,1,1128,nw,nw,nw,1,2.126359,205,1128,1128,2.833754,2.833754
List1Session2,1,2,2,795,1050,2,DARKNESS,2,releat,1,770,nw,nw,nw,1,0.158521,205,770,770,0.31602,0.31602
List1Session2,1,2,2,796,1050,2,KNOWN,3,nop,1,634,nw,nw,nw,1,-0.589037,205,634,634,-0.640438,-0.640438
List1Session2,1,2,2,797,1050,1,OCCUPATION,4,race,1,664,other,un,nw,1,-0.181593,104,664,664,-0.128645,-0.068314
List1Session2,1,2,2,798,1050,1,HIM,1,her,1,742,first,rel,un,1,0.298027,100,742,742,0.554373,0.630302
List1Session2,1,2,2,799,1050,1,LEAGUE,2,football,1,575,other,rel,rel,1,-0.870457,104,575,575,-0.913484,-0.957198
List1Session2,1,2,2,800,1050,1,ATTEND,1,go,0,960,first,rel,rel,0,#NULL!,#NULL!,#NULL!,#NULL!,#NULL!,#NULL!
List1Session2,1,2,2,801,1050,1,WRINKLE,2,iron,1,753,other,rel,rel,1,0.50727,104,753,753,0.656194,0.82057
List1Session2,1,2,2,802,1050,1,WAG,3,welcome,1,713,first,un,rel,1,0.10528,100,713,713,0.297335,0.356163
List1Session2,1,2,2,803,1050,2,WEST,3,grame,1,1076,nw,nw,un,1,1.840527,205,1076,1076,2.46805,2.46805
List1Session2,1,2,2,804,1050,1,PICKET,4,seek,1,944,other,un,nw,1,1.985618,104,944,944,2.340511,2.728175
List1Session2,1,2,2,805,1050,2,DARK,4,irritaming,1,1025,nw,nw,un,1,1.560193,205,1025,1025,2.109378,2.109378
List1Session2,1,2,2,806,1050,1,CREW,2,team,1,911,other,rel,nw,1,1.730197,104,911,911,2.049503,2.398589
List1Session2,1,2,2,807,1050,1,STAPLER,1,staple,1,675,first,rel,rel,1,-0.147285,100,675,675,-0.039474,-0.003053
List1Session2,1,2,2,808,1050,2,SKIP,1,ropten,1,687,nw,nw,rel,1,-0.297709,205,687,687,-0.2677,-0.2677
List1Session2,1,2,2,809,1050,1,PLEASE,1,thanks,1,714,first,rel,nw,1,0.111926,100,714,714,0.306198,0.365617
List1Session2,1,2,2,810,1050,2,TRADITION,4,wheme,1,660,nw,nw,rel,1,-0.446122,205,660,660,-0.457585,-0.457585
List1Session2,1,2,2,811,1050,2,REMORSE,4,salp,1,642,nw,nw,nw,1,-0.545063,205,642,642,-0.584175,-0.584175
List1Session2,1,2,2,812,1050,2,CONTRACT,1,brinch,1,543,nw,nw,nw,1,-1.089242,205,543,543,-1.28042,-1.28042
List1Session2,1,2,2,813,1050,1,PRESENTATION,3,paint,1,673,first,un,nw,1,-0.160578,100,673,673,-0.057201,-0.021959
List1Session2,1,2,2,814,1050,2,SOFA,2,clast,1,637,nw,nw,un,1,-0.572547,205,637,637,-0.619339,-0.619339
List1Session2,1,2,2,815,1050,2,QUENCH,3,manerial,1,954,nw,nw,nw,1,1.169924,205,954,954,1.610051,1.610051
List1Session2,1,2,2,816,1050,1,POSSESS,4,couch,1,603,other,un,nw,1,-0.653736,104,603,603,-0.666568,-0.677549
List1Session2,1,2,2,817,1050,1,DROP,1,fall,1,474,first,rel,un,1,-1.48322,100,474,474,-1.821016,-1.903116
List1Session2,1,2,2,818,1050,2,GHETTO,1,hab,1,637,nw,nw,rel,1,-0.572547,205,637,637,-0.619339,-0.619339
List1Session2,1,2,2,819,1050,1,WALNUT,2,crack,1,618,other,rel,nw,1,-0.537635,104,618,618,-0.534292,-0.527737
List1Session2,1,2,2,820,1050,2,HANDCUFFS,4,una,1,601,nw,nw,rel,1,-0.77043,205,601,601,-0.872519,-0.872519
List1Session2,1,2,2,821,1050,2,FUNCTION,4,styre,1,664,nw,nw,nw,1,-0.424135,205,664,664,-0.429454,-0.429454
List1Session2,1,2,2,822,1050,1,FRUSTRATE,3,itch,1,725,first,un,nw,1,0.185037,100,725,725,0.403696,0.4696
List1Session2,1,2,2,823,1050,1,TUTU,1,ballet,1,543,first,rel,un,1,-1.024616,100,543,543,-1.209442,-1.250856
List1Session2,1,2,2,824,1050,2,REMARK,3,zome,1,656,nw,nw,rel,1,-0.468109,205,656,656,-0.485716,-0.485716
List1Session2,1,2,2,825,1050,1,REFEREE,2,sports,1,876,other,rel,nw,1,1.459296,104,876,876,1.740858,2.049027
List1Session2,1,2,2,826,1050,2,LONELY,1,loofs,1,705,nw,nw,rel,1,-0.198768,205,705,705,-0.14111,-0.14111
List1Session2,1,2,2,827,1050,2,INTRODUCE,1,prue,1,524,nw,nw,nw,1,-1.19368,205,524,524,-1.414043,-1.414043
List1Session2,1,2,2,828,1050,2,BUZZ,4,depide,1,734,nw,nw,nw,1,-0.039362,205,734,734,0.06284,0.06284
List1Session2,1,2,2,829,1050,1,INHALE,3,plane,1,487,first,un,nw,1,-1.396817,100,487,487,-1.705792,-1.780227
List1Session2,1,2,2,830,1050,1,INFECTION,1,disease,1,796,first,rel,un,1,0.656935,100,796,796,1.032996,1.140767
List1Session2,1,2,2,831,1050,2,EDITOR,4,dewslaper,1,643,nw,nw,rel,1,-0.539567,205,643,643,-0.577143,-0.577143
List2Session1,2,1,2,1,1050,2,ALIVE,4,tranpenstei,0,1446,nw,nw,nw,0,#NULL!,#NULL!,#NULL!,#NULL!,#NULL!,#NULL!
List2Session1,2,1,2,2,1050,1,ANIMAL,2,bear,1,530,other,rel,nw,1,-0.375672,101,530,530,-0.365371,-0.334145
List2Session1,2,1,2,3,1050,1,NORTH,3,search,1,533,first,un,rel,1,-0.182146,102,533,533,-0.182146,-0.136186
List2Session1,2,1,2,4,1050,1,CAREFUL,1,cautious,1,598,first,rel,un,1,0.404935,102,598,598,0.404935,0.497465
List2Session1,2,1,2,5,1050,1,NOT,4,dad,1,534,other,un,rel,1,-0.341922,101,534,534,-0.328539,-0.293352
List2Session1,2,1,2,6,1050,2,TAN,1,dagapine,1,952,nw,nw,un,1,1.918177,201,952,952,2.608843,2.858535
List2Session1,2,1,2,7,1050,2,TAPE,4,mavy,1,888,nw,nw,nw,1,1.500572,201,888,888,2.06842,2.275176
List2Session1,2,1,2,8,1050,2,GOVERNOR,1,nou,1,1164,nw,nw,nw,1,3.301492,201,#NULL!,#NULL!,#NULL!,#NULL!
List2Session1,2,1,2,9,1050,2,VALOR,3,prinon,1,709,nw,nw,nw,1,0.332584,201,709,709,0.556924,0.643593
List2Session1,2,1,2,10,1050,2,TACTFUL,4,blay,1,830,nw,nw,nw,1,1.122118,201,830,830,1.578661,1.746507
List2Session1,2,1,2,11,1050,2,SCREEN,4,ral,1,677,nw,nw,nw,1,0.123782,201,677,677,0.286712,0.351914
List2Session1,2,1,2,12,1050,2,TEXT,2,canler,1,672,nw,nw,nw,1,0.091156,201,672,672,0.244492,0.306339
List2Session1,2,1,2,13,1050,2,HALT,1,teap,1,765,nw,nw,nw,1,0.697988,201,765,765,1.029794,1.154033
List2Session1,2,1,2,14,1050,1,DIVIDE,1,multiply,1,518,first,rel,nw,1,-0.317626,102,518,518,-0.317626,-0.282413
List2Session1,2,1,2,15,1050,1,ISOLATED,2,room,1,408,other,rel,rel,1,-1.405031,101,408,408,-1.48874,-1.578317
List2Session1,2,1,2,16,1050,2,SKY,4,gless,1,702,nw,nw,rel,1,0.286908,201,702,702,0.497815,0.579788
List2Session1,2,1,2,17,1050,1,BANK,4,lock,1,457,other,un,nw,1,-0.9916,101,457,457,-1.037551,-1.078608
List2Session1,2,1,2,18,1050,2,BOIL,2,whab,1,621,nw,nw,un,1,-0.241622,201,621,621,-0.186158,-0.158526
List2Session1,2,1,2,19,1050,1,HOTTER,2,summer,1,379,other,rel,nw,1,-1.649715,101,379,379,-1.75577,-1.874063
List2Session1,2,1,2,20,1050,1,TRIBE,1,indian,1,467,first,rel,rel,1,-0.778258,102,467,467,-0.778258,-0.779586
List2Session1,2,1,2,21,1050,1,BASEBALL,4,hint,1,631,other,un,rel,1,0.476503,101,631,631,0.564631,0.695866
List2Session1,2,1,2,22,1050,2,HABIT,4,biamond,1,726,nw,nw,un,1,0.44351,201,726,726,0.700474,0.798548
List2Session1,2,1,2,23,1050,1,ANKLE,4,way,1,512,other,un,nw,1,-0.527544,101,512,512,-0.531114,-0.517711
List2Session1,2,1,2,24,1050,2,TRUCE,2,amandon,1,772,nw,nw,un,1,0.743664,201,772,772,1.088903,1.217838
List2Session1,2,1,2,25,1050,2,HEROINE,3,pankage,1,684,nw,nw,nw,1,0.169457,201,684,684,0.345821,0.415719
List2Session1,2,1,2,26,1050,2,NONE,1,shoom,1,919,nw,nw,nw,1,1.702849,201,919,919,2.330187,2.557741
List2Session1,2,1,2,27,1050,2,LIKE,3,punset,1,697,nw,nw,nw,1,0.254283,201,697,697,0.455594,0.534213
List2Session1,2,1,2,28,1050,1,ELECTRON,3,work,1,516,first,un,nw,1,-0.33569,102,516,516,-0.33569,-0.30191
List2Session1,2,1,2,29,1050,1,STORAGE,2,keep,1,566,other,rel,un,1,-0.071926,101,566,566,-0.033885,0.032988
List2Session1,2,1,2,30,1050,2,FILE,1,grick,1,870,nw,nw,rel,1,1.383121,201,870,870,1.916426,2.111106
List2Session1,2,1,2,31,1050,2,SHOVEL,4,roaf,1,587,nw,nw,nw,1,-0.463475,201,587,587,-0.473258,-0.468435
List2Session1,2,1,2,32,1050,2,ILLEGAL,3,mont,1,731,nw,nw,nw,1,0.476136,201,731,731,0.742694,0.844123
List2Session1,2,1,2,33,1050,2,PROVE,4,thirpty,1,708,nw,nw,nw,1,0.326059,201,708,708,0.54848,0.634478
List2Session1,2,1,2,34,1050,1,MONOTONOUS,1,boring,1,847,first,rel,nw,1,2.653906,102,#NULL!,847,#NULL!,2.653906
List2Session1,2,1,2,35,1050,1,SUBURB,2,neighborhoo,1,1059,other,rel,rel,1,4.087697,101,#NULL!,#NULL!,#NULL!,#NULL!
List2Session1,2,1,2,36,1050,1,GOLD,4,pudding,1,561,other,un,rel,1,-0.114113,101,561,561,-0.079925,-0.018003
List2Session1,2,1,2,37,1050,1,VALUE,4,hidden,1,546,other,un,un,1,-0.240674,101,546,546,-0.218044,-0.170975
List2Session1,2,1,2,38,1050,1,MICROWAVE,3,cars,1,499,first,un,un,1,-0.489234,102,499,499,-0.489234,-0.467635
List2Session1,2,1,2,39,1050,2,PRINCE,1,stilky,1,870,nw,nw,un,1,1.383121,201,870,870,1.916426,2.111106
List2Session1,2,1,2,40,1050,1,BOUNTY,3,future,1,555,first,un,nw,1,0.016559,102,555,555,0.016559,0.07828
List2Session1,2,1,2,41,1050,2,VISITOR,2,tero,1,619,nw,nw,un,1,-0.254673,201,619,619,-0.203046,-0.176756
List2Session1,2,1,2,42,1050,1,MEDIUM,2,rare,1,537,other,rel,nw,1,-0.31661,101,537,537,-0.300915,-0.262758
List2Session1,2,1,2,43,1050,1,SPOTLESS,2,spot,1,410,other,rel,rel,1,-1.388156,101,410,410,-1.470324,-1.557921
List2Session1,2,1,2,44,1050,2,FRUSTRATION,2,stanish,1,656,nw,nw,rel,1,-0.013245,201,656,656,0.109386,0.160499
List2Session1,2,1,2,45,1050,2,HAIRSPRAY,1,fipish,1,702,nw,nw,nw,1,0.286908,201,702,702,0.497815,0.579788
List2Session1,2,1,2,46,1050,2,LOBSTER,3,benind,1,1096,nw,nw,nw,1,2.857787,201,#NULL!,1096,#NULL!,3.824795
List2Session1,2,1,2,47,1050,2,SPELL,4,snabe,1,661,nw,nw,nw,1,0.01938,201,661,661,0.151606,0.206074
List2Session1,2,1,2,48,1050,1,PUBLIC,1,private,0,560,first,rel,nw,0,#NULL!,#NULL!,#NULL!,#NULL!,#NULL!,#NULL!
List2Session1,2,1,2,49,1050,1,NOVEL,2,read,1,465,other,rel,rel,1,-0.924101,101,465,465,-0.963887,-0.997023
List2Session1,2,1,2,50,1050,2,SEED,3,mun,1,1125,nw,nw,rel,1,3.047015,201,#NULL!,#NULL!,#NULL!,#NULL!
List2Session1,2,1,2,51,1050,2,VASELINE,2,weame,1,608,nw,nw,nw,1,-0.326448,201,608,608,-0.295932,-0.27702
List2Session1,2,1,2,52,1050,2,DRAGON,2,vogit,1,575,nw,nw,nw,1,-0.541776,201,575,575,-0.574587,-0.577815
List2Session1,2,1,2,53,1050,2,INSTANCE,2,dungle,1,863,nw,nw,nw,1,1.337445,201,863,863,1.857317,2.047301
List2Session1,2,1,2,54,1050,2,CREAM,2,wruit,1,564,nw,nw,nw,1,-0.613552,201,564,564,-0.667473,-0.67808
List2Session1,2,1,2,55,1050,2,SINKER,3,pold,1,725,nw,nw,nw,1,0.436985,201,725,725,0.692029,0.789433
List2Session1,2,1,2,56,1050,1,SAYING,1,talking,1,638,first,rel,nw,1,0.766216,102,638,638,0.766216,0.887404
List2Session1,2,1,2,57,1050,2,TRANSPARENT,4,rounp,1,523,nw,nw,rel,1,-0.88108,201,523,523,-1.013681,-1.051794
List2Session1,2,1,2,58,1050,1,PUSH,3,congress,1,605,first,un,nw,1,0.468159,102,605,605,0.468159,0.565704
List2Session1,2,1,2,59,1050,2,DITCH,1,pon't,1,635,nw,nw,un,1,-0.150271,201,635,635,-0.067941,-0.030916
List2Session1,2,1,2,60,1050,2,SEW,2,vump,1,554,nw,nw,nw,1,-0.678802,201,554,554,-0.751914,-0.76923
List2Session1,2,1,2,61,1050,1,CITIZEN,3,geek,1,570,first,un,nw,1,0.152039,102,570,570,0.152039,0.224507
List2Session1,2,1,2,62,1050,2,CHEW,4,prackle,1,715,nw,nw,un,1,0.371734,201,715,715,0.607588,0.698283
List2Session1,2,1,2,63,1050,2,EARTHQUAKE,2,opemation,1,1093,nw,nw,nw,1,2.838212,201,#NULL!,1093,#NULL!,3.799463
List2Session1,2,1,2,64,1050,1,FLOWERS,3,rope,1,528,first,un,nw,1,-0.227306,102,528,528,-0.227306,-0.184929
List2Session1,2,1,2,65,1050,2,SOFT,4,ittack,1,642,nw,nw,un,1,-0.104596,201,642,642,-0.008832,0.032889
List2Session1,2,1,2,66,1050,1,UNIQUE,4,gas,1,511,other,un,nw,1,-0.535982,101,511,511,-0.540322,-0.527909
List2Session1,2,1,2,67,1050,2,REACTION,3,weemend,1,610,nw,nw,un,1,-0.313398,201,610,610,-0.279043,-0.25879
List2Session1,2,1,2,68,1050,1,TWINKLE,3,excited,1,592,first,un,nw,1,0.350743,102,592,592,0.350743,0.438974
List2Session1,2,1,2,69,1050,1,FRIGID,4,jail,1,528,other,un,un,1,-0.392547,101,528,528,-0.383787,-0.354541
List2Session1,2,1,2,70,1050,1,REAR,2,front,1,499,other,rel,un,1,-0.63723,101,499,499,-0.650817,-0.650287
List2Session1,2,1,2,71,1050,2,ASS,3,floon,1,709,nw,nw,rel,1,0.332584,201,709,709,0.556924,0.643593
List2Session1,2,1,2,72,1050,1,YOUTH,1,young,1,400,first,rel,nw,1,-1.383403,102,400,400,-1.383403,-1.432734
List2Session1,2,1,2,73,1050,1,LOUNGE,2,hotel,1,567,other,rel,rel,1,-0.063489,101,567,567,-0.024677,0.043186
List2Session1,2,1,2,74,1050,2,CUFF,4,fimtion,0,0,nw,nw,rel,0,#NULL!,#NULL!,#NULL!,#NULL!,#NULL!,#NULL!
List2Session1,2,1,2,75,1050,2,SCHOOL,3,edupt,1,1142,nw,nw,nw,1,3.157941,201,#NULL!,#NULL!,#NULL!,#NULL!
List2Session1,2,1,2,76,1050,2,JOURNEY,1,trint,1,592,nw,nw,nw,1,-0.43085,201,592,592,-0.431037,-0.42286
List2Session1,2,1,2,77,1050,2,SOBER,2,sweap,0,671,nw,nw,nw,0,#NULL!,#NULL!,#NULL!,#NULL!,#NULL!,#NULL!
List2Session1,2,1,2,78,1050,2,FLOWER,3,halp,1,523,nw,nw,nw,1,-0.88108,201,523,523,-1.013681,-1.051794
List2Session1,2,1,2,79,1050,2,COPY,2,pinkles,1,1021,nw,nw,nw,1,2.368407,201,1021,1021,3.191487,3.487469
List2Session1,2,1,2,80,1050,2,SURGERY,1,foum,1,603,nw,nw,nw,1,-0.359074,201,603,603,-0.338152,-0.322595
List2Session1,2,1,2,81,1050,2,RUB,3,dalp,1,490,nw,nw,nw,1,-1.096407,201,490,490,-1.292337,-1.352589
List2Session1,2,1,2,82,1050,2,FIRST,3,bap,1,861,nw,nw,nw,1,1.324395,201,861,861,1.840429,2.029071
List2Session1,2,1,2,83,1050,1,ACCUSE,4,pants,1,626,other,un,nw,1,0.434316,101,626,626,0.518591,0.644876
List2Session1,2,1,2,84,1050,1,CATTLE,2,horse,1,641,other,rel,un,1,0.560876,101,641,641,0.65671,0.797848
List2Session1,2,1,2,85,1050,1,SAY,4,fright,1,575,other,un,rel,1,0.00401,101,575,575,0.048986,0.124771
List2Session1,2,1,2,86,1050,1,DOWNTOWN,2,busy,1,542,other,rel,un,1,-0.274423,101,542,542,-0.254876,-0.211767
List2Session1,2,1,2,87,1050,2,MAROON,2,atount,1,687,nw,nw,rel,1,0.189032,201,687,687,0.371153,0.443064
List2Session1,2,1,2,88,1050,1,FORK,3,dictionary,1,635,first,un,nw,1,0.73912,102,635,635,0.73912,0.858159
List2Session1,2,1,2,89,1050,1,BAGGAGE,3,frightened,1,664,first,un,un,1,1.001048,102,664,664,1.001048,1.140865
List2Session1,2,1,2,90,1050,1,SWOON,3,billy,1,452,first,un,un,1,-0.913739,102,452,452,-0.913739,-0.925813
List2Session1,2,1,2,91,1050,2,SLY,1,theb,1,634,nw,nw,un,1,-0.156797,201,634,634,-0.076385,-0.040031
List2Session1,2,1,2,92,1050,2,SQUARE,2,stip,1,1031,nw,nw,nw,1,2.433658,201,1031,1031,3.275928,3.578619
List2Session1,2,1,2,93,1050,2,BURGLARY,1,dorest,1,661,nw,nw,nw,1,0.01938,201,661,661,0.151606,0.206074
List2Session1,2,1,2,94,1050,1,INTERVIEW,4,beat,0,753,other,un,nw,0,#NULL!,#NULL!,#NULL!,#NULL!,#NULL!,#NULL!
List2Session1,2,1,2,95,1050,1,CHILDREN,1,kids,1,457,first,rel,un,1,-0.868579,102,457,457,-0.868579,-0.877071
List2Session1,2,1,2,96,1050,1,ABNORMAL,2,insane,1,639,other,rel,rel,1,0.544002,101,639,639,0.638294,0.777451
List2Session1,2,1,2,97,1050,1,TUNE,3,before,1,828,first,un,rel,1,2.482298,102,828,828,2.482298,2.739615
List2Session1,2,1,2,98,1050,2,TUMBLE,4,fim,1,562,nw,nw,un,1,-0.626602,201,562,562,-0.684361,-0.69631
List2Session1,2,1,2,99,1050,1,STEAM,4,lettuce,1,691,other,un,nw,1,0.982745,101,691,691,1.117107,1.307754
List2Session1,2,1,2,100,1050,2,BLUES,2,prot,1,527,nw,nw,un,1,-0.854979,201,527,527,-0.979905,-1.015334
List2Session1,2,1,2,101,1050,2,ARROW,1,eap,1,641,nw,nw,nw,1,-0.111121,201,641,641,-0.017276,0.023774
List2Session1,2,1,2,102,1050,2,TARDY,3,quentions,1,783,nw,nw,nw,1,0.815439,201,783,783,1.181788,1.318102
List2Session1,2,1,2,103,1050,2,BAKER,4,fot,1,534,nw,nw,nw,1,-0.809304,201,534,534,-0.920796,-0.95153
List2Session1,2,1,2,104,1050,1,POSITION,1,place,1,408,first,rel,nw,1,-1.311147,102,408,408,-1.311147,-1.354746
List2Session1,2,1,2,105,1050,2,CAMPING,3,bood,1,782,nw,nw,rel,1,0.808914,201,782,782,1.173344,1.308987
List2Session1,2,1,2,106,1050,1,CELERY,1,carrot,1,599,first,rel,nw,1,0.413967,102,599,599,0.413967,0.507213
List2Session1,2,1,2,107,1050,2,VOLCANO,1,poss,1,1638,nw,nw,rel,1,6.394377,201,#NULL!,#NULL!,#NULL!,#NULL!
List2Session1,2,1,2,108,1050,2,SMOTHER,3,olen,1,524,nw,nw,nw,1,-0.874555,201,524,524,-1.005237,-1.042679
List2Session1,2,1,2,109,1050,1,DEW,3,lots,1,621,first,un,nw,1,0.612672,102,621,621,0.612672,0.72168
List2Session1,2,1,2,110,1050,2,EXCUSE,4,tuperior,1,731,nw,nw,un,1,0.476136,201,731,731,0.742694,0.844123
List2Session1,2,1,2,111,1050,2,DISGUSTING,3,deolorant,1,901,nw,nw,nw,1,1.585398,201,901,901,2.178193,2.393671
List2Session1,2,1,2,112,1050,1,SENATE,3,open,1,584,first,un,nw,1,0.278487,102,584,584,0.278487,0.360986
List2Session1,2,1,2,113,1050,2,ARMY,1,hearn,1,584,nw,nw,un,1,-0.48305,201,584,584,-0.49859,-0.49578
List2Session1,2,1,2,114,1050,1,CREASE,1,fold,1,535,first,rel,nw,1,-0.164082,102,535,535,-0.164082,-0.116689
List2Session1,2,1,2,115,1050,2,COMMUNIST,3,segure,1,681,nw,nw,rel,1,0.149882,201,681,681,0.320489,0.388374
List2Session1,2,1,2,116,1050,2,SCRUB,4,trincess,1,596,nw,nw,nw,1,-0.404749,201,596,596,-0.397261,-0.3864
List2Session1,2,1,2,117,1050,2,OPPOSITE,3,steag,1,723,nw,nw,nw,1,0.423935,201,723,723,0.675141,0.771203
List2Session1,2,1,2,118,1050,2,SPEED,1,breate,1,589,nw,nw,nw,1,-0.450425,201,589,589,-0.45637,-0.450205
List2Session1,2,1,2,119,1050,1,GRAB,2,bag,1,525,other,rel,nw,1,-0.417859,101,525,525,-0.411411,-0.385136
List2Session1,2,1,2,120,1050,1,FIN,2,dolphin,1,719,other,rel,rel,1,1.218991,101,719,719,1.374929,1.593302
List2Session1,2,1,2,121,1050,1,ASTRONAUT,3,climb,1,617,first,un,rel,1,0.576543,102,617,617,0.576543,0.682686
List2Session1,2,1,2,122,1050,2,DISAPPEAR,3,alnohol,1,823,nw,nw,un,1,1.076442,201,823,823,1.519552,1.682702
List2Session1,2,1,2,123,1050,1,DETERIORATE,3,legend,1,653,first,un,nw,1,0.901696,102,653,653,0.901696,1.033631
List2Session1,2,1,2,124,1050,2,CRITICIZE,2,genny,1,601,nw,nw,un,1,-0.372124,201,601,601,-0.35504,-0.340825
List2Session1,2,1,2,125,1050,2,DOOR,3,trilk,1,680,nw,nw,nw,1,0.143357,201,680,680,0.312044,0.379259
List2Session1,2,1,2,126,1050,1,IRON,1,steel,1,500,first,rel,nw,1,-0.480202,102,500,500,-0.480202,-0.457886
List2Session1,2,1,2,127,1050,1,ORGANIZE,3,flop,1,743,first,un,rel,1,1.714577,102,743,743,1.714577,1.910995
List2Session1,2,1,2,128,1050,1,BAT,4,gander,0,656,other,un,un,0,#NULL!,#NULL!,#NULL!,#NULL!,#NULL!,#NULL!
List2Session1,2,1,2,129,1050,2,SOUR,4,fert,1,717,nw,nw,un,1,0.384785,201,717,717,0.624477,0.716513
List2Session1,2,1,2,130,1050,1,HUG,2,arms,1,583,other,rel,nw,1,0.071509,101,583,583,0.12265,0.206356
List2Session1,2,1,2,131,1050,1,CLUMSY,3,important,1,566,first,un,rel,1,0.115911,102,566,566,0.115911,0.185514
List2Session1,2,1,2,132,1050,1,DIME,2,phone,1,487,other,rel,un,1,-0.738479,101,487,487,-0.761312,-0.772664
List2Session1,2,1,2,133,1050,2,WINDOW,1,anuse,1,793,nw,nw,rel,1,0.88069,201,793,793,1.266229,1.409252
List2Session1,2,1,2,134,1050,2,PROOF,1,meard,1,721,nw,nw,nw,1,0.410885,201,721,721,0.658253,0.752973
List2Session1,2,1,2,135,1050,1,MAGNIFY,1,enlarge,1,459,first,rel,nw,1,-0.850515,102,459,459,-0.850515,-0.857574
List2Session1,2,1,2,136,1050,2,VILLAIN,1,anpwer,1,672,nw,nw,rel,1,0.091156,201,672,672,0.244492,0.306339
List2Session1,2,1,2,137,1050,1,SALUTE,2,pledge,1,509,other,rel,nw,1,-0.552857,101,509,509,-0.558738,-0.548306
List2Session1,2,1,2,138,1050,2,OUTDOORS,1,golor,1,863,nw,nw,rel,1,1.337445,201,863,863,1.857317,2.047301
List2Session1,2,1,2,139,1050,2,TAR,4,wint,1,884,nw,nw,nw,1,1.474472,201,884,884,2.034643,2.238716
List2Session1,2,1,2,140,1050,1,POLISH,1,shine,1,567,first,rel,nw,1,0.124943,102,567,567,0.124943,0.195262
List2Session1,2,1,2,141,1050,1,SYRUP,3,brain,1,583,first,un,rel,1,0.269455,102,583,583,0.269455,0.351238
List2Session1,2,1,2,142,1050,1,FLESH,1,skin,1,535,first,rel,un,1,-0.164082,102,535,535,-0.164082,-0.116689
List2Session1,2,1,2,143,1050,1,IMPOSSIBLE,4,boy,1,440,other,un,rel,1,-1.135035,101,440,440,-1.194085,-1.251977
List2Session1,2,1,2,144,1050,2,TUMOR,1,shantoo,1,574,nw,nw,un,1,-0.548301,201,574,574,-0.583031,-0.58693
List2Session1,2,1,2,145,1050,1,UPSTREAM,2,water,1,398,other,rel,nw,1,-1.489405,101,398,398,-1.580819,-1.680298
List2Session1,2,1,2,146,1050,1,HERD,2,buffalo,1,421,other,rel,rel,1,-1.295345,101,421,421,-1.369036,-1.445741
List2Session1,2,1,2,147,1050,1,AD,4,ask,1,458,other,un,rel,1,-0.983162,101,458,458,-1.028343,-1.06841
List2Session1,2,1,2,148,1050,2,EXCEL,3,vull,1,591,nw,nw,un,1,-0.437375,201,591,591,-0.439482,-0.431975
List2Session1,2,1,2,149,1050,1,THUNDER,1,lightning,1,351,first,rel,nw,1,-1.825972,102,351,351,-1.825972,-1.91041
List2Session1,2,1,2,150,1050,1,ITCH,1,scratch,1,343,first,rel,rel,1,-1.898228,102,343,343,-1.898228,-1.988397
List2Session1,2,1,2,151,1050,1,ATTACH,4,cry,1,530,other,un,rel,1,-0.375672,101,530,530,-0.365371,-0.334145
List2Session1,2,1,2,152,1050,1,LOYALTY,2,husband,1,740,other,rel,un,1,1.396176,101,740,740,1.568296,1.807463
List2Session1,2,1,2,153,1050,1,DAMAGE,4,hitchhike,1,813,other,un,rel,1,2.012104,101,813,813,2.240476,2.551926
List2Session1,2,1,2,154,1050,2,GRAFT,2,geach,1,611,nw,nw,un,1,-0.306873,201,611,611,-0.270599,-0.249675
List2Session1,2,1,2,155,1050,1,FLOOD,4,stamp,1,626,other,un,nw,1,0.434316,101,626,626,0.518591,0.644876
List2Session1,2,1,2,156,1050,2,MAJOR,1,birror,1,576,nw,nw,un,1,-0.535251,201,576,576,-0.566143,-0.5687
List2Session1,2,1,2,157,1050,2,ANNOUNCE,4,stape,1,592,nw,nw,nw,1,-0.43085,201,592,592,-0.431037,-0.42286
List2Session1,2,1,2,158,1050,1,SIMPLE,3,guess,1,576,first,un,nw,1,0.206231,102,576,576,0.206231,0.282998
List2Session1,2,1,2,159,1050,1,END,2,start,1,512,other,rel,un,1,-0.527544,101,512,512,-0.531114,-0.517711
List2Session1,2,1,2,160,1050,2,SNOW,4,tilk,1,674,nw,nw,rel,1,0.104206,201,674,674,0.26138,0.324569
List2Session1,2,1,2,161,1050,2,UPSTAIRS,4,bew,1,623,nw,nw,nw,1,-0.228572,201,623,623,-0.16927,-0.140296
List2Session1,2,1,2,162,1050,1,BACKGROUND,3,russia,1,524,first,un,nw,1,-0.263434,102,524,524,-0.263434,-0.223923
List2Session1,2,1,2,163,1050,2,MEET,4,mox,1,494,nw,nw,un,1,-1.070307,201,494,494,-1.25856,-1.316129
List2Session1,2,1,2,164,1050,1,RELATIVE,1,aunt,1,593,first,rel,nw,1,0.359775,102,593,593,0.359775,0.448723
List2Session1,2,1,2,165,1050,1,NERVE,2,neuron,1,753,other,rel,rel,1,1.505862,101,753,753,1.687999,1.940038
List2Session1,2,1,2,166,1050,2,NINE,3,wimter,1,601,nw,nw,rel,1,-0.372124,201,601,601,-0.35504,-0.340825
List2Session1,2,1,2,167,1050,2,STAIR,4,dist,1,632,nw,nw,nw,1,-0.169847,201,632,632,-0.093273,-0.058261
List2Session1,2,1,2,168,1050,1,AFRICA,3,get,1,535,first,un,nw,1,-0.164082,102,535,535,-0.164082,-0.116689
List2Session1,2,1,2,169,1050,2,ATTORNEY,1,rabbery,1,521,nw,nw,un,1,-0.89413,201,521,521,-1.030569,-1.070024
List2Session1,2,1,2,170,1050,2,AFTER,3,agert,1,554,nw,nw,nw,1,-0.678802,201,554,554,-0.751914,-0.76923
List2Session1,2,1,2,171,1050,2,RESTRICTION,3,thint,1,667,nw,nw,nw,1,0.058531,201,667,667,0.202271,0.260764
List2Session1,2,1,2,172,1050,2,MOAT,3,epergy,1,695,nw,nw,nw,1,0.241233,201,695,695,0.438706,0.515983
List2Session1,2,1,2,173,1050,2,THERMOMETER,4,somatring,1,610,nw,nw,nw,1,-0.313398,201,610,610,-0.279043,-0.25879
List2Session1,2,1,2,174,1050,2,AVENUE,4,prand,1,449,nw,nw,nw,1,-1.363935,201,449,449,-1.638546,-1.726303
List2Session1,2,1,2,175,1050,2,GROOM,3,elemator,1,566,nw,nw,nw,1,-0.600502,201,566,566,-0.650584,-0.65985
List2Session1,2,1,2,176,1050,2,EXPENSE,4,squimrel,1,647,nw,nw,nw,1,-0.071971,201,647,647,0.033389,0.078464
List2Session1,2,1,2,177,1050,2,HULL,3,hobe,1,533,nw,nw,nw,1,-0.815829,201,533,533,-0.92924,-0.960645
List2Session1,2,1,2,178,1050,2,OUT,1,canera,1,613,nw,nw,nw,1,-0.293823,201,613,613,-0.253711,-0.231446
List2Session1,2,1,2,179,1050,1,EGG,4,soda,1,549,other,un,nw,1,-0.215362,101,549,549,-0.19042,-0.14038
List2Session1,2,1,2,180,1050,1,WITH,3,comment,1,741,first,un,un,1,1.696513,102,741,741,1.696513,1.891498
List2Session1,2,1,2,181,1050,2,PEAK,4,ofpice,1,560,nw,nw,un,1,-0.639652,201,560,560,-0.701249,-0.71454
List2Session1,2,1,2,182,1050,1,COKE,1,pepsi,1,672,first,rel,nw,1,1.073304,102,672,672,1.073304,1.218852
List2Session1,2,1,2,183,1050,2,THREE,3,tibe,1,524,nw,nw,rel,1,-0.874555,201,524,524,-1.005237,-1.042679
List2Session1,2,1,2,184,1050,1,FALSE,3,crunchy,1,543,first,un,nw,1,-0.091825,102,543,543,-0.091825,-0.038701
List2Session1,2,1,2,185,1050,2,SHAVE,2,rilling,1,591,nw,nw,un,1,-0.437375,201,591,591,-0.439482,-0.431975
List2Session1,2,1,2,186,1050,2,CALORIES,2,rachine,1,670,nw,nw,nw,1,0.078106,201,670,670,0.227603,0.288109
List2Session1,2,1,2,187,1050,2,MOWER,2,niller,1,539,nw,nw,nw,1,-0.776679,201,539,539,-0.878575,-0.905955
List2Session1,2,1,2,188,1050,1,NERD,3,west,1,557,first,un,nw,1,0.034623,102,557,557,0.034623,0.097777
List2Session1,2,1,2,189,1050,2,COUCH,4,buminess,1,590,nw,nw,un,1,-0.4439,201,590,590,-0.447926,-0.44109
List2Session1,2,1,2,190,1050,2,RANGE,2,queeg,1,556,nw,nw,nw,1,-0.665752,201,556,556,-0.735026,-0.751
List2Session1,2,1,2,191,1050,1,OWNER,2,seller,1,622,other,rel,nw,1,0.400566,101,622,622,0.481759,0.604083
List2Session1,2,1,2,192,1050,1,ROTTEN,2,spoiled,1,588,other,rel,rel,1,0.113696,101,588,588,0.168689,0.257347
List2Session1,2,1,2,193,1050,2,BOXING,1,seck,1,539,nw,nw,rel,1,-0.776679,201,539,539,-0.878575,-0.905955
List2Session1,2,1,2,194,1050,2,FORWARD,3,builper,1,523,nw,nw,nw,1,-0.88108,201,523,523,-1.013681,-1.051794
List2Session1,2,1,2,195,1050,1,DEPEND,2,independent,1,653,other,rel,nw,1,0.662125,101,653,653,0.767205,0.920225
List2Session1,2,1,2,196,1050,2,MEANS,4,steet,0,571,nw,nw,rel,0,#NULL!,#NULL!,#NULL!,#NULL!,#NULL!,#NULL!
List2Session1,2,1,2,197,1050,2,SLEEVE,2,questiop,1,666,nw,nw,nw,1,0.052006,201,666,666,0.193827,0.251649
List2Session1,2,1,2,198,1050,1,EXIST,2,extinct,1,774,other,rel,nw,1,1.683046,101,774,774,1.881366,2.154199
List2Session1,2,1,2,199,1050,2,LAWSUIT,2,drais,1,479,nw,nw,rel,1,-1.168183,201,479,479,-1.385222,-1.452854
List2Session1,2,1,2,200,1050,2,DONKEY,3,baw,0,1139,nw,nw,nw,0,#NULL!,#NULL!,#NULL!,#NULL!,#NULL!,#NULL!
List2Session1,2,1,2,201,1050,1,FORGIVE,2,accept,1,662,other,rel,nw,1,0.738061,101,662,662,0.850077,1.012008
List2Session1,2,1,2,202,1050,1,STRIVE,4,reel,0,594,other,un,rel,0,#NULL!,#NULL!,#NULL!,#NULL!,#NULL!,#NULL!
List2Session1,2,1,2,203,1050,2,CHALK,4,,1,753,nw,nw,un,1,0.619687,201,753,753,0.928465,1.044653
List2Session1,2,1,2,204,1050,2,EIGHT,2,couge,1,587,nw,nw,nw,1,-0.463475,201,587,587,-0.473258,-0.468435
List2Session1,2,1,2,205,1050,2,HONEY,1,splead,1,634,nw,nw,nw,1,-0.156797,201,634,634,-0.076385,-0.040031
List2Session1,2,1,2,206,1050,1,SLOB,1,messy,1,552,first,rel,nw,1,-0.010537,102,552,552,-0.010537,0.049035
List2Session1,2,1,2,207,1050,2,CRESCENT,1,hin,1,504,nw,nw,rel,1,-1.005056,201,504,504,-1.174119,-1.224979
List2Session1,2,1,2,208,1050,2,BANDANNA,4,cralon,1,763,nw,nw,nw,1,0.684938,201,763,763,1.012906,1.135803
List2Session1,2,1,2,209,1050,2,PUKE,1,shorf,1,450,nw,nw,nw,1,-1.35741,201,450,450,-1.630101,-1.717188
List2Session1,2,1,2,210,1050,2,PHILOSOPHY,3,groph,1,584,nw,nw,nw,1,-0.48305,201,584,584,-0.49859,-0.49578
List2Session1,2,1,2,211,1050,1,SHOE,4,save,1,615,other,un,nw,1,0.341505,101,615,615,0.417304,0.532696
List2Session1,2,1,2,212,1050,2,ONCE,4,hurnilane,1,598,nw,nw,un,1,-0.391699,201,598,598,-0.380373,-0.36817
List2Session1,2,1,2,213,1050,1,ROCKS,4,oxygen,1,645,other,un,nw,1,0.594626,101,645,645,0.693542,0.83864
List2Session1,2,1,2,214,1050,2,THOUGHT,2,helt,1,548,nw,nw,un,1,-0.717953,201,548,548,-0.802578,-0.82392
List2Session1,2,1,2,215,1050,1,BROCCOLI,2,spinach,1,549,other,rel,nw,1,-0.215362,101,549,549,-0.19042,-0.14038
List2Session1,2,1,2,216,1050,2,OVERWHELM,3,elt,1,646,nw,nw,rel,1,-0.078496,201,646,646,0.024945,0.069349
List2Session1,2,1,2,217,1050,2,CHART,1,bervous,1,739,nw,nw,nw,1,0.528336,201,739,739,0.810247,0.917043
List2Session1,2,1,2,218,1050,2,SPANK,4,glones,1,556,nw,nw,nw,1,-0.665752,201,556,556,-0.735026,-0.751
List2Session1,2,1,2,219,1050,1,JUVENILE,2,immature,1,541,other,rel,nw,1,-0.282861,101,541,541,-0.264084,-0.221965
List2Session1,2,1,2,220,1050,1,ACTION,4,noise,1,703,other,un,rel,1,1.083993,101,703,703,1.227602,1.430132
List2Session1,2,1,2,221,1050,1,CONFUSION,3,highway,1,634,first,un,un,1,0.730088,102,634,634,0.730088,0.84841
List2Session1,2,1,2,222,1050,1,SCRAP,4,mile,1,408,other,un,un,1,-1.405031,101,408,408,-1.48874,-1.578317
List2Session1,2,1,2,223,1050,1,PATIENCE,1,virtue,1,431,first,rel,un,1,-1.103411,102,431,431,-1.103411,-1.130531
List2Session1,2,1,2,224,1050,2,OBTAIN,2,funpy,1,469,nw,nw,rel,1,-1.233434,201,469,469,-1.469663,-1.544004
List2Session1,2,1,2,225,1050,2,NAG,3,ontomus,1,600,nw,nw,nw,1,-0.378649,201,600,600,-0.363485,-0.34994
List2Session1,2,1,2,226,1050,2,ATTIRE,1,epectric,1,567,nw,nw,nw,1,-0.593976,201,567,567,-0.64214,-0.650735
List2Session1,2,1,2,227,1050,2,CREATOR,2,epen,1,615,nw,nw,nw,1,-0.280773,201,615,615,-0.236823,-0.213216
List2Session1,2,1,2,228,1050,2,HOLD,1,pady,1,486,nw,nw,nw,1,-1.122507,201,486,486,-1.326113,-1.389049
List2Session1,2,1,2,229,1050,1,RESEARCH,2,paper,1,474,other,rel,nw,1,-0.848165,101,474,474,-0.881016,-0.90524
List2Session1,2,1,2,230,1050,1,FREAK,3,christmas,1,494,first,un,rel,1,-0.534394,102,494,494,-0.534394,-0.516377
List2Session1,2,1,2,231,1050,1,DEVELOPMENT,1,growth,1,497,first,rel,un,1,-0.507298,102,497,497,-0.507298,-0.487132
List2Session1,2,1,2,232,1050,2,SPIT,4,amea,1,548,nw,nw,rel,1,-0.717953,201,548,548,-0.802578,-0.82392
List2Session1,2,1,2,233,1050,2,RIP,1,slinnery,1,629,nw,nw,nw,1,-0.189422,201,629,629,-0.118605,-0.085606
List2Session1,2,1,2,234,1050,1,CONFERENCE,3,picket,1,532,first,un,nw,1,-0.191178,102,532,532,-0.191178,-0.145935
List2Session1,2,1,2,235,1050,1,MARK,3,late,1,453,first,un,un,1,-0.904707,102,453,453,-0.904707,-0.916065
List2Session1,2,1,2,236,1050,1,GREED,4,found,1,427,other,un,un,1,-1.244721,101,427,427,-1.313789,-1.384552
List2Session1,2,1,2,237,1050,2,TERROR,1,hewish,1,624,nw,nw,un,1,-0.222047,201,624,624,-0.160826,-0.131181
List2Session1,2,1,2,238,1050,2,DO,3,dore,1,703,nw,nw,nw,1,0.293434,201,703,703,0.506259,0.588903
List2Session1,2,1,2,239,1050,1,NECESSARY,3,catholic,1,586,first,un,nw,1,0.296551,102,586,586,0.296551,0.380483
List2Session1,2,1,2,240,1050,2,PIANO,4,slone,1,617,nw,nw,un,1,-0.267723,201,617,617,-0.219935,-0.194986
List2Session1,2,1,2,241,1050,2,DECREASE,3,fep,1,518,nw,nw,nw,1,-0.913705,201,518,518,-1.055902,-1.097369
List2Session1,2,1,2,242,1050,1,NORM,1,average,1,761,first,rel,nw,1,1.877153,102,761,761,1.877153,2.086467
List2Session1,2,1,2,243,1050,2,SNACK,2,peonle,1,610,nw,nw,rel,1,-0.313398,201,610,610,-0.279043,-0.25879
List2Session1,2,1,2,244,1050,1,SHOWER,3,number,1,529,first,un,nw,1,-0.218274,102,529,529,-0.218274,-0.17518
List2Session1,2,1,2,245,1050,1,MONUMENT,4,far,1,706,other,un,un,1,1.109305,101,706,706,1.255226,1.460726
List2Session1,2,1,2,246,1050,2,SHELL,2,tuplerpare,1,654,nw,nw,un,1,-0.026295,201,654,654,0.092497,0.142269
List2Session1,2,1,2,247,1050,2,GROWN,3,grothers,1,715,nw,nw,nw,1,0.371734,201,715,715,0.607588,0.698283
List2Session1,2,1,2,248,1050,2,REFLECTION,1,ingoors,1,725,nw,nw,nw,1,0.436985,201,725,725,0.692029,0.789433
List2Session1,2,1,2,249,1050,2,CURE,2,rint,1,574,nw,nw,nw,1,-0.548301,201,574,574,-0.583031,-0.58693
List2Session1,2,1,2,250,1050,2,LUMP,1,knib,1,703,nw,nw,nw,1,0.293434,201,703,703,0.506259,0.588903
List2Session1,2,1,2,251,1050,1,MATERIAL,2,object,1,474,other,rel,nw,1,-0.848165,101,474,474,-0.881016,-0.90524
List2Session1,2,1,2,252,1050,2,QUANTITY,1,cloties,1,750,nw,nw,rel,1,0.600112,201,750,750,0.903132,1.017308
List2Session1,2,1,2,253,1050,1,DRESSING,1,salad,1,518,first,rel,nw,1,-0.317626,102,518,518,-0.317626,-0.282413
List2Session1,2,1,2,254,1050,2,SCHOLARSHIP,4,banklack,1,969,nw,nw,rel,1,2.029103,201,969,969,2.752393,3.01349
List2Session1,2,1,2,255,1050,2,VAMPIRE,4,neef,1,697,nw,nw,nw,1,0.254283,201,697,697,0.455594,0.534213
List2Session1,2,1,2,256,1050,2,ILLNESS,1,lem,1,516,nw,nw,nw,1,-0.926755,201,516,516,-1.07279,-1.115599
List2Session1,2,1,2,257,1050,1,CIGAR,3,south,1,518,first,un,nw,1,-0.317626,102,518,518,-0.317626,-0.282413
List2Session1,2,1,2,258,1050,1,TEN,3,sheep,1,633,first,un,un,1,0.721056,102,633,633,0.721056,0.838662
List2Session1,2,1,2,259,1050,2,ROOF,2,walyer,1,662,nw,nw,un,1,0.025906,201,662,662,0.16005,0.215189
List2Session1,2,1,2,260,1050,1,PLANTS,4,partner,1,627,other,un,nw,1,0.442753,101,627,627,0.527799,0.655074
List2Session1,2,1,2,261,1050,1,CRUDE,4,nose,1,450,other,un,un,1,-1.050661,101,450,450,-1.102006,-1.149995
List2Session1,2,1,2,262,1050,2,SOCIETY,1,nilot,1,679,nw,nw,un,1,0.136832,201,679,679,0.3036,0.370144
List2Session1,2,1,2,263,1050,1,TRANCE,3,explosion,1,787,first,un,nw,1,2.111986,102,787,787,2.111986,2.339928
List2Session1,2,1,2,264,1050,2,CRAFTS,2,timp,1,522,nw,nw,un,1,-0.887605,201,522,522,-1.022125,-1.060909
List2Session1,2,1,2,265,1050,1,GLANDS,2,neck,1,507,other,rel,nw,1,-0.569731,101,507,507,-0.577154,-0.568702
List2Session1,2,1,2,266,1050,1,MAGGOT,1,worm,1,447,first,rel,rel,1,-0.958899,102,447,447,-0.958899,-0.974556
List2Session1,2,1,2,267,1050,1,SON,4,butterfly,1,596,other,un,rel,1,0.181195,101,596,596,0.242353,0.338932
List2Session1,2,1,2,268,1050,2,HAVOC,1,shile,1,692,nw,nw,un,1,0.221658,201,692,692,0.413374,0.488639
List2Session1,2,1,2,269,1050,2,SLIDE,3,pice,1,655,nw,nw,nw,1,-0.01977,201,655,655,0.100942,0.151384
List2Session1,2,1,2,270,1050,1,HOST,3,morning,1,556,first,un,nw,1,0.025591,102,556,556,0.025591,0.088029
List2Session1,2,1,2,271,1050,2,METAL,4,ond,1,572,nw,nw,un,1,-0.561351,201,572,572,-0.59992,-0.60516
List2Session1,2,1,2,272,1050,2,VEGETABLE,2,faw,1,684,nw,nw,nw,1,0.169457,201,684,684,0.345821,0.415719
List2Session1,2,1,2,273,1050,1,DEVELOP,1,grow,1,455,first,rel,nw,1,-0.886643,102,455,455,-0.886643,-0.896568
List2Session1,2,1,2,274,1050,1,CONFESS,4,alligator,1,604,other,un,rel,1,0.248694,101,604,604,0.316016,0.420517
List2Session1,2,1,2,275,1050,2,ADJUSTMENT,4,wime,1,539,nw,nw,un,1,-0.776679,201,539,539,-0.878575,-0.905955
List2Session1,2,1,2,276,1050,1,HAMMOCK,1,swing,1,684,first,rel,nw,1,1.181688,102,684,684,1.181688,1.335834
List2Session1,2,1,2,277,1050,1,TYPE,1,kind,1,488,first,rel,rel,1,-0.588586,102,488,488,-0.588586,-0.574868
List2Session1,2,1,2,278,1050,1,BUBBLE,1,gum,1,571,first,rel,rel,1,0.161071,102,571,571,0.161071,0.234256
List2Session1,2,1,2,279,1050,2,WHO,3,ferl,1,618,nw,nw,rel,1,-0.261198,201,618,618,-0.211491,-0.185871
List2Session1,2,1,2,280,1050,1,QUACK,1,duck,1,376,first,rel,nw,1,-1.600172,102,376,376,-1.600172,-1.666698
List2Session1,2,1,2,281,1050,1,BALLET,3,defeat,1,785,first,un,rel,1,2.093922,102,785,785,2.093922,2.320431
List2Session1,2,1,2,282,1050,1,SPINE,4,lace,1,521,other,un,un,1,-0.451608,101,521,521,-0.448242,-0.425928
List2Session1,2,1,2,283,1050,1,HOME,2,family,1,571,other,rel,un,1,-0.02974,101,571,571,0.012154,0.083978
List2Session1,2,1,2,284,1050,2,ALLOW,1,antiety,1,794,nw,nw,rel,1,0.887215,201,794,794,1.274673,1.418367
List2Session1,2,1,2,285,1050,2,SINCE,1,sorpow,1,530,nw,nw,nw,1,-0.835404,201,530,530,-0.954572,-0.987989
List2Session1,2,1,2,286,1050,2,HAUNT,4,slong,1,821,nw,nw,nw,1,1.063392,201,821,821,1.502664,1.664472
List2Session1,2,1,2,287,1050,1,THROUGH,4,long,1,554,other,un,nw,1,-0.173175,101,554,554,-0.14438,-0.08939
List2Session1,2,1,2,288,1050,2,HAIR,2,poeb,1,619,nw,nw,un,1,-0.254673,201,619,619,-0.203046,-0.176756
List2Session1,2,1,2,289,1050,2,GOD,4,toskital,1,537,nw,nw,nw,1,-0.789729,201,537,537,-0.895464,-0.924185
List2Session1,2,1,2,290,1050,1,POLLUTION,4,washington,1,747,other,un,nw,1,1.455237,101,747,747,1.632752,1.878849
List2Session1,2,1,2,291,1050,2,BUDGET,2,glastes,1,596,nw,nw,un,1,-0.404749,201,596,596,-0.397261,-0.3864
List2Session1,2,1,2,292,1050,2,ECSTASY,4,expenilent,1,676,nw,nw,nw,1,0.117257,201,676,676,0.278268,0.342799
List2Session1,2,1,2,293,1050,1,GOVERNMENT,3,nature,1,879,first,un,nw,1,2.942931,102,#NULL!,879,#NULL!,2.942931
List2Session1,2,1,2,294,1050,2,BROWN,2,chaom,1,515,nw,nw,un,1,-0.93328,201,515,515,-1.081234,-1.124714
List2Session1,2,1,2,295,1050,2,BEAST,3,examgle,1,581,nw,nw,nw,1,-0.502625,201,581,581,-0.523923,-0.523125
List2Session1,2,1,2,296,1050,2,PLUM,4,libe,1,581,nw,nw,nw,1,-0.502625,201,581,581,-0.523923,-0.523125
List2Session1,2,1,2,297,1050,1,RELAX,4,smooth,1,709,other,un,nw,1,1.134617,101,709,709,1.28285,1.49132
List2Session1,2,1,2,298,1050,1,WHERE,1,when,1,593,first,rel,un,1,0.359775,102,593,593,0.359775,0.448723
List2Session1,2,1,2,299,1050,1,NUT,4,motorcycle,1,608,other,un,rel,1,0.282443,101,608,608,0.352848,0.461309
List2Session1,2,1,2,300,1050,1,JUMP,3,man,1,495,first,un,un,1,-0.525362,102,495,495,-0.525362,-0.506629
List2Session1,2,1,2,301,1050,1,RESPONSIBLE,2,dependable,1,646,other,rel,un,1,0.603063,101,646,646,0.70275,0.848838
List2Session1,2,1,2,302,1050,1,IRRITATING,1,annoying,1,676,first,rel,rel,1,1.109432,102,676,676,1.109432,1.257846
List2Session1,2,1,2,303,1050,2,UP,2,plaf,1,464,nw,nw,rel,1,-1.266059,201,464,464,-1.511884,-1.589579
List2Session1,2,1,2,304,1050,1,FENCE,3,smoke,1,437,first,un,nw,1,-1.049219,102,437,437,-1.049219,-1.07204
List2Session1,2,1,2,305,1050,1,STING,4,exit,1,458,other,un,un,1,-0.983162,101,458,458,-1.028343,-1.06841
List2Session1,2,1,2,306,1050,2,RYE,4,agaim,1,559,nw,nw,un,1,-0.646177,201,559,559,-0.709693,-0.723655
List2Session1,2,1,2,307,1050,2,UNSOLVED,2,tamble,1,560,nw,nw,nw,1,-0.639652,201,560,560,-0.701249,-0.71454
List2Session1,2,1,2,308,1050,2,SPECIFIC,3,faf,1,625,nw,nw,nw,1,-0.215522,201,625,625,-0.152382,-0.122066
List2Session1,2,1,2,309,1050,1,NOW,1,later,1,639,first,rel,nw,1,0.775248,102,639,639,0.775248,0.897153
List2Session1,2,1,2,310,1050,1,CRACK,1,cocaine,1,636,first,rel,rel,1,0.748152,102,636,636,0.748152,0.867907
List2Session1,2,1,2,311,1050,1,BIAS,4,never,1,890,other,un,rel,1,2.661781,101,#NULL!,890,#NULL!,2.949487
List2Session1,2,1,2,312,1050,1,SNAIL,4,cell,1,653,other,un,un,1,0.662125,101,653,653,0.767205,0.920225
List2Session1,2,1,2,313,1050,2,TONE,3,droblem,1,585,nw,nw,un,1,-0.476525,201,585,585,-0.490146,-0.486665
List2Session1,2,1,2,314,1050,2,SHORE,2,pabinet,1,712,nw,nw,nw,1,0.352159,201,712,712,0.582256,0.670938
List2Session1,2,1,2,315,1050,1,FISHING,4,ability,1,579,other,un,nw,1,0.037759,101,579,579,0.085818,0.165564
List2Session1,2,1,2,316,1050,2,TUXEDO,1,rumes,1,499,nw,nw,un,1,-1.037681,201,499,499,-1.21634,-1.270554
List2Session1,2,1,2,317,1050,1,CEMENT,2,concrete,1,470,other,rel,nw,1,-0.881914,101,470,470,-0.917847,-0.946033
List2Session1,2,1,2,318,1050,1,CONTEST,1,winner,1,747,first,rel,rel,1,1.750705,102,747,747,1.750705,1.949988
List2Session1,2,1,2,319,1050,2,BARREL,2,poffee,1,660,nw,nw,rel,1,0.012855,201,660,660,0.143162,0.196959
List2Session1,2,1,2,320,1050,1,VANISH,4,play,1,449,other,un,nw,1,-1.059099,101,449,449,-1.111214,-1.160193
List2Session1,2,1,2,321,1050,2,RECOGNITION,4,trep,1,614,nw,nw,un,1,-0.287298,201,614,614,-0.245267,-0.222331
List2Session1,2,1,2,322,1050,1,TREAD,2,float,1,628,other,rel,nw,1,0.45119,101,628,628,0.537007,0.665272
List2Session1,2,1,2,323,1050,2,CORRIDOR,1,nusk,1,579,nw,nw,rel,1,-0.515676,201,579,579,-0.540811,-0.541355
List2Session1,2,1,2,324,1050,2,PROTECTION,3,pard,1,547,nw,nw,nw,1,-0.724478,201,547,547,-0.811023,-0.833035
List2Session1,2,1,2,325,1050,2,DOMINATE,3,dox,1,549,nw,nw,nw,1,-0.711428,201,549,549,-0.794134,-0.814805
List2Session1,2,1,2,326,1050,1,EVENING,4,promise,1,614,other,un,nw,1,0.333067,101,614,614,0.408096,0.522498
List2Session1,2,1,2,327,1050,1,PHASE,1,stage,1,485,first,rel,un,1,-0.615682,102,485,485,-0.615682,-0.604113
List2Session1,2,1,2,328,1050,1,GIRLFRIEND,1,boyfriend,1,440,first,rel,rel,1,-1.022123,102,440,440,-1.022123,-1.042795
List2Session1,2,1,2,329,1050,1,JOBLESS,3,day,1,495,first,un,rel,1,-0.525362,102,495,495,-0.525362,-0.506629
List2Session1,2,1,2,330,1050,1,FASHION,2,fad,0,577,other,rel,un,0,#NULL!,#NULL!,#NULL!,#NULL!,#NULL!,#NULL!
List2Session1,2,1,2,331,1050,1,RUNG,1,ladder,1,705,first,rel,rel,1,1.371361,102,705,705,1.371361,1.540552
List2Session1,2,1,2,332,1050,1,RULER,4,child,1,508,other,un,rel,1,-0.561294,101,508,508,-0.567946,-0.558504
List2Session1,2,1,2,333,1050,1,LEGS,4,innocent,1,927,other,un,un,1,2.973964,101,#NULL!,927,#NULL!,3.290181
List2Session1,2,1,2,334,1050,1,SUFFOCATE,1,die,1,528,first,rel,un,1,-0.227306,102,528,528,-0.227306,-0.184929
List2Session1,2,1,2,335,1050,2,SUGAR,2,pourt,1,595,nw,nw,rel,1,-0.411274,201,595,595,-0.405705,-0.395515
List2Session1,2,1,2,336,1050,2,ADVENTURE,4,norgal,1,627,nw,nw,nw,1,-0.202472,201,627,627,-0.135494,-0.103836
List2Session1,2,1,2,337,1050,2,PURPOSE,3,dountain,1,688,nw,nw,nw,1,0.195557,201,688,688,0.379597,0.452179
List2Session1,2,1,2,338,1050,1,CROPS,2,harvest,1,587,other,rel,nw,1,0.105258,101,587,587,0.159481,0.247149
List2Session1,2,1,2,339,1050,2,AWARENESS,1,grast,1,507,nw,nw,rel,1,-0.985481,201,507,507,-1.148787,-1.197634
List2Session1,2,1,2,340,1050,2,IMPLODE,3,ardue,1,590,nw,nw,nw,1,-0.4439,201,590,590,-0.447926,-0.44109
List2Session1,2,1,2,341,1050,1,LAMB,3,obsession,1,653,first,un,nw,1,0.901696,102,653,653,0.901696,1.033631
List2Session1,2,1,2,342,1050,2,PERCENTAGE,4,im,1,506,nw,nw,un,1,-0.992006,201,506,506,-1.157231,-1.206749
List2Session1,2,1,2,343,1050,1,ESCARGOT,3,toast,1,525,first,un,nw,1,-0.254402,102,525,525,-0.254402,-0.214174
List2Session1,2,1,2,344,1050,1,HERE,1,there,1,399,first,rel,un,1,-1.392435,102,399,399,-1.392435,-1.442483
List2Session1,2,1,2,345,1050,2,SECRET,2,alnoy,1,597,nw,nw,rel,1,-0.398224,201,597,597,-0.388817,-0.377285
List2Session1,2,1,2,346,1050,2,MONSTER,1,prees,1,581,nw,nw,nw,1,-0.502625,201,581,581,-0.523923,-0.523125
List2Session1,2,1,2,347,1050,2,SNEEZE,1,gio,1,501,nw,nw,nw,1,-1.024631,201,501,501,-1.199452,-1.252324
List2Session1,2,1,2,348,1050,2,WEAK,2,pactus,1,487,nw,nw,nw,1,-1.115982,201,487,487,-1.317669,-1.379934
List2Session1,2,1,2,349,1050,2,APE,2,guarm,1,492,nw,nw,nw,1,-1.083357,201,492,492,-1.275449,-1.334359
List2Session1,2,1,2,350,1050,1,ROUTINE,4,frog,1,543,other,un,nw,1,-0.265986,101,543,543,-0.245668,-0.201569
List2Session1,2,1,2,351,1050,2,SWEETHEART,4,clat,1,721,nw,nw,un,1,0.410885,201,721,721,0.658253,0.752973
List2Session1,2,1,2,352,1050,1,ABOVE,1,below,1,427,first,rel,nw,1,-1.139539,102,427,427,-1.139539,-1.169525
List2Session1,2,1,2,353,1050,1,GRASS,2,lawn,1,496,other,rel,rel,1,-0.662542,101,496,496,-0.678441,-0.680881
List2Session1,2,1,2,354,1050,1,SWEATER,2,jacket,1,499,other,rel,rel,1,-0.63723,101,499,499,-0.650817,-0.650287
List2Session1,2,1,2,355,1050,2,CAGE,2,sut,1,614,nw,nw,rel,1,-0.287298,201,614,614,-0.245267,-0.222331
List2Session1,2,1,2,356,1050,1,COLLECT,4,real,1,454,other,un,nw,1,-1.016912,101,454,454,-1.065174,-1.109203
List2Session1,2,1,2,357,1050,1,SQUEAL,4,teeth,1,474,other,un,un,1,-0.848165,101,474,474,-0.881016,-0.90524
List2Session1,2,1,2,358,1050,2,DEFENSE,3,pom,1,478,nw,nw,un,1,-1.174708,201,478,478,-1.393666,-1.461969
List2Session1,2,1,2,359,1050,1,EMPTY,4,duty,1,595,other,un,nw,1,0.172757,101,595,595,0.233145,0.328734
List2Session1,2,1,2,360,1050,1,DANDRUFF,2,flakes,1,641,other,rel,un,1,0.560876,101,641,641,0.65671,0.797848
List2Session1,2,1,2,361,1050,1,CLAW,3,glue,1,430,first,un,rel,1,-1.112443,102,430,430,-1.112443,-1.14028
List2Session1,2,1,2,362,1050,2,MOVIE,1,rittle,1,565,nw,nw,un,1,-0.607027,201,565,565,-0.659028,-0.668965
List2Session1,2,1,2,363,1050,1,MONEY,1,cash,1,533,first,rel,nw,1,-0.182146,102,533,533,-0.182146,-0.136186
List2Session1,2,1,2,364,1050,1,PITCHER,2,tea,1,535,other,rel,rel,1,-0.333485,101,535,535,-0.319331,-0.283154
List2Session1,2,1,2,365,1050,1,DIFFER,2,similar,1,666,other,rel,rel,1,0.771811,101,666,666,0.886909,1.052801
List2Session1,2,1,2,366,1050,1,ART,3,cheese,1,614,first,un,rel,1,0.549447,102,614,614,0.549447,0.653441
List2Session1,2,1,2,367,1050,1,COBBLER,3,american,1,629,first,un,un,1,0.684928,102,629,629,0.684928,0.799668
List2Session1,2,1,2,368,1050,1,BEWARE,4,sit,1,722,other,un,un,1,1.244303,101,722,722,1.402553,1.623896
List2Session1,2,1,2,369,1050,1,NUCLEAR,2,bomb,1,364,other,rel,un,1,-1.776275,101,364,364,-1.893889,-2.027035
List2Session1,2,1,2,370,1050,1,EVALUATE,4,nun,1,645,other,un,rel,1,0.594626,101,645,645,0.693542,0.83864
List2Session1,2,1,2,371,1050,2,PARTICIPATE,3,poon,1,643,nw,nw,un,1,-0.098071,201,643,643,-0.000388,0.042004
List2Session1,2,1,2,372,1050,1,MISSILE,2,rocket,1,465,other,rel,nw,1,-0.924101,101,465,465,-0.963887,-0.997023
List2Session1,2,1,2,373,1050,1,PHYSIOLOGY,1,body,1,566,first,rel,rel,1,0.115911,102,566,566,0.115911,0.185514
List2Session1,2,1,2,374,1050,2,BEAM,2,enping,1,1158,nw,nw,rel,1,3.262342,201,#NULL!,#NULL!,#NULL!,#NULL!
List2Session1,2,1,2,375,1050,1,EMOTION,1,feeling,1,431,first,rel,nw,1,-1.103411,102,431,431,-1.103411,-1.130531
List2Session1,2,1,2,376,1050,2,OCEAN,3,feak,1,724,nw,nw,rel,1,0.43046,201,724,724,0.683585,0.780318
List2Session1,2,1,2,377,1050,2,PARKWAY,3,merrible,1,623,nw,nw,nw,1,-0.228572,201,623,623,-0.16927,-0.140296
List2Session1,2,1,2,378,1050,2,INMATE,2,oxpentive,1,653,nw,nw,nw,1,-0.03282,201,653,653,0.084053,0.133154
List2Session1,2,1,2,379,1050,1,LIFE,4,dish,1,729,other,un,nw,1,1.303365,101,729,729,1.467009,1.695283
List2Session1,2,1,2,380,1050,2,PATH,2,rast,1,564,nw,nw,un,1,-0.613552,201,564,564,-0.667473,-0.67808
List2Session1,2,1,2,381,1050,1,MUST,3,crash,1,565,first,un,nw,1,0.106879,102,565,565,0.106879,0.175765
List2Session1,2,1,2,382,1050,1,PIE,1,apple,1,486,first,rel,un,1,-0.60665,102,486,486,-0.60665,-0.594365
List2Session1,2,1,2,383,1050,2,SLEEP,3,pords,1,649,nw,nw,rel,1,-0.05892,201,649,649,0.050277,0.096694
List2Session1,2,1,2,384,1050,2,EXERCISE,1,brinain,1,677,nw,nw,nw,1,0.123782,201,677,677,0.286712,0.351914
List2Session1,2,1,2,385,1050,1,PROUD,2,arrogant,1,673,other,rel,nw,1,0.830872,101,673,673,0.951364,1.124188
List2Session1,2,1,2,386,1050,1,UNDER,2,australia,1,685,other,rel,rel,1,0.932121,101,685,685,1.061859,1.246565
List2Session1,2,1,2,387,1050,1,HAT,1,head,1,457,first,rel,rel,1,-0.868579,102,457,457,-0.868579,-0.877071
List2Session1,2,1,2,388,1050,2,TENT,3,graldma,1,542,nw,nw,rel,1,-0.757103,201,542,542,-0.853243,-0.87861
List2Session1,2,1,2,389,1050,1,COUNTRY,3,quick,1,527,first,un,nw,1,-0.236338,102,527,527,-0.236338,-0.194677
List2Session1,2,1,2,390,1050,1,PAIR,1,two,1,481,first,rel,un,1,-0.65181,102,481,481,-0.65181,-0.643107
List2Session1,2,1,2,391,1050,2,PLUG,2,epivence,1,597,nw,nw,rel,1,-0.398224,201,597,597,-0.388817,-0.377285
List2Session1,2,1,2,392,1050,1,LONDON,1,england,1,340,first,rel,nw,1,-1.925324,102,340,340,-1.925324,-2.017643
List2Session1,2,1,2,393,1050,1,UNIT,2,part,1,477,other,rel,rel,1,-0.822852,101,477,477,-0.853392,-0.874646
List2Session1,2,1,2,394,1050,2,WEB,4,falm,1,737,nw,nw,rel,1,0.515286,201,737,737,0.793359,0.898813
List2Session1,2,1,2,395,1050,2,KNITTING,2,nocket,1,571,nw,nw,nw,1,-0.567876,201,571,571,-0.608364,-0.614275
List2Session1,2,1,2,396,1050,1,EXPLANATION,3,sorry,1,586,first,un,nw,1,0.296551,102,586,586,0.296551,0.380483
List2Session1,2,1,2,397,1050,1,HANDBAG,4,forever,1,602,other,un,un,1,0.231819,101,602,602,0.297601,0.400121
List2Session1,2,1,2,398,1050,1,CRUSH,3,speech,1,585,first,un,un,1,0.287519,102,585,585,0.287519,0.370735
List2Session1,2,1,2,399,1050,1,INTUITION,3,force,1,441,first,un,un,1,-1.013091,102,441,441,-1.013091,-1.033046
List2Session1,2,1,2,400,1050,2,RINSE,4,pinished,1,637,nw,nw,un,1,-0.137221,201,637,637,-0.051052,-0.012686
List2Session1,2,1,2,401,1050,1,ACQUIRE,3,offense,1,631,first,un,nw,1,0.702992,102,631,631,0.702992,0.819165
List2Session1,2,1,2,402,1050,2,BASKET,1,migor,1,549,nw,nw,un,1,-0.711428,201,549,549,-0.794134,-0.814805
List2Session1,2,1,2,403,1050,2,BACK,2,inprease,1,646,nw,nw,nw,1,-0.078496,201,646,646,0.024945,0.069349
List2Session1,2,1,2,404,1050,1,AUTHOR,4,planet,1,516,other,un,nw,1,-0.493795,101,516,516,-0.494282,-0.476919
List2Session1,2,1,2,405,1050,2,HELL,4,mealth,1,582,nw,nw,un,1,-0.4961,201,582,582,-0.515479,-0.51401
List2Session1,2,1,2,406,1050,1,RECORD,2,listen,1,438,other,rel,nw,1,-1.15191,101,438,438,-1.212501,-1.272373
List2Session1,2,1,2,407,1050,1,ACCOUNT,2,for,1,523,other,rel,rel,1,-0.434733,101,523,523,-0.429827,-0.405532
List2Session1,2,1,2,408,1050,1,BRUNETTE,1,blonde,1,413,first,rel,rel,1,-1.265987,102,413,413,-1.265987,-1.306004
List2Session1,2,1,2,409,1050,2,HORRIBLE,1,exglain,1,612,nw,nw,rel,1,-0.300348,201,612,612,-0.262155,-0.24056
List2Session1,2,1,2,410,1050,1,HAYSTACK,2,cow,1,483,other,rel,nw,1,-0.772228,101,483,483,-0.798144,-0.813457
List2Session1,2,1,2,411,1050,2,INFERIOR,1,thorst,0,486,nw,nw,rel,0,#NULL!,#NULL!,#NULL!,#NULL!,#NULL!,#NULL!
List2Session1,2,1,2,412,1050,1,KEEPER,3,dress,1,538,first,un,nw,1,-0.136986,102,538,538,-0.136986,-0.087444
List2Session1,2,1,2,413,1050,1,LEDGE,1,cliff,1,348,first,rel,un,1,-1.853068,102,348,348,-1.853068,-1.939655
List2Session1,2,1,2,414,1050,1,LOOK,4,spider,1,581,other,un,rel,1,0.054634,101,581,581,0.104234,0.18596
List2Session1,2,1,2,415,1050,1,ALPHABET,1,letters,1,469,first,rel,un,1,-0.760194,102,469,469,-0.760194,-0.760089
List2Session1,2,1,2,416,50,2,SQUEAK,1,curmains,1,784,nw,nw,rel,1,0.909306,204,784,784,1.183329,1.183329
List2Session1,2,1,2,417,50,1,HEIGHTS,4,rug,1,543,other,un,nw,1,-0.715702,103,543,543,-0.83378,-0.83378
List2Session1,2,1,2,418,50,2,CLOWN,3,wongue,1,600,nw,nw,un,1,-0.435203,204,600,600,-0.429027,-0.429027
List2Session1,2,1,2,419,50,2,EXCISE,3,wrunk,1,496,nw,nw,nw,1,-1.195144,204,496,496,-1.340358,-1.340358
List2Session1,2,1,2,420,50,2,SEAM,2,oct,1,683,nw,nw,nw,1,0.171287,204,683,683,0.298286,0.298286
List2Session1,2,1,2,421,50,2,MONTHLY,2,trame,1,591,nw,nw,nw,1,-0.500967,204,591,591,-0.507892,-0.507892
List2Session1,2,1,2,422,50,2,CAUSE,2,wilkway,1,726,nw,nw,nw,1,0.485494,204,726,726,0.675086,0.675086
List2Session1,2,1,2,423,50,2,HEAT,2,bomen,1,568,nw,nw,nw,1,-0.669031,204,568,568,-0.709436,-0.709436
List2Session1,2,1,2,424,50,2,COMPLEX,4,tind,1,496,nw,nw,nw,1,-1.195144,204,496,496,-1.340358,-1.340358
List2Session1,2,1,2,425,50,2,STUB,3,mouch,1,572,nw,nw,nw,1,-0.639803,204,572,572,-0.674385,-0.674385
List2Session1,2,1,2,426,50,2,MORTGAGE,2,peather,1,803,nw,nw,nw,1,1.048142,204,803,803,1.349822,1.349822
List2Session1,2,1,2,427,50,2,LIZARD,3,derfect,1,738,nw,nw,nw,1,0.573179,204,738,738,0.78024,0.78024
List2Session1,2,1,2,428,50,1,HATCHET,3,peace,1,579,first,un,nw,1,-0.344856,101,579,579,-0.324111,-0.324111
List2Session1,2,1,2,429,50,2,WATERFALL,2,pift,1,555,nw,nw,un,1,-0.764024,204,555,555,-0.823353,-0.823353
List2Session1,2,1,2,430,50,1,BIOLOGY,4,she,1,739,other,un,nw,1,0.596494,103,739,739,0.925306,0.925306
List2Session1,2,1,2,431,50,1,LOOSE,1,tight,1,581,first,rel,un,1,-0.331506,101,581,581,-0.307377,-0.307377
List2Session1,2,1,2,432,50,2,QUOTIENT,4,burder,1,798,nw,nw,rel,1,1.011606,204,798,798,1.306008,1.306008
List2Session1,2,1,2,433,50,2,WHISKEY,3,sime,1,574,nw,nw,nw,1,-0.625188,204,574,574,-0.65686,-0.65686
List2Session1,2,1,2,434,50,2,DOLLARS,4,vays,1,838,nw,nw,nw,1,1.303891,204,838,838,1.65652,1.65652
List2Session1,2,1,2,435,50,1,HESITATE,3,poker,1,707,first,un,nw,1,0.509552,101,707,707,0.74685,0.74685
List2Session1,2,1,2,436,50,2,TECHNIQUE,3,sumlary,1,565,nw,nw,un,1,-0.690953,204,565,565,-0.735725,-0.735725
List2Session1,2,1,2,437,50,1,PROVERB,3,silly,1,605,first,un,nw,1,-0.171305,101,605,605,-0.106572,-0.106572
List2Session1,2,1,2,438,50,2,TOE,1,wront,1,548,nw,nw,un,1,-0.815174,204,548,548,-0.884692,-0.884692
List2Session1,2,1,2,439,50,2,COMFORTABLE,4,owm,1,750,nw,nw,nw,1,0.660864,204,750,750,0.885393,0.885393
List2Session1,2,1,2,440,50,1,FRIES,3,submarine,1,687,first,un,nw,1,0.376051,101,687,687,0.579512,0.579512
List2Session1,2,1,2,441,50,1,YES,2,positive,1,563,other,rel,un,1,-0.581804,103,563,563,-0.654281,-0.654281
List2Session1,2,1,2,442,50,2,LEND,3,aif,1,540,nw,nw,rel,1,-0.873631,204,540,540,-0.954795,-0.954795
List2Session1,2,1,2,443,50,2,REPAIR,3,staip,1,597,nw,nw,nw,1,-0.457125,204,597,597,-0.455315,-0.455315
List2Session1,2,1,2,444,50,1,TASTY,2,treat,1,924,other,rel,nw,1,1.835047,103,924,924,2.585668,2.585668
List2Session1,2,1,2,445,50,2,HOMEWORK,3,drinp,1,518,nw,nw,rel,1,-1.034387,204,518,518,-1.147576,-1.147576
List2Session1,2,1,2,446,50,1,ADORABLE,1,cute,1,545,first,rel,nw,1,-0.571809,101,545,545,-0.608585,-0.608585
List2Session1,2,1,2,447,50,1,PARIS,3,shoelace,1,794,first,un,rel,1,1.090283,101,794,794,1.474769,1.474769
List2Session1,2,1,2,448,50,2,WORSHIP,4,stade,1,681,nw,nw,un,1,0.156673,204,681,681,0.28076,0.28076
List2Session1,2,1,2,449,50,1,MYTH,3,clock,1,525,first,un,nw,1,-0.70531,101,525,525,-0.775923,-0.775923
List2Session1,2,1,2,450,50,2,FEMALE,3,thoumand,1,615,nw,nw,un,1,-0.325597,204,615,615,-0.297585,-0.297585
List2Session1,2,1,2,451,50,1,STITCH,4,lesson,1,606,other,un,nw,1,-0.293925,103,606,606,-0.268359,-0.268359
List2Session1,2,1,2,452,50,2,FOOTBALL,4,vanues,1,660,nw,nw,un,1,0.003224,204,660,660,0.096741,0.096741
List2Session1,2,1,2,453,50,2,PERFORM,3,veach,1,634,nw,nw,nw,1,-0.186761,204,634,634,-0.131091,-0.131091
List2Session1,2,1,2,454,50,1,STOMACH,1,ache,1,527,first,rel,nw,1,-0.69196,101,527,527,-0.759189,-0.759189
List2Session1,2,1,2,455,50,1,CONTAINER,3,award,1,713,first,un,rel,1,0.549603,101,713,713,0.797051,0.797051
List2Session1,2,1,2,456,50,1,AX,4,daily,1,524,other,un,un,1,-0.842905,103,524,524,-1.004303,-1.004303
List2Session1,2,1,2,457,50,2,FRISK,3,datch,1,597,nw,nw,un,1,-0.457125,204,597,597,-0.455315,-0.455315
List2Session1,2,1,2,458,50,1,PACK,4,rot,1,684,other,un,nw,1,0.228276,103,684,684,0.431685,0.431685
List2Session1,2,1,2,459,50,1,LIBERAL,1,conservativ,1,561,first,rel,un,1,-0.465008,101,561,561,-0.474715,-0.474715
List2Session1,2,1,2,460,50,2,DRIP,1,fonest,1,617,nw,nw,rel,1,-0.310982,204,617,617,-0.280059,-0.280059
List2Session1,2,1,2,461,50,1,WEATHER,1,climate,1,560,first,rel,nw,1,-0.471683,101,560,560,-0.483082,-0.483082
List2Session1,2,1,2,462,50,1,VICTOR,2,loser,1,488,other,rel,rel,1,-1.08392,103,488,488,-1.327401,-1.327401
List2Session1,2,1,2,463,50,1,BROIL,3,instrument,1,580,first,un,rel,1,-0.338181,101,580,580,-0.315744,-0.315744
List2Session1,2,1,2,464,50,2,CHEAT,2,lon,1,620,nw,nw,un,1,-0.289061,204,620,620,-0.253771,-0.253771
List2Session1,2,1,2,465,50,2,POLITICIAN,4,anvice,1,643,nw,nw,nw,1,-0.120997,204,643,643,-0.052226,-0.052226
List2Session1,2,1,2,466,50,1,COUGAR,2,lion,1,505,other,rel,nw,1,-0.970107,103,505,505,-1.174827,-1.174827
List2Session1,2,1,2,467,50,1,TIRED,4,deep,1,498,other,un,rel,1,-1.016971,103,498,498,-1.237652,-1.237652
List2Session1,2,1,2,468,50,2,WASTED,4,tany,1,526,nw,nw,un,1,-0.97593,204,526,526,-1.077474,-1.077474
List2Session1,2,1,2,469,50,2,SCHEME,2,troken,1,584,nw,nw,nw,1,-0.552117,204,584,584,-0.569232,-0.569232
List2Session1,2,1,2,470,50,2,ARTIST,2,dreap,1,607,nw,nw,nw,1,-0.384054,204,607,607,-0.367687,-0.367687
List2Session1,2,1,2,471,50,1,MOMENT,4,closed,1,534,other,un,nw,1,-0.775956,103,534,534,-0.914554,-0.914554
List2Session1,2,1,2,472,50,2,OVERCOME,3,melapionshi,1,768,nw,nw,un,1,0.792393,204,768,768,1.043124,1.043124
List2Session1,2,1,2,473,50,2,SHADE,4,meacher,1,576,nw,nw,nw,1,-0.610574,204,576,576,-0.639334,-0.639334
List2Session1,2,1,2,474,50,1,HUSK,2,elephant,1,585,other,rel,nw,1,-0.434517,103,585,585,-0.456833,-0.456833
List2Session1,2,1,2,475,50,1,DIFFERENCE,2,subtract,1,609,other,rel,rel,1,-0.27384,103,609,609,-0.241434,-0.241434
List2Session1,2,1,2,476,50,2,BEAN,1,ramio,1,615,nw,nw,rel,1,-0.325597,204,615,615,-0.297585,-0.297585
List2Session1,2,1,2,477,50,1,SWAMP,4,medicine,1,605,other,un,nw,1,-0.30062,103,605,605,-0.277334,-0.277334
List2Session1,2,1,2,478,50,2,POOR,2,sar,1,547,nw,nw,un,1,-0.822481,204,547,547,-0.893455,-0.893455
List2Session1,2,1,2,479,50,1,REMIND,2,remember,1,493,other,rel,nw,1,-1.050446,103,493,493,-1.282526,-1.282526
List2Session1,2,1,2,480,50,2,CHAIN,3,jight,1,537,nw,nw,rel,1,-0.895552,204,537,537,-0.981083,-0.981083
List2Session1,2,1,2,481,50,1,TICKET,1,concert,1,530,first,rel,nw,1,-0.671935,101,530,530,-0.734088,-0.734088
List2Session1,2,1,2,482,50,2,CONTROL,3,hode,1,508,nw,nw,rel,1,-1.107458,204,508,508,-1.235204,-1.235204
List2Session1,2,1,2,483,50,1,IMAGINE,4,christ,1,631,other,un,nw,1,-0.126553,103,631,631,-0.043986,-0.043986
List2Session1,2,1,2,484,50,2,SANDWICH,4,sen,1,525,nw,nw,un,1,-0.983237,204,525,525,-1.086237,-1.086237
List2Session1,2,1,2,485,50,1,CHIME,1,bell,1,599,first,rel,nw,1,-0.211355,101,599,599,-0.156773,-0.156773
List2Session1,2,1,2,486,50,2,OZONE,1,besus,1,573,nw,nw,rel,1,-0.632496,204,573,573,-0.665622,-0.665622
List2Session1,2,1,2,487,50,1,DECENCY,4,map,1,550,other,un,nw,1,-0.668838,103,550,550,-0.770955,-0.770955
List2Session1,2,1,2,488,50,2,CRUNCH,4,ase,1,638,nw,nw,un,1,-0.157533,204,638,638,-0.09604,-0.09604
List2Session1,2,1,2,489,50,1,CHARGE,4,safe,1,579,other,un,nw,1,-0.474686,103,579,579,-0.510682,-0.510682
List2Session1,2,1,2,490,50,1,GROCERY,1,store,1,492,first,rel,un,1,-0.925587,101,492,492,-1.05203,-1.05203
List2Session1,2,1,2,491,50,2,CHURCH,2,conpinent,1,711,nw,nw,rel,1,0.375887,204,711,711,0.543644,0.543644
List2Session1,2,1,2,492,50,1,WINGS,1,bird,1,570,first,rel,nw,1,-0.404932,101,570,570,-0.399413,-0.399413
List2Session1,2,1,2,493,50,2,FAITH,2,vattle,1,546,nw,nw,rel,1,-0.829788,204,546,546,-0.902218,-0.902218
List2Session1,2,1,2,494,50,1,BUG,4,guilty,1,812,other,un,nw,1,1.08522,103,812,812,1.580476,1.580476
List2Session1,2,1,2,495,50,1,SAINT,1,angel,1,475,first,rel,un,1,-1.039063,101,475,475,-1.194267,-1.194267
List2Session1,2,1,2,496,50,1,MEMBER,3,plead,1,903,first,un,rel,1,1.817865,101,903,903,2.386759,2.386759
List2Session1,2,1,2,497,50,1,TRAIN,2,station,1,657,other,rel,un,1,0.047514,103,657,657,0.189362,0.189362
List2Session1,2,1,2,498,50,2,SHAKE,1,pungry,1,743,nw,nw,rel,1,0.609715,204,743,743,0.824054,0.824054
List2Session1,2,1,2,499,50,1,GEOMETRY,2,shape,1,536,other,rel,nw,1,-0.762566,103,536,536,-0.896604,-0.896604
List2Session1,2,1,2,500,50,2,SIX,1,re,1,1409,nw,nw,rel,1,5.476256,204,#NULL!,#NULL!,#NULL!,#NULL!
List2Session1,2,1,2,501,50,1,NAVIGATOR,3,often,1,503,first,un,nw,1,-0.852162,101,503,503,-0.959994,-0.959994
List2Session1,2,1,2,502,50,1,EUROPE,1,asia,1,513,first,rel,un,1,-0.785411,101,513,513,-0.876325,-0.876325
List2Session1,2,1,2,503,50,1,SOUP,2,vegetables,1,685,other,rel,rel,1,0.234971,103,685,685,0.44066,0.44066
List2Session1,2,1,2,504,50,2,SUPPOSE,2,whe,1,928,nw,nw,rel,1,1.961532,204,928,928,2.445172,2.445172
List2Session1,2,1,2,505,50,2,STOPPER,4,percil,1,842,nw,nw,nw,1,1.333119,204,842,842,1.691571,1.691571
List2Session1,2,1,2,506,50,2,SONNET,3,nake,1,904,nw,nw,nw,1,1.786161,204,904,904,2.234865,2.234865
List2Session1,2,1,2,507,50,1,REPEAT,3,inhale,1,706,first,un,nw,1,0.502877,101,706,706,0.738483,0.738483
List2Session1,2,1,2,508,50,1,OVAL,4,basketball,1,693,other,un,un,1,0.28853,103,693,693,0.51246,0.51246
List2Session1,2,1,2,509,50,2,EMERGENCY,1,breanfant,1,777,nw,nw,un,1,0.858157,204,777,777,1.121989,1.121989
List2Session1,2,1,2,510,50,2,REFLECT,4,pigher,1,600,nw,nw,nw,1,-0.435203,204,600,600,-0.429027,-0.429027
List2Session1,2,1,2,511,50,1,ICE,2,pick,1,688,other,rel,nw,1,0.255055,103,688,688,0.467585,0.467585
List2Session1,2,1,2,512,50,2,ADVISE,2,hather,1,627,nw,nw,rel,1,-0.237911,204,627,627,-0.192431,-0.192431
List2Session1,2,1,2,513,50,2,UNDERSTAND,2,perdume,1,585,nw,nw,nw,1,-0.54481,204,585,585,-0.560469,-0.560469
List2Session1,2,1,2,514,50,1,TOW,2,carry,1,641,other,rel,nw,1,-0.059604,103,641,641,0.045763,0.045763
List2Session1,2,1,2,515,50,1,HUNDRED,3,puzzle,1,712,first,un,rel,1,0.542927,101,712,712,0.788684,0.788684
List2Session1,2,1,2,516,50,1,TONIC,3,skinny,1,554,first,un,un,1,-0.511733,101,554,554,-0.533283,-0.533283
List2Session1,2,1,2,517,50,1,SLANDER,3,rough,0,115,first,un,un,0,#NULL!,#NULL!,#NULL!,#NULL!,#NULL!,#NULL!
List2Session1,2,1,2,518,50,2,COMPACT,1,whote,1,766,nw,nw,un,1,0.777778,204,766,766,1.025598,1.025598
List2Session1,2,1,2,519,50,2,HARLEY,4,losp,1,574,nw,nw,nw,1,-0.625188,204,574,574,-0.65686,-0.65686
List2Session1,2,1,2,520,50,2,LID,1,chapacteris,1,854,nw,nw,nw,1,1.420805,204,854,854,1.796725,1.796725
List2Session1,2,1,2,521,50,2,DIRECTIONS,4,misunpersla,1,787,nw,nw,nw,1,0.931228,204,787,787,1.209617,1.209617
List2Session1,2,1,2,522,50,2,LIFT,4,chana,1,563,nw,nw,nw,1,-0.705567,204,563,563,-0.75325,-0.75325
List2Session1,2,1,2,523,50,1,WICKER,1,basket,1,588,first,rel,nw,1,-0.284781,101,588,588,-0.248809,-0.248809
List2Session1,2,1,2,524,50,1,CAMEL,2,egypt,1,979,other,rel,rel,1,2.203265,103,979,979,3.079289,3.079289
List2Session1,2,1,2,525,50,2,THIN,2,enplish,1,684,nw,nw,rel,1,0.178595,204,684,684,0.307049,0.307049
List2Session1,2,1,2,526,50,1,DANGEROUS,4,pizza,1,640,other,un,nw,1,-0.066299,103,640,640,0.036788,0.036788
List2Session1,2,1,2,527,50,1,FOLLY,1,mistake,1,581,first,rel,un,1,-0.331506,101,581,581,-0.307377,-0.307377
List2Session1,2,1,2,528,50,2,MORAL,2,mastache,0,1276,nw,nw,rel,0,#NULL!,#NULL!,#NULL!,#NULL!,#NULL!,#NULL!
List2Session1,2,1,2,529,50,1,BLUR,1,vision,1,584,first,rel,nw,1,-0.311481,101,584,584,-0.282277,-0.282277
List2Session1,2,1,2,530,50,2,INSTINCT,1,dothing,1,767,nw,nw,rel,1,0.785085,204,767,767,1.034361,1.034361
List2Session1,2,1,2,531,50,2,PANCAKES,3,drash,1,719,nw,nw,nw,1,0.434344,204,719,719,0.613747,0.613747
List2Session1,2,1,2,532,50,2,ICEBERG,4,hozy,0,610,nw,nw,nw,0,#NULL!,#NULL!,#NULL!,#NULL!,#NULL!,#NULL!
List2Session1,2,1,2,533,50,2,BREEZEWAY,1,olp,1,520,nw,nw,nw,1,-1.019773,204,520,520,-1.130051,-1.130051
List2Session1,2,1,2,534,50,2,DIAMETER,1,talf,1,594,nw,nw,nw,1,-0.479046,204,594,594,-0.481604,-0.481604
List2Session1,2,1,2,535,50,2,OBSTACLE,1,stral,1,586,nw,nw,nw,1,-0.537503,204,586,586,-0.551706,-0.551706
List2Session1,2,1,2,536,50,1,SECRETARY,3,wall,1,578,first,un,nw,1,-0.351531,101,578,578,-0.332478,-0.332478
List2Session1,2,1,2,537,50,1,MEND,2,break,1,665,other,rel,un,1,0.101073,103,665,665,0.261162,0.261162
List2Session1,2,1,2,538,50,2,PICTURE,1,bre,1,509,nw,nw,rel,1,-1.100151,204,509,509,-1.226442,-1.226442
List2Session1,2,1,2,539,50,2,HITCH,2,tive,1,488,nw,nw,nw,1,-1.253601,204,488,488,-1.41046,-1.41046
List2Session1,2,1,2,540,50,1,CARING,3,neat,0,1172,first,un,nw,0,#NULL!,#NULL!,#NULL!,#NULL!,#NULL!,#NULL!
List2Session1,2,1,2,541,50,1,RADIATOR,2,warm,1,581,other,rel,un,1,-0.461297,103,581,581,-0.492732,-0.492732
List2Session1,2,1,2,542,50,2,TREBLE,3,ashieve,1,653,nw,nw,rel,1,-0.047926,204,653,653,0.035402,0.035402
List2Session1,2,1,2,543,50,1,MIRAGE,3,want,1,594,first,un,nw,1,-0.24473,101,594,594,-0.198608,-0.198608
List2Session1,2,1,2,544,50,2,CHOCOLATE,3,praw,1,490,nw,nw,un,1,-1.238986,204,490,490,-1.392935,-1.392935
List2Session1,2,1,2,545,50,2,ACHIEVEMENT,2,douth,1,709,nw,nw,nw,1,0.361273,204,709,709,0.526119,0.526119
List2Session1,2,1,2,546,50,1,ADOLESCENT,4,gain,1,1000,other,un,nw,1,2.343857,103,1000,1000,3.267763,3.267763
List2Session1,2,1,2,547,50,2,WOOD,2,bown,1,799,nw,nw,un,1,1.018913,204,799,799,1.314771,1.314771
List2Session1,2,1,2,548,50,2,EVICT,2,artument,1,830,nw,nw,nw,1,1.245434,204,830,830,1.586417,1.586417
List2Session1,2,1,2,549,50,2,PIOUS,1,oim,1,508,nw,nw,nw,1,-1.107458,204,508,508,-1.235204,-1.235204
List2Session1,2,1,2,550,50,2,TASTE,4,doms,1,519,nw,nw,nw,1,-1.02708,204,519,519,-1.138814,-1.138814
List2Session1,2,1,2,551,50,2,FAULT,4,apuse,1,1106,nw,nw,nw,1,3.262199,204,#NULL!,#NULL!,#NULL!,#NULL!
List2Session1,2,1,2,552,50,2,POWDER,2,repigion,1,613,nw,nw,nw,1,-0.340211,204,613,613,-0.31511,-0.31511
List2Session1,2,1,2,553,50,2,SAUSAGE,2,floripa,1,507,nw,nw,nw,1,-1.114765,204,507,507,-1.243967,-1.243967
List2Session1,2,1,2,554,50,1,GLANCE,3,sink,1,599,first,un,nw,1,-0.211355,101,599,599,-0.156773,-0.156773
List2Session1,2,1,2,555,50,1,PICKLE,2,dill,1,670,other,rel,un,1,0.134548,103,670,670,0.306036,0.306036
List2Session1,2,1,2,556,50,1,COOLER,1,wine,1,482,first,rel,rel,1,-0.992338,101,482,482,-1.135699,-1.135699
List2Session1,2,1,2,557,50,2,CHAPTER,4,dar,1,622,nw,nw,rel,1,-0.274447,204,622,622,-0.236245,-0.236245
List2Session1,2,1,2,558,50,2,PRECISE,3,cibbage,1,772,nw,nw,nw,1,0.821621,204,772,772,1.078175,1.078175
List2Session1,2,1,2,559,50,1,ASSISTANCE,4,piece,1,693,other,un,nw,1,0.28853,103,693,693,0.51246,0.51246
List2Session1,2,1,2,560,50,2,SOCKS,3,smeak,1,777,nw,nw,un,1,0.858157,204,777,777,1.121989,1.121989
List2Session1,2,1,2,561,50,2,CONNECT,1,anp,1,553,nw,nw,nw,1,-0.778638,204,553,553,-0.840878,-0.840878
List2Session1,2,1,2,562,50,2,WASP,4,opange,1,657,nw,nw,nw,1,-0.018698,204,657,657,0.070453,0.070453
List2Session1,2,1,2,563,50,2,SNEAK,1,franile,1,662,nw,nw,nw,1,0.017838,204,662,662,0.114267,0.114267
List2Session1,2,1,2,564,50,2,NIGHTGOWN,2,poot,1,636,nw,nw,nw,1,-0.172147,204,636,636,-0.113566,-0.113566
List2Session1,2,1,2,565,50,2,TRAIT,1,traimer,1,577,nw,nw,nw,1,-0.603267,204,577,577,-0.630571,-0.630571
List2Session1,2,1,2,566,50,2,EXHALE,3,sarts,1,617,nw,nw,nw,1,-0.310982,204,617,617,-0.280059,-0.280059
List2Session1,2,1,2,567,50,2,HOURS,4,ak,1,430,nw,nw,nw,1,-1.677414,204,430,430,-1.918703,-1.918703
List2Session1,2,1,2,568,50,1,STOVE,2,kitchen,1,940,other,rel,nw,1,1.942165,103,940,940,2.729267,2.729267
List2Session1,2,1,2,569,50,1,INTROVERT,1,extrovert,1,839,first,rel,rel,1,1.390661,101,839,839,1.851279,1.851279
List2Session1,2,1,2,570,50,1,POND,1,lake,1,484,first,rel,rel,1,-0.978988,101,484,484,-1.118965,-1.118965
List2Session1,2,1,2,571,50,1,MONKEY,3,wash,1,527,first,un,rel,1,-0.69196,101,527,527,-0.759189,-0.759189
List2Session1,2,1,2,572,50,1,LEMON,4,believe,1,618,other,un,un,1,-0.213586,103,618,618,-0.16066,-0.16066
List2Session1,2,1,2,573,50,1,PROTECT,4,fantasy,1,672,other,un,un,1,0.147937,103,672,672,0.323986,0.323986
List2Session1,2,1,2,574,50,1,CHECKERS,4,cotton,1,628,other,un,un,1,-0.146637,103,628,628,-0.070911,-0.070911
List2Session1,2,1,2,575,50,1,ORIGINAL,3,cologne,1,683,first,un,un,1,0.349351,101,683,683,0.546045,0.546045
List2Session1,2,1,2,576,50,1,AROUND,2,world,1,671,other,rel,un,1,0.141242,103,671,671,0.315011,0.315011
List2Session1,2,1,2,577,50,2,SELF,1,cober,1,610,nw,nw,rel,1,-0.362132,204,610,610,-0.341399,-0.341399
List2Session1,2,1,2,578,50,2,ROAM,1,eapy,1,697,nw,nw,nw,1,0.273587,204,697,697,0.420965,0.420965
List2Session1,2,1,2,579,50,1,PALM,4,take,0,637,other,un,nw,0,#NULL!,#NULL!,#NULL!,#NULL!,#NULL!,#NULL!
List2Session1,2,1,2,580,50,2,NEPHEW,4,lother,0,994,nw,nw,un,0,#NULL!,#NULL!,#NULL!,#NULL!,#NULL!,#NULL!
List2Session1,2,1,2,581,50,2,DINER,2,bemief,1,714,nw,nw,nw,1,0.397808,204,714,714,0.569933,0.569933
List2Session1,2,1,2,582,50,2,THANKS,3,tuccess,1,716,nw,nw,nw,1,0.412422,204,716,716,0.587458,0.587458
List2Session1,2,1,2,583,50,1,BULLETIN,1,board,1,543,first,rel,nw,1,-0.585159,101,543,543,-0.625319,-0.625319
List2Session1,2,1,2,584,50,2,HURT,1,irnegumar,1,776,nw,nw,rel,1,0.85085,204,776,776,1.113226,1.113226
List2Session1,2,1,2,585,50,2,NURSE,2,beven,1,617,nw,nw,nw,1,-0.310982,204,617,617,-0.280059,-0.280059
List2Session1,2,1,2,586,50,2,COOK,2,drot,1,622,nw,nw,nw,1,-0.274447,204,622,622,-0.236245,-0.236245
List2Session1,2,1,2,587,50,2,MEAT,1,greep,1,644,nw,nw,nw,1,-0.11369,204,644,644,-0.043463,-0.043463
List2Session1,2,1,2,588,50,2,TOGETHER,1,rovement,1,954,nw,nw,nw,1,2.151517,204,954,954,2.673005,2.673005
List2Session1,2,1,2,589,50,2,VIRGIN,4,wreat,1,676,nw,nw,nw,1,0.120138,204,676,676,0.236946,0.236946
List2Session1,2,1,2,590,50,1,PUMP,4,bra,1,824,other,un,nw,1,1.165559,103,824,824,1.688175,1.688175
List2Session1,2,1,2,591,50,2,RACK,4,lep,1,646,nw,nw,un,1,-0.099076,204,646,646,-0.025938,-0.025938
List2Session1,2,1,2,592,50,1,OWN,3,yard,1,620,first,un,nw,1,-0.071179,101,620,620,0.018931,0.018931
List2Session1,2,1,2,593,50,1,ENRAGE,2,calm,1,1442,other,rel,un,1,5.302993,103,#NULL!,#NULL!,#NULL!,#NULL!
List2Session1,2,1,2,594,50,2,TAXI,3,wanber,1,695,nw,nw,rel,1,0.258973,204,695,695,0.403439,0.403439
List2Session1,2,1,2,595,50,1,PARK,3,tax,1,618,first,un,nw,1,-0.084529,101,618,618,0.002197,0.002197
List2Session1,2,1,2,596,50,2,STAIRS,3,mobe,1,544,nw,nw,un,1,-0.844402,204,544,544,-0.919744,-0.919744
List2Session1,2,1,2,597,50,1,PASTE,3,superman,1,1338,first,un,nw,1,4.721519,101,#NULL!,#NULL!,#NULL!,#NULL!
List2Session1,2,1,2,598,50,1,DISHES,3,length,1,597,first,un,un,1,-0.224705,101,597,597,-0.173507,-0.173507
List2Session1,2,1,2,599,50,1,GALLOP,2,run,1,828,other,rel,un,1,1.192338,103,828,828,1.724075,1.724075
List2Session1,2,1,2,600,50,1,DUMB,4,verb,1,602,other,un,rel,1,-0.320704,103,602,602,-0.304259,-0.304259
List2Session1,2,1,2,601,50,1,MIDDLE,1,center,1,592,first,rel,un,1,-0.258081,101,592,592,-0.215342,-0.215342
List2Session1,2,1,2,602,50,2,PLUS,1,wriping,1,584,nw,nw,rel,1,-0.552117,204,584,584,-0.569232,-0.569232
List2Session1,2,1,2,603,50,2,BELT,2,mub,1,577,nw,nw,nw,1,-0.603267,204,577,577,-0.630571,-0.630571
List2Session1,2,1,2,604,50,2,PAYMENT,4,aptor,1,504,nw,nw,nw,1,-1.136687,204,504,504,-1.270256,-1.270256
List2Session1,2,1,2,605,50,1,COMPASS,1,direction,1,548,first,rel,nw,1,-0.551783,101,548,548,-0.583484,-0.583484
List2Session1,2,1,2,606,50,2,FREEWAY,3,leate,1,717,nw,nw,rel,1,0.41973,204,717,717,0.596221,0.596221
List2Session1,2,1,2,607,50,1,ORDERLY,4,college,1,591,other,un,nw,1,-0.394348,103,591,591,-0.402983,-0.402983
List2Session1,2,1,2,608,50,1,BARGAIN,1,sale,1,678,first,rel,un,1,0.315975,101,678,678,0.50421,0.50421
List2Session1,2,1,2,609,50,1,FALL,1,spring,1,491,first,rel,rel,1,-0.932262,101,491,491,-1.060397,-1.060397
List2Session1,2,1,2,610,50,1,SNUGGLE,1,cuddle,1,950,first,rel,rel,1,2.131593,101,950,950,2.780003,2.780003
List2Session1,2,1,2,611,50,2,CONSTRUCTION,1,tenpis,1,654,nw,nw,rel,1,-0.040619,204,654,654,0.044165,0.044165
List2Session1,2,1,2,612,50,2,CURIOUS,1,atril,1,563,nw,nw,nw,1,-0.705567,204,563,563,-0.75325,-0.75325
List2Session1,2,1,2,613,50,1,SCARED,3,dancer,1,605,first,un,nw,1,-0.171305,101,605,605,-0.106572,-0.106572
List2Session1,2,1,2,614,50,1,VAULT,4,group,1,515,other,un,un,1,-0.903159,103,515,515,-1.085078,-1.085078
List2Session1,2,1,2,615,50,1,SLING,1,shot,1,654,first,rel,un,1,0.155774,101,654,654,0.303405,0.303405
List2Session1,2,1,2,616,50,1,MOTEL,4,pass,1,596,other,un,rel,1,-0.360873,103,596,596,-0.358109,-0.358109
List2Session1,2,1,2,617,50,1,MORSE,1,code,1,555,first,rel,un,1,-0.505058,101,555,555,-0.524916,-0.524916
List2Session1,2,1,2,618,50,1,FAMINE,1,hunger,1,659,first,rel,rel,1,0.189149,101,659,659,0.34524,0.34524
List2Session1,2,1,2,619,50,2,BREATH,4,hald,1,600,nw,nw,rel,1,-0.435203,204,600,600,-0.429027,-0.429027
List2Session1,2,1,2,620,50,1,HOUND,2,blood,1,494,other,rel,nw,1,-1.043751,103,494,494,-1.273551,-1.273551
List2Session1,2,1,2,621,50,1,SWORD,2,knight,1,522,other,rel,rel,1,-0.856294,103,522,522,-1.022253,-1.022253
List2Session1,2,1,2,622,50,1,TARNISH,4,heavy,1,565,other,un,rel,1,-0.568415,103,565,565,-0.636331,-0.636331
List2Session1,2,1,2,623,50,1,BIKE,1,ride,1,542,first,rel,un,1,-0.591834,101,542,542,-0.633686,-0.633686
List2Session1,2,1,2,624,50,2,MARCH,1,vapuable,1,583,nw,nw,rel,1,-0.559424,204,583,583,-0.577994,-0.577994
List2Session1,2,1,2,625,50,1,CONSTITUTION,1,rights,1,511,first,rel,nw,1,-0.798761,101,511,511,-0.893059,-0.893059
List2Session1,2,1,2,626,50,1,BATH,2,towel,1,554,other,rel,rel,1,-0.642058,103,554,554,-0.735056,-0.735056
List2Session1,2,1,2,627,50,1,RUM,3,meeting,1,595,first,un,rel,1,-0.238055,101,595,595,-0.190241,-0.190241
List2Session1,2,1,2,628,50,2,EARNESTNESS,1,epst,1,634,nw,nw,un,1,-0.186761,204,634,634,-0.131091,-0.131091
List2Session1,2,1,2,629,50,1,DEER,3,slave,1,528,first,un,nw,1,-0.685285,101,528,528,-0.750822,-0.750822
List2Session1,2,1,2,630,50,1,WAIST,1,hip,1,554,first,rel,un,1,-0.511733,101,554,554,-0.533283,-0.533283
List2Session1,2,1,2,631,50,2,EXPERT,4,stupy,1,578,nw,nw,rel,1,-0.59596,204,578,578,-0.621808,-0.621808
List2Session1,2,1,2,632,50,1,CLOSE,2,near,1,587,other,rel,nw,1,-0.421127,103,587,587,-0.438883,-0.438883
List2Session1,2,1,2,633,50,2,BAND,4,comluter,1,723,nw,nw,rel,1,0.463572,204,723,723,0.648798,0.648798
List2Session1,2,1,2,634,50,2,SCENERY,1,ope,1,516,nw,nw,nw,1,-1.049001,204,516,516,-1.165102,-1.165102
List2Session1,2,1,2,635,50,1,WIFE,2,marry,1,607,other,rel,nw,1,-0.28723,103,607,607,-0.259384,-0.259384
List2Session1,2,1,2,636,50,1,MOOSE,4,eye,1,518,other,un,rel,1,-0.883074,103,518,518,-1.058153,-1.058153
List2Session1,2,1,2,637,50,1,OBSCURE,2,unclear,1,559,other,rel,un,1,-0.608584,103,559,559,-0.690181,-0.690181
List2Session1,2,1,2,638,50,2,PLENTY,3,pive,1,648,nw,nw,rel,1,-0.084462,204,648,648,-0.008412,-0.008412
List2Session1,2,1,2,639,50,2,RUDE,4,fain,1,573,nw,nw,nw,1,-0.632496,204,573,573,-0.665622,-0.665622
List2Session1,2,1,2,640,50,1,DIRECT,4,restaurant,1,646,other,un,nw,1,-0.02613,103,646,646,0.090638,0.090638
List2Session1,2,1,2,641,50,2,ESSENCE,2,jote,1,635,nw,nw,un,1,-0.179454,204,635,635,-0.122329,-0.122329
List2Session1,2,1,2,642,50,2,COMPONENTS,1,shom,1,592,nw,nw,nw,1,-0.49366,204,592,592,-0.499129,-0.499129
List2Session1,2,1,2,643,50,1,SWIMMER,2,jogger,1,680,other,rel,nw,1,0.201496,103,680,680,0.395785,0.395785
List2Session1,2,1,2,644,50,2,SLURP,1,comt,1,492,nw,nw,rel,1,-1.224372,204,492,492,-1.375409,-1.375409
List2Session1,2,1,2,645,50,2,STATISTICS,4,anpually,1,600,nw,nw,nw,1,-0.435203,204,600,600,-0.429027,-0.429027
List2Session1,2,1,2,646,50,2,SWEAR,4,rean,1,527,nw,nw,nw,1,-0.968623,204,527,527,-1.068711,-1.068711
List2Session1,2,1,2,647,50,1,DEVIL,3,club,1,617,first,un,nw,1,-0.091204,101,617,617,-0.00617,-0.00617
List2Session1,2,1,2,648,50,1,ASLEEP,1,awake,1,543,first,rel,un,1,-0.585159,101,543,543,-0.625319,-0.625319
List2Session1,2,1,2,649,50,2,RIDICULOUS,3,meader,1,665,nw,nw,rel,1,0.039759,204,665,665,0.140555,0.140555
List2Session1,2,1,2,650,50,2,BACKWARD,2,tucceed,1,540,nw,nw,nw,1,-0.873631,204,540,540,-0.954795,-0.954795
List2Session1,2,1,2,651,50,2,VENT,2,pav,1,518,nw,nw,nw,1,-1.034387,204,518,518,-1.147576,-1.147576
List2Session1,2,1,2,652,50,1,CRITERION,2,schedule,1,577,other,rel,nw,1,-0.488076,103,577,577,-0.528632,-0.528632
List2Session1,2,1,2,653,50,2,DULL,2,wending,1,873,nw,nw,rel,1,1.55964,204,873,873,1.963218,1.963218
List2Session1,2,1,2,654,50,1,PIN,2,sharp,1,662,other,rel,nw,1,0.080989,103,662,662,0.234237,0.234237
List2Session1,2,1,2,655,50,2,TYPIST,3,faib,1,539,nw,nw,rel,1,-0.880938,204,539,539,-0.963558,-0.963558
List2Session1,2,1,2,656,50,2,PRICELESS,2,munus,1,532,nw,nw,nw,1,-0.932087,204,532,532,-1.024897,-1.024897
List2Session1,2,1,2,657,50,2,EGGS,3,hoptess,1,591,nw,nw,nw,1,-0.500967,204,591,591,-0.507892,-0.507892
List2Session1,2,1,2,658,50,2,OWE,4,viem,1,535,nw,nw,nw,1,-0.910166,204,535,535,-0.998609,-0.998609
List2Session1,2,1,2,659,50,2,COMPETENCE,4,igea,1,559,nw,nw,nw,1,-0.734795,204,559,559,-0.788302,-0.788302
List2Session1,2,1,2,660,50,2,REFUSE,3,anper,1,600,nw,nw,nw,1,-0.435203,204,600,600,-0.429027,-0.429027
List2Session1,2,1,2,661,50,2,DARING,1,franpe,1,479,nw,nw,nw,1,-1.319365,204,479,479,-1.489326,-1.489326
List2Session1,2,1,2,662,50,2,MEANINGFUL,1,marl,1,587,nw,nw,nw,1,-0.530196,204,587,587,-0.542943,-0.542943
List2Session1,2,1,2,663,50,2,MEN,1,turple,1,610,nw,nw,nw,1,-0.362132,204,610,610,-0.341399,-0.341399
List2Session1,2,1,2,664,50,1,CRISP,3,zoo,1,696,first,un,nw,1,0.436126,101,696,696,0.654814,0.654814
List2Session1,2,1,2,665,50,1,BRACELET,4,polite,1,636,other,un,un,1,-0.093078,103,636,636,0.000889,0.000889
List2Session1,2,1,2,666,50,2,FLAG,3,leferee,1,562,nw,nw,un,1,-0.712874,204,562,562,-0.762013,-0.762013
List2Session1,2,1,2,667,50,1,WEEK,2,year,1,570,other,rel,nw,1,-0.53494,103,570,570,-0.591457,-0.591457
List2Session1,2,1,2,668,50,1,SENTENCE,2,period,1,626,other,rel,rel,1,-0.160027,103,626,626,-0.088861,-0.088861
List2Session1,2,1,2,669,50,1,BIG,4,ready,1,600,other,un,rel,1,-0.334094,103,600,600,-0.322209,-0.322209
List2Session1,2,1,2,670,50,1,CEREMONY,2,graduation,1,543,other,rel,un,1,-0.715702,103,543,543,-0.83378,-0.83378
List2Session1,2,1,2,671,50,2,HUGE,3,aspear,1,809,nw,nw,rel,1,1.091984,204,809,809,1.402399,1.402399
List2Session1,2,1,2,672,50,1,WHITE,1,black,1,424,first,rel,nw,1,-1.379492,101,424,424,-1.620978,-1.620978
List2Session1,2,1,2,673,50,1,TOOTHPASTE,3,fighter,1,982,first,un,rel,1,2.345196,101,982,982,3.047743,3.047743
List2Session1,2,1,2,674,50,1,WINDING,4,sport,1,558,other,un,un,1,-0.615279,103,558,558,-0.699156,-0.699156
List2Session1,2,1,2,675,50,1,COMPLETE,4,destruction,1,631,other,un,un,1,-0.126553,103,631,631,-0.043986,-0.043986
List2Session1,2,1,2,676,50,1,HANGER,2,coat,1,541,other,rel,un,1,-0.729092,103,541,541,-0.85173,-0.85173
List2Session1,2,1,2,677,50,2,GO,2,thream,1,614,nw,nw,rel,1,-0.332904,204,614,614,-0.306347,-0.306347
List2Session1,2,1,2,678,50,2,LANGUAGE,1,pealthy,1,637,nw,nw,nw,1,-0.16484,204,637,637,-0.104803,-0.104803
List2Session1,2,1,2,679,50,1,SALT,1,pepper,1,498,first,rel,nw,1,-0.885537,101,498,498,-1.001829,-1.001829
List2Session1,2,1,2,680,50,1,STICK,4,sunday,1,654,other,un,rel,1,0.02743,103,654,654,0.162437,0.162437
List2Session1,2,1,2,681,50,2,FAN,1,bace,1,659,nw,nw,un,1,-0.004083,204,659,659,0.087979,0.087979
List2Session1,2,1,2,682,50,2,DIFFICULTY,2,cowal,1,872,nw,nw,nw,1,1.552333,204,872,872,1.954455,1.954455
List2Session1,2,1,2,683,50,2,EYES,2,inalian,1,596,nw,nw,nw,1,-0.464432,204,596,596,-0.464078,-0.464078
List2Session1,2,1,2,684,50,2,HAY,2,ne,1,524,nw,nw,nw,1,-0.990544,204,524,524,-1.095,-1.095
List2Session1,2,1,2,685,50,1,DISGUISE,4,bush,1,726,other,un,nw,1,0.509461,103,726,726,0.808632,0.808632
List2Session1,2,1,2,686,50,1,QUILT,1,blanket,1,520,first,rel,un,1,-0.738685,101,520,520,-0.817757,-0.817757
List2Session1,2,1,2,687,50,1,LOOKS,4,apology,1,736,other,un,rel,1,0.57641,103,736,736,0.898381,0.898381
List2Session1,2,1,2,688,50,1,CAR,1,auto,1,530,first,rel,un,1,-0.671935,101,530,530,-0.734088,-0.734088
List2Session1,2,1,2,689,50,2,ASHAMED,4,dopter,1,653,nw,nw,rel,1,-0.047926,204,653,653,0.035402,0.035402
List2Session1,2,1,2,690,50,2,TOPIC,3,denert,1,593,nw,nw,nw,1,-0.486353,204,593,593,-0.490366,-0.490366
List2Session1,2,1,2,691,50,1,COMET,4,test,1,553,other,un,nw,1,-0.648753,103,553,553,-0.74403,-0.74403
List2Session1,2,1,2,692,50,1,INSTRUCTIONS,3,addition,1,770,first,un,un,1,0.930081,101,770,770,1.273964,1.273964
List2Session1,2,1,2,693,50,2,MALL,1,moute,1,626,nw,nw,un,1,-0.245218,204,626,626,-0.201194,-0.201194
List2Session1,2,1,2,694,50,2,DISEASE,4,pircle,1,552,nw,nw,nw,1,-0.785945,204,552,552,-0.849641,-0.849641
List2Session1,2,1,2,695,50,2,OKAY,1,courme,1,593,nw,nw,nw,1,-0.486353,204,593,593,-0.490366,-0.490366
List2Session1,2,1,2,696,50,1,GATHER,4,blame,1,888,other,un,nw,1,1.594031,103,888,888,2.262571,2.262571
List2Session1,2,1,2,697,50,2,GENEROUS,1,quild,1,548,nw,nw,un,1,-0.815174,204,548,548,-0.884692,-0.884692
List2Session1,2,1,2,698,50,1,LAST,2,chance,1,573,other,rel,nw,1,-0.514856,103,573,573,-0.564532,-0.564532
List2Session1,2,1,2,699,50,2,REEF,1,bree,0,1189,nw,nw,rel,0,#NULL!,#NULL!,#NULL!,#NULL!,#NULL!,#NULL!
List2Session1,2,1,2,700,50,2,MIMIC,2,sathproom,1,884,nw,nw,nw,1,1.640018,204,884,884,2.059609,2.059609
List2Session1,2,1,2,701,50,1,WAR,3,subject,1,591,first,un,nw,1,-0.264756,101,591,591,-0.223708,-0.223708
List2Session1,2,1,2,702,50,2,DONATION,2,beft,1,774,nw,nw,un,1,0.836235,204,774,774,1.095701,1.095701
List2Session1,2,1,2,703,50,1,CHOICE,1,decision,1,567,first,rel,nw,1,-0.424957,101,567,567,-0.424514,-0.424514
List2Session1,2,1,2,704,50,1,CHEMICAL,3,muscle,1,671,first,un,rel,1,0.26925,101,671,671,0.445642,0.445642
List2Session1,2,1,2,705,50,2,MEDIA,4,pisc,1,644,nw,nw,un,1,-0.11369,204,644,644,-0.043463,-0.043463
List2Session1,2,1,2,706,50,1,RELEASE,4,noodles,1,586,other,un,nw,1,-0.427822,103,586,586,-0.447858,-0.447858
List2Session1,2,1,2,707,50,2,WAGE,4,apark,1,625,nw,nw,un,1,-0.252525,204,625,625,-0.209957,-0.209957
List2Session1,2,1,2,708,50,1,BLUEBERRY,4,thief,1,583,other,un,nw,1,-0.447907,103,583,583,-0.474783,-0.474783
List2Session1,2,1,2,709,50,2,EXACT,3,onter,1,703,nw,nw,un,1,0.31743,204,703,703,0.473542,0.473542
List2Session1,2,1,2,710,50,2,DRAPES,1,suppen,1,641,nw,nw,nw,1,-0.135612,204,641,641,-0.069752,-0.069752
List2Session1,2,1,2,711,50,1,POLITICS,4,groceries,1,678,other,un,nw,1,0.188107,103,678,678,0.377836,0.377836
List2Session1,2,1,2,712,50,2,EXAM,4,endourane,1,603,nw,nw,un,1,-0.413282,204,603,603,-0.402738,-0.402738
List2Session1,2,1,2,713,50,2,SNEAKERS,4,honetsy,1,738,nw,nw,nw,1,0.573179,204,738,738,0.78024,0.78024
List2Session1,2,1,2,714,50,1,CHEMIST,1,scientist,1,1203,first,rel,nw,1,3.820385,101,#NULL!,#NULL!,#NULL!,#NULL!
List2Session1,2,1,2,715,50,1,CHEMISTRY,1,science,1,514,first,rel,rel,1,-0.778736,101,514,514,-0.867959,-0.867959
List2Session1,2,1,2,716,50,1,GUITAR,1,string,1,526,first,rel,rel,1,-0.698635,101,526,526,-0.767556,-0.767556
List2Session1,2,1,2,717,50,2,HAZE,4,mose,1,680,nw,nw,rel,1,0.149366,204,680,680,0.271997,0.271997
List2Session1,2,1,2,718,50,2,HER,4,pandle,1,971,nw,nw,nw,1,2.275738,204,971,971,2.821972,2.821972
List2Session1,2,1,2,719,50,2,BEDROOM,2,rew,1,739,nw,nw,nw,1,0.580486,204,739,739,0.789003,0.789003
List2Session1,2,1,2,720,50,2,FIND,4,atarkment,1,708,nw,nw,nw,1,0.353965,204,708,708,0.517356,0.517356
List2Session1,2,1,2,721,50,2,CROWD,2,shoeb,1,759,nw,nw,nw,1,0.726628,204,759,759,0.964259,0.964259
List2Session1,2,1,2,722,50,2,SERVER,3,premiew,1,1129,nw,nw,nw,1,3.430262,204,#NULL!,#NULL!,#NULL!,#NULL!
List2Session1,2,1,2,723,50,2,MURDERER,3,ley,1,507,nw,nw,nw,1,-1.114765,204,507,507,-1.243967,-1.243967
List2Session1,2,1,2,724,50,1,WEIRD,3,spoon,1,693,first,un,nw,1,0.416101,101,693,693,0.629714,0.629714
List2Session1,2,1,2,725,50,1,CYCLONE,1,tornado,1,570,first,rel,un,1,-0.404932,101,570,570,-0.399413,-0.399413
List2Session1,2,1,2,726,50,2,CONDITION,4,knibe,1,594,nw,nw,rel,1,-0.479046,204,594,594,-0.481604,-0.481604
List2Session1,2,1,2,727,50,2,DANGER,3,burnifure,1,553,nw,nw,nw,1,-0.778638,204,553,553,-0.840878,-0.840878
List2Session1,2,1,2,728,50,2,GULL,2,astume,1,929,nw,nw,nw,1,1.968839,204,929,929,2.453935,2.453935
List2Session1,2,1,2,729,50,2,BROTHER,4,neaning,1,859,nw,nw,nw,1,1.45734,204,859,859,1.840539,1.840539
List2Session1,2,1,2,730,50,1,DEGRADE,4,hit,1,1272,other,un,nw,1,4.164864,103,#NULL!,#NULL!,#NULL!,#NULL!
List2Session1,2,1,2,731,50,2,ATTEMPT,2,nart,1,515,nw,nw,un,1,-1.056309,204,515,515,-1.173865,-1.173865
List2Session1,2,1,2,732,50,1,SHEARS,1,scissors,1,542,first,rel,nw,1,-0.591834,101,542,542,-0.633686,-0.633686
List2Session1,2,1,2,733,50,2,MAD,3,smill,1,616,nw,nw,rel,1,-0.31829,204,616,616,-0.288822,-0.288822
List2Session1,2,1,2,734,50,1,RAYS,3,fortune,1,782,first,un,nw,1,1.010182,101,782,782,1.374366,1.374366
List2Session1,2,1,2,735,50,2,SPAN,2,renp,1,543,nw,nw,un,1,-0.851709,204,543,543,-0.928506,-0.928506
List2Session1,2,1,2,736,50,1,SOLID,2,stripe,1,568,other,rel,nw,1,-0.54833,103,568,568,-0.609407,-0.609407
List2Session1,2,1,2,737,50,1,HUT,1,straw,1,513,first,rel,rel,1,-0.785411,101,513,513,-0.876325,-0.876325
List2Session1,2,1,2,738,50,2,RIGID,3,destend,1,620,nw,nw,rel,1,-0.289061,204,620,620,-0.253771,-0.253771
List2Session1,2,1,2,739,50,2,COLESLAW,1,georme,1,705,nw,nw,nw,1,0.332044,204,705,705,0.491067,0.491067
List2Session1,2,1,2,740,50,1,BUCKLE,4,temperature,1,563,other,un,nw,1,-0.581804,103,563,563,-0.654281,-0.654281
List2Session1,2,1,2,741,50,2,INDIRECT,3,nust,1,621,nw,nw,un,1,-0.281754,204,621,621,-0.245008,-0.245008
List2Session1,2,1,2,742,50,1,SMART,3,past,1,659,first,un,nw,1,0.189149,101,659,659,0.34524,0.34524
List2Session1,2,1,2,743,50,1,PRIDE,2,prejudice,1,759,other,rel,un,1,0.730392,103,759,759,1.104805,1.104805
List2Session1,2,1,2,744,50,1,CHORUS,2,song,1,504,other,rel,rel,1,-0.976802,103,504,504,-1.183802,-1.183802
List2Session1,2,1,2,745,50,1,STILL,2,quiet,1,628,other,rel,rel,1,-0.146637,103,628,628,-0.070911,-0.070911
List2Session1,2,1,2,746,50,1,POLICEMAN,1,cop,1,745,first,rel,rel,1,0.763205,101,745,745,1.064792,1.064792
List2Session1,2,1,2,747,50,1,DESIRE,3,join,1,523,first,un,rel,1,-0.71866,101,523,523,-0.792657,-0.792657
List2Session1,2,1,2,748,50,1,WET,1,dry,1,964,first,rel,un,1,2.225044,101,964,964,2.897139,2.897139
List2Session1,2,1,2,749,50,1,FRECKLE,4,pen,1,653,other,un,rel,1,0.020735,103,653,653,0.153462,0.153462
List2Session1,2,1,2,750,50,2,CURSIVE,1,pexy,1,769,nw,nw,un,1,0.7997,204,769,769,1.051887,1.051887
List2Session1,2,1,2,751,50,2,HULA,3,mon,1,914,nw,nw,nw,1,1.859232,204,914,914,2.322493,2.322493
List2Session1,2,1,2,752,50,1,BONE,2,chicken,1,669,other,rel,nw,1,0.127853,103,669,669,0.297061,0.297061
List2Session1,2,1,2,753,50,2,COMMUNICATION,2,kilk,1,608,nw,nw,rel,1,-0.376746,204,608,608,-0.358924,-0.358924
List2Session1,2,1,2,754,50,1,CLEAR,4,ski,1,520,other,un,nw,1,-0.869684,103,520,520,-1.040203,-1.040203
List2Session1,2,1,2,755,50,1,CIRCUS,3,minute,1,626,first,un,un,1,-0.031128,101,626,626,0.069132,0.069132
List2Session1,2,1,2,756,50,2,VAST,3,freelom,1,599,nw,nw,un,1,-0.442511,204,599,599,-0.43779,-0.43779
List2Session1,2,1,2,757,50,2,PEANUT,3,brate,1,639,nw,nw,nw,1,-0.150226,204,639,639,-0.087277,-0.087277
List2Session1,2,1,2,758,50,2,CHROMOSOMES,2,ponely,1,756,nw,nw,nw,1,0.704707,204,756,756,0.93797,0.93797
List2Session1,2,1,2,759,50,2,HOPELESS,1,apright,1,692,nw,nw,nw,1,0.237052,204,692,692,0.377151,0.377151
List2Session1,2,1,2,760,50,1,GOOD,2,better,1,985,other,rel,nw,1,2.243434,103,985,985,3.133139,3.133139
List2Session1,2,1,2,761,50,1,CLOTH,3,camp,1,528,first,un,rel,1,-0.685285,101,528,528,-0.750822,-0.750822
List2Session1,2,1,2,762,50,1,COWBOY,4,fly,1,602,other,un,un,1,-0.320704,103,602,602,-0.304259,-0.304259
List2Session1,2,1,2,763,50,1,STEEP,3,jelly,1,576,first,un,un,1,-0.364882,101,576,576,-0.349212,-0.349212
List2Session1,2,1,2,764,50,2,YEARS,1,laver,1,633,nw,nw,un,1,-0.194068,204,633,633,-0.139854,-0.139854
List2Session1,2,1,2,765,50,2,HARMFUL,3,beautimul,1,959,nw,nw,nw,1,2.188052,204,959,959,2.716819,2.716819
List2Session1,2,1,2,766,50,2,SILK,1,veis,1,791,nw,nw,nw,1,0.960456,204,791,791,1.244668,1.244668
List2Session1,2,1,2,767,50,1,HIGH,3,neutron,1,694,first,un,nw,1,0.422776,101,694,694,0.638081,0.638081
List2Session1,2,1,2,768,50,2,SENTRY,3,skack,1,954,nw,nw,un,1,2.151517,204,954,954,2.673005,2.673005
List2Session1,2,1,2,769,50,2,BEG,3,ambutance,1,899,nw,nw,nw,1,1.749625,204,899,899,2.191051,2.191051
List2Session1,2,1,2,770,50,1,CAVITY,2,cave,1,638,other,rel,nw,1,-0.079689,103,638,638,0.018838,0.018838
List2Session1,2,1,2,771,50,1,NETWORK,2,news,1,851,other,rel,rel,1,1.34632,103,851,851,1.930498,1.930498
List2Session1,2,1,2,772,50,1,STEP,3,motion,1,672,first,un,rel,1,0.275925,101,672,672,0.454009,0.454009
List2Session1,2,1,2,773,50,1,IVORY,4,uncle,1,629,other,un,un,1,-0.139942,103,629,629,-0.061936,-0.061936
List2Session1,2,1,2,774,50,1,REMAIN,1,stay,1,715,first,rel,un,1,0.562953,101,715,715,0.813785,0.813785
List2Session1,2,1,2,775,50,2,ARRIVE,4,tob,1,733,nw,nw,rel,1,0.536643,204,733,733,0.736426,0.736426
List2Session1,2,1,2,776,50,1,CREATURE,2,dinosaur,1,702,other,rel,nw,1,0.348784,103,702,702,0.593234,0.593234
List2Session1,2,1,2,777,50,2,BARTENDER,4,epil,1,689,nw,nw,rel,1,0.21513,204,689,689,0.350863,0.350863
List2Session1,2,1,2,778,50,2,ITEM,3,basim,1,612,nw,nw,nw,1,-0.347518,204,612,612,-0.323873,-0.323873
List2Session1,2,1,2,779,50,2,HOOT,1,tate,1,652,nw,nw,nw,1,-0.055233,204,652,652,0.026639,0.026639
List2Session1,2,1,2,780,50,2,ANTIQUE,2,holp,1,529,nw,nw,nw,1,-0.954009,204,529,529,-1.051186,-1.051186
List2Session1,2,1,2,781,50,2,BUILDING,2,homor,1,619,nw,nw,nw,1,-0.296368,204,619,619,-0.262533,-0.262533
List2Session1,2,1,2,782,50,2,TRUSTWORTHY,3,rog,1,576,nw,nw,nw,1,-0.610574,204,576,576,-0.639334,-0.639334
List2Session1,2,1,2,783,50,2,DISHONEST,2,theng,1,617,nw,nw,nw,1,-0.310982,204,617,617,-0.280059,-0.280059
List2Session1,2,1,2,784,50,1,BRANCH,2,leaf,1,607,other,rel,nw,1,-0.28723,103,607,607,-0.259384,-0.259384
List2Session1,2,1,2,785,50,2,HALF,1,ipnore,1,661,nw,nw,rel,1,0.010531,204,661,661,0.105504,0.105504
List2Session1,2,1,2,786,50,1,FURRY,2,rabbit,1,682,other,rel,nw,1,0.214886,103,682,682,0.413735,0.413735
List2Session1,2,1,2,787,50,1,IDOL,3,rose,1,877,first,un,rel,1,1.644314,101,877,877,2.16922,2.16922
List2Session1,2,1,2,788,50,1,APRON,4,tense,1,617,other,un,un,1,-0.220281,103,617,617,-0.169635,-0.169635
List2Session1,2,1,2,789,50,2,MAYBE,3,dravery,1,672,nw,nw,un,1,0.090909,204,672,672,0.201895,0.201895
List2Session1,2,1,2,790,50,1,WRITE,3,tissue,1,644,first,un,nw,1,0.089023,101,644,644,0.219736,0.219736
List2Session1,2,1,2,791,50,2,STUDENT,1,himeless,1,1114,nw,nw,un,1,3.320656,204,#NULL!,#NULL!,#NULL!,#NULL!
List2Session1,2,1,2,792,50,1,DILIGENCE,2,try,1,556,other,rel,nw,1,-0.628669,103,556,556,-0.717106,-0.717106
List2Session1,2,1,2,793,50,1,LITTER,1,cats,1,613,first,rel,rel,1,-0.117904,101,613,613,-0.039637,-0.039637
List2Session1,2,1,2,794,50,1,THUMB,4,onion,1,587,other,un,rel,1,-0.421127,103,587,587,-0.438883,-0.438883
List2Session1,2,1,2,795,50,1,ENGINE,2,fire,1,723,other,rel,un,1,0.489376,103,723,723,0.781707,0.781707
List2Session1,2,1,2,796,50,1,COB,4,magic,1,596,other,un,rel,1,-0.360873,103,596,596,-0.358109,-0.358109
List2Session1,2,1,2,797,50,1,CUP,1,saucer,1,940,first,rel,un,1,2.064843,101,940,940,2.696334,2.696334
List2Session1,2,1,2,798,50,2,UMPIRE,2,dailure,1,679,nw,nw,rel,1,0.142059,204,679,679,0.263235,0.263235
List2Session1,2,1,2,799,50,2,TIGER,4,wibe,1,555,nw,nw,nw,1,-0.764024,204,555,555,-0.823353,-0.823353
List2Session1,2,1,2,800,50,1,SUSPECT,4,sell,1,483,other,un,nw,1,-1.117395,103,483,483,-1.372275,-1.372275
List2Session1,2,1,2,801,50,2,DEAL,3,hane,1,559,nw,nw,un,1,-0.734795,204,559,559,-0.788302,-0.788302
List2Session1,2,1,2,802,50,2,SALIVA,3,bire,1,633,nw,nw,nw,1,-0.194068,204,633,633,-0.139854,-0.139854
List2Session1,2,1,2,803,50,1,PLANT,4,helper,1,783,other,un,nw,1,0.891069,103,783,783,1.320203,1.320203
List2Session1,2,1,2,804,50,2,FREEZE,4,matient,1,639,nw,nw,un,1,-0.150226,204,639,639,-0.087277,-0.087277
List2Session1,2,1,2,805,50,1,EMBARRASS,3,math,1,532,first,un,nw,1,-0.658585,101,532,532,-0.717355,-0.717355
List2Session1,2,1,2,806,50,1,COD,3,cans,1,669,first,un,un,1,0.2559,101,669,669,0.428908,0.428908
List2Session1,2,1,2,807,50,1,WAGON,2,toy,1,625,other,rel,un,1,-0.166722,103,625,625,-0.097836,-0.097836
List2Session1,2,1,2,808,50,1,CELLAR,2,attic,1,536,other,rel,rel,1,-0.762566,103,536,536,-0.896604,-0.896604
List2Session1,2,1,2,809,50,2,FINGER,1,sitan,1,913,nw,nw,rel,1,1.851925,204,913,913,2.31373,2.31373
List2Session1,2,1,2,810,50,1,SNOB,1,bitch,1,637,first,rel,nw,1,0.042297,101,637,637,0.161168,0.161168
List2Session1,2,1,2,811,50,1,VIOLENCE,1,gun,1,498,first,rel,rel,1,-0.885537,101,498,498,-1.001829,-1.001829
List2Session1,2,1,2,812,50,1,LEARN,1,teach,1,494,first,rel,rel,1,-0.912237,101,494,494,-1.035296,-1.035296
List2Session1,2,1,2,813,50,1,CHIPS,2,potato,1,617,other,rel,rel,1,-0.220281,103,617,617,-0.169635,-0.169635
List2Session1,2,1,2,814,50,2,RACE,4,gime,1,575,nw,nw,rel,1,-0.617881,204,575,575,-0.648097,-0.648097
List2Session1,2,1,2,815,50,1,NIGHT,3,laugh,1,630,first,un,nw,1,-0.004428,101,630,630,0.1026,0.1026
List2Session1,2,1,2,816,50,2,FITNESS,1,troumle,1,605,nw,nw,un,1,-0.398668,204,605,605,-0.385213,-0.385213
List2Session1,2,1,2,817,50,1,BARBECUE,2,ribs,1,563,other,rel,nw,1,-0.581804,103,563,563,-0.654281,-0.654281
List2Session1,2,1,2,818,50,1,INJECTION,1,needle,1,525,first,rel,rel,1,-0.70531,101,525,525,-0.775923,-0.775923
List2Session1,2,1,2,819,50,1,LABYRINTH,3,make,1,599,first,un,rel,1,-0.211355,101,599,599,-0.156773,-0.156773
List2Session1,2,1,2,820,50,2,REVENGE,2,olening,1,574,nw,nw,un,1,-0.625188,204,574,574,-0.65686,-0.65686
List2Session1,2,1,2,821,50,2,MARRIAGE,4,upknowb,1,934,nw,nw,nw,1,2.005374,204,934,934,2.497749,2.497749
List2Session1,2,1,2,822,50,1,BURIAL,1,death,1,592,first,rel,nw,1,-0.258081,101,592,592,-0.215342,-0.215342
List2Session1,2,1,2,823,50,1,EXTRA,3,music,1,983,first,un,rel,1,2.351871,101,983,983,3.05611,3.05611
List2Session1,2,1,2,824,50,1,STYLE,2,personality,1,590,other,rel,un,1,-0.401043,103,590,590,-0.411958,-0.411958
List2Session1,2,1,2,825,50,1,WIN,1,lose,1,518,first,rel,rel,1,-0.752036,101,518,518,-0.834491,-0.834491
List2Session1,2,1,2,826,50,1,MOTHER,3,male,1,575,first,un,rel,1,-0.371557,101,575,575,-0.357579,-0.357579
List2Session1,2,1,2,827,50,1,CARDS,3,bass,1,679,first,un,un,1,0.32265,101,679,679,0.512577,0.512577
List2Session1,2,1,2,828,50,1,PRAY,4,can't,1,652,other,un,un,1,0.01404,103,652,652,0.144487,0.144487
List2Session1,2,1,2,829,50,2,POUND,4,towp,1,785,nw,nw,un,1,0.916614,204,785,785,1.192091,1.192091
List2Session1,2,1,2,830,50,2,CLEANING,2,balp,1,544,nw,nw,nw,1,-0.844402,204,544,544,-0.919744,-0.919744
List2Session2,2,2,2,1,1050,1,EYEBROWS,3,son,1,498,first,un,nw,1,-0.392587,100,498,498,-0.363736,-0.363736
List2Session2,2,2,2,2,1050,2,UNJUST,1,strenpth,1,694,nw,nw,un,1,0.641607,198,694,694,0.847236,1.015539
List2Session2,2,2,2,3,1050,1,HEDGE,4,repeat,1,546,other,un,nw,1,-0.154124,102,546,546,-0.119986,-0.057909
List2Session2,2,2,2,4,1050,2,RULES,4,ger,1,419,nw,nw,un,1,-1.390589,198,419,419,-1.549881,-1.650086
List2Session2,2,2,2,5,1050,1,SPANISH,1,language,1,442,first,rel,nw,1,-0.823157,100,442,442,-1.024359,-1.024359
List2Session2,2,2,2,6,1050,1,PASTURE,2,grass,1,448,other,rel,rel,1,-1.018189,102,448,448,-1.117148,-1.188356
List2Session2,2,2,2,7,1050,1,DAILY,2,monthly,1,485,other,rel,rel,1,-0.69196,102,485,485,-0.740668,-0.761555
List2Session2,2,2,2,8,1050,1,RIDICULE,4,employer,1,456,other,un,rel,1,-0.947653,102,456,456,-1.035747,-1.096075
List2Session2,2,2,2,9,1050,2,DUCKS,3,talse,1,636,nw,nw,un,1,0.212998,198,636,636,0.341662,0.453335
List2Session2,2,2,2,10,1050,2,SCRATCH,2,detence,1,570,nw,nw,nw,1,-0.274729,198,570,570,-0.233646,-0.186415
List2Session2,2,2,2,11,1050,2,BETRAY,4,booke,1,763,nw,nw,nw,1,1.151503,198,763,763,1.448694,1.684369
List2Session2,2,2,2,12,1050,1,CHANCE,1,luck,1,532,first,rel,nw,1,-0.13117,100,532,532,0.037357,0.037357
List2Session2,2,2,2,13,1050,1,PLAQUE,2,trophy,1,566,other,rel,rel,1,0.022215,102,566,566,0.083517,0.172795
List2Session2,2,2,2,14,1050,2,OBOE,2,shelp,1,487,nw,nw,rel,1,-0.888083,198,487,487,-0.957139,-0.990949
List2Session2,2,2,2,15,1050,2,SQUASH,4,clome,1,507,nw,nw,nw,1,-0.740287,198,507,507,-0.782803,-0.797086
List2Session2,2,2,2,16,1050,2,REARRANGE,2,garnate,1,540,nw,nw,nw,1,-0.496423,198,540,540,-0.495149,-0.477211
List2Session2,2,2,2,17,1050,1,GHETTO,1,poor,1,478,first,rel,nw,1,-0.546362,100,478,478,-0.599672,-0.599672
List2Session2,2,2,2,18,1050,2,CAFE,4,enlirondent,1,658,nw,nw,rel,1,0.375574,198,658,658,0.533431,0.666585
List2Session2,2,2,2,19,1050,2,NAIVE,4,shomping,1,543,nw,nw,nw,1,-0.474254,198,543,543,-0.468999,-0.448131
List2Session2,2,2,2,20,1050,1,RECKLESS,1,driving,1,496,first,rel,nw,1,-0.407965,100,496,496,-0.387329,-0.387329
List2Session2,2,2,2,21,1050,2,DOUBT,4,zot,1,468,nw,nw,rel,1,-1.028489,198,468,468,-1.122758,-1.17512
List2Session2,2,2,2,22,1050,1,OVERFLOW,2,spill,1,600,other,rel,nw,1,0.321993,102,600,600,0.429471,0.564991
List2Session2,2,2,2,23,1050,2,ASCEND,3,broncoli,1,758,nw,nw,rel,1,1.114554,198,758,758,1.40511,1.635903
List2Session2,2,2,2,24,1050,2,MILDEW,4,wheebclair,1,879,nw,nw,nw,1,2.00872,198,879,879,2.459841,2.808778
List2Session2,2,2,2,25,1050,1,VIRTUE,4,active,1,531,other,un,nw,1,-0.286379,102,531,531,-0.272613,-0.230937
List2Session2,2,2,2,26,1050,1,SCAR,4,empire,1,485,other,un,un,1,-0.69196,102,485,485,-0.740668,-0.761555
List2Session2,2,2,2,27,1050,1,OBVIOUS,4,bit,1,521,other,un,un,1,-0.374549,102,521,521,-0.374364,-0.346288
List2Session2,2,2,2,28,1050,1,KNOWN,3,volcano,1,427,first,un,un,1,-0.938489,100,427,427,-1.201311,-1.201311
List2Session2,2,2,2,29,1050,1,SOFTBALL,2,girls,1,545,other,rel,un,1,-0.162941,102,545,545,-0.130161,-0.069444
List2Session2,2,2,2,30,1050,2,IMPACT,3,squane,1,546,nw,nw,rel,1,-0.452084,198,546,546,-0.442849,-0.419052
List2Session2,2,2,2,31,1050,1,DIG,1,shovel,1,564,first,rel,nw,1,0.11487,100,564,564,0.414855,0.414855
List2Session2,2,2,2,32,1050,1,PROSE,1,poetry,1,500,first,rel,rel,1,-0.37721,100,500,500,-0.340142,-0.340142
List2Session2,2,2,2,33,1050,2,CONSCIOUS,2,sopority,1,711,nw,nw,rel,1,0.767233,198,711,711,0.995421,1.180323
List2Session2,2,2,2,34,1050,1,APPEAL,2,looks,1,465,other,rel,nw,1,-0.8683,102,465,465,-0.944171,-0.992258
List2Session2,2,2,2,35,1050,1,MAN,3,gone,1,534,first,un,rel,1,-0.115793,100,534,534,0.06095,0.06095
List2Session2,2,2,2,36,1050,2,DRAWING,4,cloming,1,584,nw,nw,un,1,-0.171272,198,584,584,-0.111611,-0.050711
List2Session2,2,2,2,37,1050,1,MOLTEN,4,church,1,408,other,un,nw,1,-1.370868,102,408,408,-1.524153,-1.649764
List2Session2,2,2,2,38,1050,2,STRING,4,goots,1,510,nw,nw,un,1,-0.718117,198,510,510,-0.756653,-0.768006
List2Session2,2,2,2,39,1050,2,TESTIFY,2,dama,0,624,nw,nw,nw,0,#NULL!,#NULL!,#NULL!,#NULL!,#NULL!,#NULL!
List2Session2,2,2,2,40,1050,2,FORCE,2,palculate,1,607,nw,nw,nw,1,-0.001306,198,607,607,0.088875,0.172233
List2Session2,2,2,2,41,1050,2,TRAVEL,4,stumid,1,526,nw,nw,nw,1,-0.59988,198,526,526,-0.617184,-0.612915
List2Session2,2,2,2,42,1050,1,LOAN,2,shark,1,543,other,rel,nw,1,-0.180575,102,543,543,-0.150511,-0.092514
List2Session2,2,2,2,43,1050,2,PUMPKIN,4,mutter,0,801,nw,nw,rel,0,#NULL!,#NULL!,#NULL!,#NULL!,#NULL!,#NULL!
List2Session2,2,2,2,44,1050,2,CLEVER,2,surmery,1,696,nw,nw,nw,1,0.656386,198,696,696,0.864669,1.034926
List2Session2,2,2,2,45,1050,2,BRUISE,2,dashion,1,516,nw,nw,nw,1,-0.673778,198,516,516,-0.704352,-0.709847
List2Session2,2,2,2,46,1050,2,CREW,2,prain,1,679,nw,nw,nw,1,0.53076,198,679,679,0.716484,0.870142
List2Session2,2,2,2,47,1050,1,PROM,2,fun,1,482,other,rel,nw,1,-0.718411,102,482,482,-0.771194,-0.79616
List2Session2,2,2,2,48,1050,1,FIREPLACE,4,creator,1,886,other,un,rel,1,2.843651,102,#NULL!,886,#NULL!,3.339556
List2Session2,2,2,2,49,1050,2,DICTATOR,4,malriage,1,697,nw,nw,un,1,0.663776,198,697,697,0.873386,1.044619
List2Session2,2,2,2,50,1050,2,WORD,2,tretty,1,517,nw,nw,nw,1,-0.666389,198,517,517,-0.695636,-0.700154
List2Session2,2,2,2,51,1050,2,WALNUT,2,symtathy,1,936,nw,nw,nw,1,2.429939,198,936,936,2.956698,3.361289
List2Session2,2,2,2,52,1050,2,ADVENTUROUS,1,geg,1,536,nw,nw,nw,1,-0.525982,198,536,536,-0.530017,-0.515983
List2Session2,2,2,2,53,1050,2,MAJORITY,2,klunz,1,394,nw,nw,nw,1,-1.575334,198,394,394,-1.7678,-1.892415
List2Session2,2,2,2,54,1050,1,BLAME,1,accuse,1,465,first,rel,nw,1,-0.646316,100,465,465,-0.753031,-0.753031
List2Session2,2,2,2,55,1050,1,TRIUMPH,1,win,1,646,first,rel,rel,1,0.745347,100,646,646,1.382196,1.382196
List2Session2,2,2,2,56,1050,1,BOG,2,hog,1,420,other,rel,rel,1,-1.265064,102,420,420,-1.402051,-1.511341
List2Session2,2,2,2,57,1050,2,CRUTCH,3,aln,1,521,nw,nw,rel,1,-0.636829,198,521,521,-0.660768,-0.661381
List2Session2,2,2,2,58,1050,2,KITCHEN,1,rallet,1,524,nw,nw,nw,1,-0.61466,198,524,524,-0.634618,-0.632302
List2Session2,2,2,2,59,1050,1,SWISS,3,bar,1,462,first,un,nw,1,-0.669382,100,462,462,-0.788422,-0.788422
List2Session2,2,2,2,60,1050,2,BRITTLE,1,dace,1,515,nw,nw,un,1,-0.681168,198,515,515,-0.713069,-0.71954
List2Session2,2,2,2,61,1050,2,FUSS,2,holn,1,454,nw,nw,nw,1,-1.131946,198,454,454,-1.244793,-1.310824
List2Session2,2,2,2,62,1050,1,ERUPT,2,orgasm,1,635,other,rel,nw,1,0.630587,102,635,635,0.7856,0.968722
List2Session2,2,2,2,63,1050,2,BOUILLON,2,tamprum,1,695,nw,nw,rel,1,0.648996,198,695,695,0.855953,1.025233
List2Session2,2,2,2,64,1050,1,ASH,1,ashtray,0,546,first,rel,nw,0,#NULL!,#NULL!,#NULL!,#NULL!,#NULL!,#NULL!
List2Session2,2,2,2,65,1050,2,MAGNET,1,chept,1,596,nw,nw,rel,1,-0.082594,198,596,596,-0.007009,0.065608
List2Session2,2,2,2,66,1050,2,ERECT,3,flude,1,548,nw,nw,nw,1,-0.437305,198,548,548,-0.425415,-0.399665
List2Session2,2,2,2,67,1050,2,SMEAR,3,leames,1,565,nw,nw,nw,1,-0.311678,198,565,565,-0.27723,-0.234881
List2Session2,2,2,2,68,1050,2,THICK,1,ect,1,662,nw,nw,nw,1,0.405133,198,662,662,0.568299,0.705358
List2Session2,2,2,2,69,1050,2,HOBO,1,lonk,1,516,nw,nw,nw,1,-0.673778,198,516,516,-0.704352,-0.709847
List2Session2,2,2,2,70,1050,1,DAUGHTER,3,quack,1,501,first,un,nw,1,-0.369521,100,501,501,-0.328345,-0.328345
List2Session2,2,2,2,71,1050,2,FEATURE,4,doresight,1,712,nw,nw,un,1,0.774623,198,712,712,1.004138,1.190017
List2Session2,2,2,2,72,1050,2,CAULIFLOWER,1,dolf,1,612,nw,nw,nw,1,0.035643,198,612,612,0.132459,0.220698
List2Session2,2,2,2,73,1050,1,WEST,3,person,1,515,first,un,nw,1,-0.261879,100,515,515,-0.16319,-0.16319
List2Session2,2,2,2,74,1050,2,INFORMATION,3,pompact,1,645,nw,nw,un,1,0.279506,198,645,645,0.420113,0.540573
List2Session2,2,2,2,75,1050,1,BUZZ,4,service,1,468,other,un,nw,1,-0.841849,102,468,468,-0.913645,-0.957653
List2Session2,2,2,2,76,1050,1,COLUMN,1,newspaper,1,488,first,rel,un,1,-0.469475,100,488,488,-0.481704,-0.481704
List2Session2,2,2,2,77,1050,2,ATTEND,1,pealut,1,587,nw,nw,rel,1,-0.149102,198,587,587,-0.08546,-0.021631
List2Session2,2,2,2,78,1050,2,LEGAL,1,alare,1,714,nw,nw,nw,1,0.789403,198,714,714,1.021572,1.209403
List2Session2,2,2,2,79,1050,1,SLIVER,4,criminal,1,580,other,un,nw,1,0.145653,102,580,580,0.225968,0.334287
List2Session2,2,2,2,80,1050,2,HIKE,1,skiln,1,501,nw,nw,un,1,-0.784625,198,501,501,-0.835104,-0.855245
List2Session2,2,2,2,81,1050,2,REFEREE,2,selk,1,472,nw,nw,nw,1,-0.99893,198,472,472,-1.087891,-1.136347
List2Session2,2,2,2,82,1050,2,BEE,3,hene,0,1180,nw,nw,nw,0,#NULL!,#NULL!,#NULL!,#NULL!,#NULL!,#NULL!
List2Session2,2,2,2,83,1050,2,DEPTH,2,onganize,0,580,nw,nw,nw,0,#NULL!,#NULL!,#NULL!,#NULL!,#NULL!,#NULL!
List2Session2,2,2,2,84,1050,2,VIOLENT,2,bungus,1,532,nw,nw,nw,1,-0.555542,198,532,532,-0.564884,-0.554756
List2Session2,2,2,2,85,1050,1,LACE,3,fish,1,534,first,un,nw,1,-0.115793,100,534,534,0.06095,0.06095
List2Session2,2,2,2,86,1050,2,WORLD,3,ellow,1,615,nw,nw,un,1,0.057812,198,615,615,0.15861,0.249778
List2Session2,2,2,2,87,1050,2,FOX,1,rhybe,1,486,nw,nw,nw,1,-0.895473,198,486,486,-0.965856,-1.000642
List2Session2,2,2,2,88,1050,1,CHARCOAL,3,star,1,457,first,un,nw,1,-0.707826,100,457,457,-0.847406,-0.847406
List2Session2,2,2,2,89,1050,1,ABUNDANCE,3,cloth,1,510,first,un,un,1,-0.300322,100,510,510,-0.222174,-0.222174
List2Session2,2,2,2,90,1050,1,TROPICAL,2,storm,1,464,other,rel,un,1,-0.877117,102,464,464,-0.954346,-1.003794
List2Session2,2,2,2,91,1050,1,INTRODUCE,1,meet,1,470,first,rel,rel,1,-0.607872,100,470,470,-0.694047,-0.694047
List2Session2,2,2,2,92,1050,2,SURPRISE,4,shoner,1,762,nw,nw,rel,1,1.144113,198,762,762,1.439977,1.674676
List2Session2,2,2,2,93,1050,1,BANJO,1,guitar,1,482,first,rel,nw,1,-0.515607,100,482,482,-0.552485,-0.552485
List2Session2,2,2,2,94,1050,2,PITY,2,lasp,1,565,nw,nw,rel,1,-0.311678,198,565,565,-0.27723,-0.234881
List2Session2,2,2,2,95,1050,2,GREASE,3,zight,1,662,nw,nw,nw,1,0.405133,198,662,662,0.568299,0.705358
List2Session2,2,2,2,96,1050,2,POLICY,3,pounk,1,515,nw,nw,nw,1,-0.681168,198,515,515,-0.713069,-0.71954
List2Session2,2,2,2,97,1050,1,RESPONSIBILIT,4,divide,1,550,other,un,nw,1,-0.118856,102,550,550,-0.079285,-0.011768
List2Session2,2,2,2,98,1050,1,JOIN,4,dinner,1,759,other,un,un,1,1.723893,102,759,759,2.047315,2.399084
List2Session2,2,2,2,99,1050,1,PASTRY,1,doughnut,1,704,first,rel,un,1,1.191295,100,704,704,2.066412,2.066412
List2Session2,2,2,2,100,1050,1,RECLINER,3,usa,1,426,first,un,rel,1,-0.946177,100,426,426,-1.213108,-1.213108
List2Session2,2,2,2,101,1050,1,LOBE,3,style,1,460,first,un,un,1,-0.68476,100,460,460,-0.812015,-0.812015
List2Session2,2,2,2,102,1050,1,EXTRAVAGANT,1,rich,1,449,first,rel,un,1,-0.769336,100,449,449,-0.941781,-0.941781
List2Session2,2,2,2,103,1050,1,FORMAL,3,sea,1,438,first,un,rel,1,-0.853912,100,438,438,-1.071546,-1.071546
List2Session2,2,2,2,104,1050,1,DISBELIEF,2,alive,1,395,other,rel,un,1,-1.485489,102,395,395,-1.656429,-1.799721
List2Session2,2,2,2,105,1050,1,REMORSE,4,sour,1,579,other,un,rel,1,0.136836,102,579,579,0.215793,0.322752
List2Session2,2,2,2,106,1050,1,SOFA,2,bed,1,372,other,rel,un,1,-1.68828,102,372,372,-1.890457,-2.06503
List2Session2,2,2,2,107,1050,2,ROB,4,anough,1,716,nw,nw,rel,1,0.804182,198,716,716,1.039005,1.228789
List2Session2,2,2,2,108,1050,1,QUICK,4,thaw,0,519,other,un,nw,0,#NULL!,#NULL!,#NULL!,#NULL!,#NULL!,#NULL!
List2Session2,2,2,2,109,1050,2,SPATULA,4,shalmow,1,600,nw,nw,un,1,-0.053035,198,600,600,0.027858,0.10438
List2Session2,2,2,2,110,1050,1,TORTOISE,3,syrup,1,487,first,un,nw,1,-0.477164,100,487,487,-0.493501,-0.493501
List2Session2,2,2,2,111,1050,2,PASSAGE,1,drine,1,522,nw,nw,un,1,-0.62944,198,522,522,-0.652052,-0.651688
List2Session2,2,2,2,112,1050,1,CHAIRPERSON,3,fries,1,525,first,un,nw,1,-0.184991,100,525,525,-0.045221,-0.045221
List2Session2,2,2,2,113,1050,1,COMEDIAN,4,twelve,1,527,other,un,un,1,-0.321647,102,527,527,-0.313313,-0.277077
List2Session2,2,2,2,114,1050,1,MUSK,3,brush,1,465,first,un,un,1,-0.646316,100,465,465,-0.753031,-0.753031
List2Session2,2,2,2,115,1050,2,REGULAR,3,memal,1,518,nw,nw,un,1,-0.658999,198,518,518,-0.686919,-0.690461
List2Session2,2,2,2,116,1050,1,LIP,4,worst,1,504,other,un,nw,1,-0.524438,102,504,504,-0.547341,-0.542386
List2Session2,2,2,2,117,1050,1,PROTESTANT,3,hypnotize,1,634,first,un,un,1,0.653082,100,634,634,1.240634,1.240634
List2Session2,2,2,2,118,1050,1,PIPE,4,rotten,1,535,other,un,un,1,-0.251111,102,535,535,-0.231912,-0.184796
List2Session2,2,2,2,119,1050,1,HEAVY,2,weight,1,424,other,rel,un,1,-1.229797,102,424,424,-1.361351,-1.465201
List2Session2,2,2,2,120,1050,1,RODENT,2,bug,1,431,other,rel,rel,1,-1.168078,102,431,431,-1.290125,-1.384454
List2Session2,2,2,2,121,1050,2,BACTERIA,3,prave,1,645,nw,nw,rel,1,0.279506,198,645,645,0.420113,0.540573
List2Session2,2,2,2,122,1050,1,FORBIDDEN,2,zone,1,484,other,rel,nw,1,-0.700777,102,484,484,-0.750843,-0.77309
List2Session2,2,2,2,123,1050,2,WIDTH,3,buv,1,567,nw,nw,rel,1,-0.296898,198,567,567,-0.259796,-0.215495
List2Session2,2,2,2,124,1050,1,DETERMINE,1,decide,1,439,first,rel,nw,1,-0.846224,100,439,439,-1.059749,-1.059749
List2Session2,2,2,2,125,1050,1,STUCK,4,swallow,1,684,other,un,rel,1,1.06262,102,684,684,1.284181,1.533946
List2Session2,2,2,2,126,1050,1,PADDY,1,wagon,0,567,first,rel,un,0,#NULL!,#NULL!,#NULL!,#NULL!,#NULL!,#NULL!
List2Session2,2,2,2,127,1050,1,LIGHTNING,3,plant,1,535,first,un,rel,1,-0.108104,100,535,535,0.072747,0.072747
List2Session2,2,2,2,128,1050,1,DISORDER,2,order,1,409,other,rel,un,1,-1.362051,102,409,409,-1.513978,-1.638228
List2Session2,2,2,2,129,1050,2,PLUSH,2,fielp,1,623,nw,nw,rel,1,0.116931,198,623,623,0.228344,0.327323
List2Session2,2,2,2,130,1050,2,FRUSTRATE,3,lound,1,606,nw,nw,nw,1,-0.008696,198,606,606,0.080158,0.162539
List2Session2,2,2,2,131,1050,1,BRISTLE,3,sound,1,429,first,un,nw,1,-0.923111,100,429,429,-1.177717,-1.177717
List2Session2,2,2,2,132,1050,2,CHARACTERISTI,3,shabe,1,467,nw,nw,un,1,-1.035879,198,467,467,-1.131475,-1.184813
List2Session2,2,2,2,133,1050,2,BLOCK,3,wiln,1,438,nw,nw,nw,1,-1.250183,198,438,438,-1.384262,-1.465915
List2Session2,2,2,2,134,1050,2,DEFINE,3,fais,1,508,nw,nw,nw,1,-0.732897,198,508,508,-0.774087,-0.787392
List2Session2,2,2,2,135,1050,2,PLEAD,1,trime,1,494,nw,nw,nw,1,-0.836354,198,494,494,-0.896122,-0.923097
List2Session2,2,2,2,136,1050,1,MAGAZINE,1,book,1,419,first,rel,nw,1,-0.999999,100,419,419,-1.295686,-1.295686
List2Session2,2,2,2,137,1050,2,HIDDEN,1,saft,1,649,nw,nw,rel,1,0.309065,198,649,649,0.45498,0.579346
List2Session2,2,2,2,138,1050,1,HAPPINESS,3,snail,1,486,first,un,nw,1,-0.484852,100,486,486,-0.505298,-0.505298
List2Session2,2,2,2,139,1050,1,HEADING,1,title,1,554,first,rel,un,1,0.037982,100,554,554,0.296887,0.296887
List2Session2,2,2,2,140,1050,2,SLAVE,4,spetific,1,618,nw,nw,rel,1,0.079982,198,618,618,0.18476,0.278858
List2Session2,2,2,2,141,1050,1,FRAY,4,bargain,1,568,other,un,nw,1,0.039849,102,568,568,0.103867,0.195865
List2Session2,2,2,2,142,1050,2,SPOOL,4,cadeful,1,776,nw,nw,un,1,1.247571,198,776,776,1.562012,1.81038
List2Session2,2,2,2,143,1050,2,VEER,2,rin,1,529,nw,nw,nw,1,-0.577711,198,529,529,-0.591034,-0.583836
List2Session2,2,2,2,144,1050,1,SEASONING,1,salt,1,467,first,rel,nw,1,-0.630939,100,467,467,-0.729438,-0.729438
List2Session2,2,2,2,145,1050,2,RASH,3,vay,1,487,nw,nw,rel,1,-0.888083,198,487,487,-0.957139,-0.990949
List2Session2,2,2,2,146,1050,2,STOCK,1,reamon,1,652,nw,nw,nw,1,0.331235,198,652,652,0.481131,0.608426
List2Session2,2,2,2,147,1050,2,TEAR,3,bapability,1,616,nw,nw,nw,1,0.065202,198,616,616,0.167326,0.259471
List2Session2,2,2,2,148,1050,2,LEVER,3,oynter,1,503,nw,nw,nw,1,-0.769846,198,503,503,-0.817671,-0.835858
List2Session2,2,2,2,149,1050,1,EVIL,4,shock,1,569,other,un,nw,1,0.048666,102,569,569,0.114042,0.2074
List2Session2,2,2,2,150,1050,2,NOISY,3,anound,1,601,nw,nw,un,1,-0.045645,198,601,601,0.036575,0.114073
List2Session2,2,2,2,151,1050,2,TEMPER,1,upatairs,0,583,nw,nw,nw,0,#NULL!,#NULL!,#NULL!,#NULL!,#NULL!,#NULL!
List2Session2,2,2,2,152,1050,1,CAVE,4,hundred,1,583,other,un,nw,1,0.172104,102,583,583,0.256494,0.368893
List2Session2,2,2,2,153,1050,1,ROAST,1,beef,1,359,first,rel,un,1,-1.461323,100,359,359,-2.003496,-2.003496
List2Session2,2,2,2,154,1050,2,BATHROOM,2,oufnoors,1,640,nw,nw,rel,1,0.242557,198,640,640,0.376529,0.492108
List2Session2,2,2,2,155,1050,2,WARY,3,beptile,1,493,nw,nw,nw,1,-0.843744,198,493,493,-0.904838,-0.93279
List2Session2,2,2,2,156,1050,2,EAGLE,2,bime,1,464,nw,nw,nw,1,-1.058048,198,464,464,-1.157625,-1.213892
List2Session2,2,2,2,157,1050,1,KLEENEX,3,shove,1,724,first,un,nw,1,1.34507,100,724,724,2.302349,2.302349
List2Session2,2,2,2,158,1050,2,SEARCH,4,sepret,1,559,nw,nw,un,1,-0.356017,198,559,559,-0.329531,-0.29304
List2Session2,2,2,2,159,1050,2,PERSONNEL,4,sint,1,463,nw,nw,nw,1,-1.065438,198,463,463,-1.166342,-1.223586
List2Session2,2,2,2,160,1050,2,BRAIN,4,scave,1,964,nw,nw,nw,1,2.636854,198,#NULL!,964,#NULL!,3.200768
List2Session2,2,2,2,161,1050,1,FIX,4,vault,1,517,other,un,nw,1,-0.409817,102,517,517,-0.415064,-0.392429
List2Session2,2,2,2,162,1050,2,HISPANIC,3,fice,1,807,nw,nw,un,1,1.476654,198,807,807,1.832233,2.110869
List2Session2,2,2,2,163,1050,2,DISALLOW,1,deaven,1,494,nw,nw,nw,1,-0.836354,198,494,494,-0.896122,-0.923097
List2Session2,2,2,2,164,1050,1,PRO,1,con,1,528,first,rel,nw,1,-0.161925,100,528,528,-0.009831,-0.009831
List2Session2,2,2,2,165,1050,1,MINUTE,1,second,1,450,first,rel,rel,1,-0.761647,100,450,450,-0.929984,-0.929984
List2Session2,2,2,2,166,1050,1,GHOUL,1,ghost,1,344,first,rel,rel,1,-1.576655,100,344,344,-2.180448,-2.180448
List2Session2,2,2,2,167,1050,2,ESCAPE,4,minp,1,561,nw,nw,rel,1,-0.341237,198,561,561,-0.312097,-0.273654
List2Session2,2,2,2,168,1050,1,NET,4,clipper,1,562,other,un,nw,1,-0.013053,102,562,562,0.042816,0.126654
List2Session2,2,2,2,169,1050,1,BEAUTY,1,beast,1,435,first,rel,un,1,-0.876979,100,435,435,-1.106936,-1.106936
List2Session2,2,2,2,170,1050,1,COMMON,3,grape,1,504,first,un,rel,1,-0.346455,100,504,504,-0.292955,-0.292955
List2Session2,2,2,2,171,1050,1,SLICE,4,smart,1,507,other,un,un,1,-0.497987,102,507,507,-0.516816,-0.507781
List2Session2,2,2,2,172,1050,2,FRAUD,2,gopernment,1,620,nw,nw,un,1,0.094761,198,620,620,0.202194,0.298244
List2Session2,2,2,2,173,1050,1,DRIVEWAY,2,pavement,1,587,other,rel,nw,1,0.207372,102,587,587,0.297194,0.415033
List2Session2,2,2,2,174,1050,2,TACKLE,2,stiple,1,538,nw,nw,rel,1,-0.511203,198,538,538,-0.512583,-0.496597
List2Session2,2,2,2,175,1050,2,RESERVATION,4,thip,1,605,nw,nw,nw,1,-0.016086,198,605,605,0.071442,0.152846
List2Session2,2,2,2,176,1050,1,BULLOCK,2,actress,1,491,other,rel,nw,1,-0.639059,102,491,491,-0.679618,-0.692344
List2Session2,2,2,2,177,1050,1,BEANS,3,eleven,1,512,first,un,rel,1,-0.284945,100,512,512,-0.19858,-0.19858
List2Session2,2,2,2,178,1050,1,INITIAL,1,name,1,1026,first,rel,un,1,3.667071,100,#NULL!,#NULL!,#NULL!,#NULL!
List2Session2,2,2,2,179,1050,2,SHIFT,3,pruth,1,1264,nw,nw,rel,1,4.853795,198,#NULL!,#NULL!,#NULL!,#NULL!
List2Session2,2,2,2,180,1050,1,DYNASTY,4,value,1,564,other,un,nw,1,0.004581,102,564,564,0.063166,0.149724
List2Session2,2,2,2,181,1050,2,WAG,3,alerica,1,597,nw,nw,un,1,-0.075204,198,597,597,0.001707,0.075301
List2Session2,2,2,2,182,1050,2,WHISTLE,3,senlence,1,661,nw,nw,nw,1,0.397743,198,661,661,0.559582,0.695664
List2Session2,2,2,2,183,1050,2,ALLERGY,1,dassage,1,529,nw,nw,nw,1,-0.577711,198,529,529,-0.591034,-0.583836
List2Session2,2,2,2,184,1050,2,PRACTICE,3,marper,1,516,nw,nw,nw,1,-0.673778,198,516,516,-0.704352,-0.709847
List2Session2,2,2,2,185,1050,1,WICK,3,hill,0,774,first,un,nw,0,#NULL!,#NULL!,#NULL!,#NULL!,#NULL!,#NULL!
List2Session2,2,2,2,186,1050,2,STAPLER,1,halnway,1,607,nw,nw,un,1,-0.001306,198,607,607,0.088875,0.172233
List2Session2,2,2,2,187,1050,2,NATURAL,3,pighten,1,460,nw,nw,nw,1,-1.087607,198,460,460,-1.192492,-1.252665
List2Session2,2,2,2,188,1050,1,BLOCKS,2,children,1,434,other,rel,nw,1,-1.141627,102,434,434,-1.259599,-1.349849
List2Session2,2,2,2,189,1050,1,FRIENDSHIP,2,enemy,1,583,other,rel,rel,1,0.172104,102,583,583,0.256494,0.368893
List2Session2,2,2,2,190,1050,2,FUND,2,prack,1,791,nw,nw,rel,1,1.358418,198,791,791,1.692764,1.955778
List2Session2,2,2,2,191,1050,2,DENSE,2,plun,1,958,nw,nw,nw,1,2.592515,198,#NULL!,958,#NULL!,3.148468
List2Session2,2,2,2,192,1050,2,QUESTION,4,rine,0,430,nw,nw,nw,0,#NULL!,#NULL!,#NULL!,#NULL!,#NULL!,#NULL!
List2Session2,2,2,2,193,1050,1,SHORTS,2,legs,1,532,other,rel,nw,1,-0.277562,102,532,532,-0.262438,-0.219401
List2Session2,2,2,2,194,1050,1,CONDFIDENCE,3,knowledge,1,487,first,un,rel,1,-0.477164,100,487,487,-0.493501,-0.493501
List2Session2,2,2,2,195,1050,2,WIND,4,hetter,1,442,nw,nw,un,1,-1.220624,198,442,442,-1.349395,-1.427143
List2Session2,2,2,2,196,1050,2,SURGEON,2,snee,1,799,nw,nw,nw,1,1.417536,198,799,799,1.762498,2.033323
List2Session2,2,2,2,197,1050,1,VIVID,1,clear,1,614,first,rel,nw,1,0.499307,100,614,614,1.004697,1.004697
List2Session2,2,2,2,198,1050,1,MISTAKE,4,piano,1,677,other,un,rel,1,1.000901,102,677,677,1.212955,1.453199
List2Session2,2,2,2,199,1050,2,OCCUPATION,4,melf,1,513,nw,nw,un,1,-0.695948,198,513,513,-0.730503,-0.738927
List2Session2,2,2,2,200,1050,1,REPLY,2,speak,1,501,other,rel,nw,1,-0.550889,102,501,501,-0.577866,-0.576992
List2Session2,2,2,2,201,1050,1,DEPUTY,2,assistant,1,643,other,rel,rel,1,0.701123,102,643,643,0.867001,1.061003
List2Session2,2,2,2,202,1050,1,GOING,3,security,1,512,first,un,rel,1,-0.284945,100,512,512,-0.19858,-0.19858
List2Session2,2,2,2,203,1050,1,AMBITION,1,goal,1,451,first,rel,un,1,-0.753959,100,451,451,-0.918187,-0.918187
List2Session2,2,2,2,204,1050,1,SUBJECT,1,class,1,455,first,rel,rel,1,-0.723204,100,455,455,-0.871,-0.871
List2Session2,2,2,2,205,1050,1,EAST,3,beginning,1,668,first,un,rel,1,0.9145,100,668,668,1.641726,1.641726
List2Session2,2,2,2,206,1050,2,SUM,1,nent,1,824,nw,nw,un,1,1.602281,198,824,824,1.980418,2.275653
List2Session2,2,2,2,207,1050,2,PERSONAL,2,unfaip,1,669,nw,nw,nw,1,0.456862,198,669,669,0.629316,0.77321
List2Session2,2,2,2,208,1050,1,SURFACE,1,top,1,554,first,rel,nw,1,0.037982,100,554,554,0.296887,0.296887
List2Session2,2,2,2,209,1050,2,HYPOTHESIS,3,beln,1,523,nw,nw,rel,1,-0.62205,198,523,523,-0.643335,-0.641995
List2Session2,2,2,2,210,1050,1,PROCEDURE,4,asleep,1,556,other,un,nw,1,-0.065955,102,556,556,-0.018235,0.057443
List2Session2,2,2,2,211,1050,1,INDIAN,4,hat,1,622,other,un,un,1,0.515966,102,622,622,0.653323,0.818765
List2Session2,2,2,2,212,1050,2,PHRASE,1,blash,1,732,nw,nw,un,1,0.922419,198,732,732,1.178474,1.38388
List2Session2,2,2,2,213,1050,2,IVY,2,beproot,1,613,nw,nw,nw,1,0.043033,198,613,613,0.141176,0.230392
List2Session2,2,2,2,214,1050,2,GRIP,1,mosp,1,548,nw,nw,nw,1,-0.437305,198,548,548,-0.425415,-0.399665
List2Session2,2,2,2,215,1050,1,SUEDE,3,unemploymen,1,837,first,un,nw,1,2.213898,100,837,837,3.635391,3.635391
List2Session2,2,2,2,216,1050,1,DEMI,1,god,1,507,first,rel,un,1,-0.323389,100,507,507,-0.257564,-0.257564
List2Session2,2,2,2,217,1050,2,WRINKLE,2,leton,1,622,nw,nw,rel,1,0.109541,198,622,622,0.219627,0.31763
List2Session2,2,2,2,218,1050,1,CONTRACT,1,agreement,1,540,first,rel,nw,1,-0.06966,100,540,540,0.131731,0.131731
List2Session2,2,2,2,219,1050,1,PISSED,1,mad,1,493,first,rel,rel,1,-0.431031,100,493,493,-0.42272,-0.42272
List2Session2,2,2,2,220,1050,1,SCREW,1,driver,1,559,first,rel,rel,1,0.076426,100,559,559,0.355871,0.355871
List2Session2,2,2,2,221,1050,1,DISREGARD,3,shy,1,609,first,un,rel,1,0.460864,100,609,609,0.945713,0.945713
List2Session2,2,2,2,222,1050,1,BUGLE,1,horn,1,464,first,rel,un,1,-0.654005,100,464,464,-0.764828,-0.764828
List2Session2,2,2,2,223,1050,2,JERK,2,nootsall,1,837,nw,nw,rel,1,1.698349,198,837,837,2.093736,2.401664
List2Session2,2,2,2,224,1050,1,GAUGE,4,after,1,522,other,un,nw,1,-0.365732,102,522,522,-0.364189,-0.334753
List2Session2,2,2,2,225,1050,2,WEIGH,4,teln,1,492,nw,nw,un,1,-0.851134,198,492,492,-0.913555,-0.942483
List2Session2,2,2,2,226,1050,2,DETAIL,1,welpome,1,608,nw,nw,nw,1,0.006084,198,608,608,0.097592,0.181926
List2Session2,2,2,2,227,1050,1,QUENCH,3,know,1,478,first,un,nw,1,-0.546362,100,478,478,-0.599672,-0.599672
List2Session2,2,2,2,228,1050,2,HONEST,1,obsmacle,1,690,nw,nw,un,1,0.612047,198,690,690,0.812369,0.976767
List2Session2,2,2,2,229,1050,1,PLAYER,4,stick,1,526,other,un,nw,1,-0.330464,102,526,526,-0.323488,-0.288612
List2Session2,2,2,2,230,1050,1,GUM,3,blow,1,431,first,un,un,1,-0.907734,100,431,431,-1.154124,-1.154124
List2Session2,2,2,2,231,1050,1,REMARK,3,TRUE,1,533,first,un,un,1,-0.123481,100,533,533,0.049153,0.049153
List2Session2,2,2,2,232,1050,2,PARDON,1,daking,1,583,nw,nw,un,1,-0.178662,198,583,583,-0.120328,-0.060404
List2Session2,2,2,2,233,1050,1,TUBA,3,directions,1,520,first,un,nw,1,-0.223435,100,520,520,-0.104205,-0.104205
List2Session2,2,2,2,234,1050,2,RIBS,4,dorry,1,698,nw,nw,un,1,0.671166,198,698,698,0.882103,1.054312
List2Session2,2,2,2,235,1050,2,CUE,4,smorts,1,629,nw,nw,nw,1,0.161269,198,629,629,0.280645,0.385483
List2Session2,2,2,2,236,1050,1,TENDENCY,3,grill,1,578,first,un,nw,1,0.222512,100,578,578,0.580011,0.580011
List2Session2,2,2,2,237,1050,1,USE,3,explode,1,482,first,un,un,1,-0.515607,100,482,482,-0.552485,-0.552485
List2Session2,2,2,2,238,1050,2,ESTEEM,1,ploudy,1,806,nw,nw,un,1,1.469265,198,806,806,1.823516,2.101176
List2Session2,2,2,2,239,1050,2,CINNAMON,3,shos,1,558,nw,nw,nw,1,-0.363407,198,558,558,-0.338247,-0.302733
List2Session2,2,2,2,240,1050,2,PICKET,4,wark,1,495,nw,nw,nw,1,-0.828964,198,495,495,-0.887405,-0.913404
List2Session2,2,2,2,241,1050,1,RABBI,3,toothbrush,1,514,first,un,nw,1,-0.269567,100,514,514,-0.174986,-0.174986
List2Session2,2,2,2,242,1050,1,TRADITION,4,deer,1,469,other,un,un,1,-0.833032,102,469,469,-0.90347,-0.946118
List2Session2,2,2,2,243,1050,1,RETREAT,1,back,1,425,first,rel,un,1,-0.953866,100,425,425,-1.224905,-1.224905
List2Session2,2,2,2,244,1050,1,PITCHFORK,3,chalk,1,606,first,un,rel,1,0.437797,100,606,606,0.910322,0.910322
List2Session2,2,2,2,245,1050,2,IMPRESSION,2,kew,1,525,nw,nw,un,1,-0.60727,198,525,525,-0.625901,-0.622608
List2Session2,2,2,2,246,1050,2,CLENCH,2,whime,1,479,nw,nw,nw,1,-0.947201,198,479,479,-1.026873,-1.068495
List2Session2,2,2,2,247,1050,2,CARESS,2,nacation,1,803,nw,nw,nw,1,1.447095,198,803,803,1.797366,2.072096
List2Session2,2,2,2,248,1050,2,TAME,1,extale,1,746,nw,nw,nw,1,1.025876,198,746,746,1.300509,1.519585
List2Session2,2,2,2,249,1050,1,JURY,4,juvenile,1,580,other,un,nw,1,0.145653,102,580,580,0.225968,0.334287
List2Session2,2,2,2,250,1050,2,APATHY,1,purmle,1,724,nw,nw,un,1,0.863301,198,724,724,1.108739,1.306335
List2Session2,2,2,2,251,1050,2,PURCHASE,4,cogy,1,605,nw,nw,nw,1,-0.016086,198,605,605,0.071442,0.152846
List2Session2,2,2,2,252,1050,1,TACK,1,nail,1,524,first,rel,nw,1,-0.19268,100,524,524,-0.057018,-0.057018
List2Session2,2,2,2,253,1050,1,WORTHLESS,3,secretary,1,654,first,un,rel,1,0.806857,100,654,654,1.476571,1.476571
List2Session2,2,2,2,254,1050,2,POEM,1,ane,1,523,nw,nw,un,1,-0.62205,198,523,523,-0.643335,-0.641995
List2Session2,2,2,2,255,1050,2,CEMETERY,2,dolfar,1,509,nw,nw,nw,1,-0.725507,198,509,509,-0.76537,-0.777699
List2Session2,2,2,2,256,1050,2,BASHFUL,3,nours,1,463,nw,nw,nw,1,-1.065438,198,463,463,-1.166342,-1.223586
List2Session2,2,2,2,257,1050,1,HANDCUFFS,4,mountains,1,837,other,un,nw,1,2.411618,102,837,837,2.840975,3.298828
List2Session2,2,2,2,258,1050,2,POUNCE,4,rixture,1,1018,nw,nw,un,1,3.035903,198,#NULL!,#NULL!,#NULL!,#NULL!
List2Session2,2,2,2,259,1050,1,LIQUID,2,wet,1,536,other,rel,nw,1,-0.242294,102,536,536,-0.221737,-0.173261
List2Session2,2,2,2,260,1050,2,BREAST,2,imiot,1,522,nw,nw,rel,1,-0.62944,198,522,522,-0.652052,-0.651688
List2Session2,2,2,2,261,1050,2,RAG,3,apainst,1,556,nw,nw,nw,1,-0.378186,198,556,556,-0.355681,-0.32212
List2Session2,2,2,2,262,1050,1,STRIPES,2,shirt,1,605,other,rel,nw,1,0.366078,102,605,605,0.480346,0.622667
List2Session2,2,2,2,263,1050,1,MISTER,3,bread,1,1099,first,un,rel,1,4.22835,100,#NULL!,#NULL!,#NULL!,#NULL!
List2Session2,2,2,2,264,1050,1,SEMESTER,2,hours,1,726,other,rel,un,1,1.432933,102,726,726,1.711536,2.018423
List2Session2,2,2,2,265,1050,2,INHALE,3,fauce,1,497,nw,nw,rel,1,-0.814185,198,497,497,-0.869971,-0.894017
List2Session2,2,2,2,266,1050,2,STEEL,3,grops,1,500,nw,nw,nw,1,-0.792015,198,500,500,-0.843821,-0.864938
List2Session2,2,2,2,267,1050,2,PUBLICATION,4,necay,1,438,nw,nw,nw,1,-1.250183,198,438,438,-1.384262,-1.465915
List2Session2,2,2,2,268,1050,2,UNHAPPY,2,pastle,0,476,nw,nw,nw,0,#NULL!,#NULL!,#NULL!,#NULL!,#NULL!,#NULL!
List2Session2,2,2,2,269,1050,2,CRATER,2,colmunist,0,545,nw,nw,nw,0,#NULL!,#NULL!,#NULL!,#NULL!,#NULL!,#NULL!
List2Session2,2,2,2,270,1050,1,SEDATIVE,2,pill,1,562,other,rel,nw,1,-0.013053,102,562,562,0.042816,0.126654
List2Session2,2,2,2,271,1050,1,EGO,3,adjective,1,611,first,un,rel,1,0.476241,100,611,611,0.969307,0.969307
List2Session2,2,2,2,272,1050,1,FAIRY,4,sign,1,514,other,un,un,1,-0.436268,102,514,514,-0.44559,-0.427035
List2Session2,2,2,2,273,1050,2,RECOMMEND,4,atch,1,582,nw,nw,un,1,-0.186051,198,582,582,-0.129044,-0.070097
List2Session2,2,2,2,274,1050,2,COMMAND,4,yelm,1,518,nw,nw,nw,1,-0.658999,198,518,518,-0.686919,-0.690461
List2Session2,2,2,2,275,1050,1,EGYPT,1,pyramid,1,566,first,rel,nw,1,0.130247,100,566,566,0.438449,0.438449
List2Session2,2,2,2,276,1050,1,ABSURD,1,ridiculous,1,615,first,rel,rel,1,0.506996,100,615,615,1.016494,1.016494
List2Session2,2,2,2,277,1050,1,DARKNESS,2,scared,1,549,other,rel,rel,1,-0.127673,102,549,549,-0.08946,-0.023303
List2Session2,2,2,2,278,1050,2,COAL,4,calse,1,503,nw,nw,rel,1,-0.769846,198,503,503,-0.817671,-0.835858
List2Session2,2,2,2,279,1050,2,SURROUNDING,1,parge,1,537,nw,nw,nw,1,-0.518593,198,537,537,-0.5213,-0.50629
List2Session2,2,2,2,280,1050,2,UNTRUE,1,imon,1,474,nw,nw,nw,1,-0.98415,198,474,474,-1.070457,-1.116961
List2Session2,2,2,2,281,1050,2,ENGLAND,3,meap,1,495,nw,nw,nw,1,-0.828964,198,495,495,-0.887405,-0.913404
List2Session2,2,2,2,282,1050,1,PARCHED,3,backward,1,546,first,un,nw,1,-0.023528,100,546,546,0.202512,0.202512
List2Session2,2,2,2,283,1050,1,SNOTTY,3,roses,1,532,first,un,un,1,-0.13117,100,532,532,0.037357,0.037357
List2Session2,2,2,2,284,1050,2,NICOTINE,3,ald,1,550,nw,nw,un,1,-0.422525,198,550,550,-0.407982,-0.380279
List2Session2,2,2,2,285,1050,2,PEARL,2,pross,1,647,nw,nw,nw,1,0.294286,198,647,647,0.437547,0.55996
List2Session2,2,2,2,286,1050,1,MILD,4,recipe,1,596,other,un,nw,1,0.286725,102,596,596,0.38877,0.51885
List2Session2,2,2,2,287,1050,1,SKIP,1,jump,1,531,first,rel,un,1,-0.138859,100,531,531,0.02556,0.02556
List2Session2,2,2,2,288,1050,1,BULLET,2,proof,1,598,other,rel,rel,1,0.304359,102,598,598,0.40912,0.54192
List2Session2,2,2,2,289,1050,1,EDITOR,4,where,1,662,other,un,rel,1,0.868646,102,662,662,1.060328,1.280172
List2Session2,2,2,2,290,1050,2,BREEZE,3,coof,1,593,nw,nw,un,1,-0.104764,198,593,593,-0.03316,0.036528
List2Session2,2,2,2,291,1050,1,MUCH,4,homework,1,1138,other,un,nw,1,5.065531,102,#NULL!,#NULL!,#NULL!,#NULL!
List2Session2,2,2,2,292,1050,1,FUNGI,2,biology,1,507,other,rel,un,1,-0.497987,102,507,507,-0.516816,-0.507781
List2Session2,2,2,2,293,1050,1,NOTICE,1,see,1,1053,first,rel,rel,1,3.874668,100,#NULL!,#NULL!,#NULL!,#NULL!
List2Session2,2,2,2,294,1050,2,POSSESS,4,inubual,1,539,nw,nw,rel,1,-0.503813,198,539,539,-0.503866,-0.486904
List2Session2,2,2,2,295,1050,2,RUMOR,2,inpurance,1,556,nw,nw,nw,1,-0.378186,198,556,556,-0.355681,-0.32212
List2Session2,2,2,2,296,1050,1,AWE,2,wonder,1,509,other,rel,nw,1,-0.480353,102,509,509,-0.496465,-0.484711
List2Session2,2,2,2,297,1050,2,COMPUTE,1,caming,1,1071,nw,nw,rel,1,3.427563,198,#NULL!,#NULL!,#NULL!,#NULL!
List2Session2,2,2,2,298,1050,2,BEAT,2,omner,1,698,nw,nw,nw,1,0.671166,198,698,698,0.882103,1.054312
List2Session2,2,2,2,299,1050,2,BUILDER,1,pake,1,598,nw,nw,nw,1,-0.067815,198,598,598,0.010424,0.084994
List2Session2,2,2,2,300,1050,2,BOLOGNA,2,emply,1,582,nw,nw,nw,1,-0.186051,198,582,582,-0.129044,-0.070097
List2Session2,2,2,2,301,1050,1,ORCHESTRA,2,violin,1,603,other,rel,nw,1,0.348444,102,603,603,0.459996,0.599596
List2Session2,2,2,2,302,1050,2,BLUBBER,4,learp,1,522,nw,nw,rel,1,-0.62944,198,522,522,-0.652052,-0.651688
List2Session2,2,2,2,303,1050,1,SUNDAY,4,home,1,411,other,un,nw,1,-1.344417,102,411,411,-1.493627,-1.615158
List2Session2,2,2,2,304,1050,1,TRIP,3,exact,1,547,first,un,un,1,-0.015839,100,547,547,0.214309,0.214309
List2Session2,2,2,2,305,1050,1,HAWAII,2,hula,1,900,other,rel,un,1,2.967088,102,#NULL!,900,#NULL!,3.482007
List2Session2,2,2,2,306,1050,2,BARRIER,4,quarn,1,471,nw,nw,rel,1,-1.00632,198,471,471,-1.096608,-1.14604
List2Session2,2,2,2,307,1050,1,FROG,2,prince,1,635,other,rel,nw,1,0.630587,102,635,635,0.7856,0.968722
List2Session2,2,2,2,308,1050,1,FOUNDATION,1,base,1,519,first,rel,rel,1,-0.231124,100,519,519,-0.116002,-0.116002
List2Session2,2,2,2,309,1050,1,CONTINENT,1,africa,1,522,first,rel,rel,1,-0.208058,100,522,522,-0.080612,-0.080612
List2Session2,2,2,2,310,1050,2,DROP,1,thamps,1,589,nw,nw,rel,1,-0.134323,198,589,589,-0.068027,-0.002245
List2Session2,2,2,2,311,1050,1,FLY,2,airplane,1,541,other,rel,nw,1,-0.198209,102,541,541,-0.170861,-0.115585
List2Session2,2,2,2,312,1050,1,GEESE,4,strict,1,494,other,un,rel,1,-0.612608,102,494,494,-0.649092,-0.657738
List2Session2,2,2,2,313,1050,2,STONED,4,shome,1,913,nw,nw,un,1,2.259974,198,913,913,2.756212,3.138346
List2Session2,2,2,2,314,1050,2,FIGHTER,3,faln,1,437,nw,nw,nw,1,-1.257573,198,437,437,-1.392979,-1.475608
List2Session2,2,2,2,315,1050,2,CLAIM,1,spibe,1,682,nw,nw,nw,1,0.552929,198,682,682,0.742634,0.899221
List2Session2,2,2,2,316,1050,1,GROUNDS,1,keeper,1,534,first,rel,nw,1,-0.115793,100,534,534,0.06095,0.06095
List2Session2,2,2,2,317,1050,2,COMBINATION,1,apgry,1,488,nw,nw,rel,1,-0.880693,198,488,488,-0.948422,-0.981256
List2Session2,2,2,2,318,1050,1,EXCEPTIONAL,1,great,1,651,first,rel,nw,1,0.783791,100,651,651,1.44118,1.44118
List2Session2,2,2,2,319,1050,2,BRIDGE,4,excume,1,648,nw,nw,rel,1,0.301676,198,648,648,0.446264,0.569653
List2Session2,2,2,2,320,1050,2,TANK,1,potice,1,469,nw,nw,nw,1,-1.021099,198,469,469,-1.114041,-1.165427
List2Session2,2,2,2,321,1050,1,PADDLE,2,punishment,1,602,other,rel,nw,1,0.339627,102,602,602,0.449821,0.588061
List2Session2,2,2,2,322,1050,2,GLARE,3,retridenato,1,761,nw,nw,rel,1,1.136723,198,761,761,1.431261,1.664983
List2Session2,2,2,2,323,1050,1,CAPACITY,1,full,1,704,first,rel,nw,1,1.191295,100,704,704,2.066412,2.066412
List2Session2,2,2,2,324,1050,2,PUBLISHER,4,spoce,1,572,nw,nw,rel,1,-0.259949,198,572,572,-0.216212,-0.167029
List2Session2,2,2,2,325,1050,1,DARK,4,bracelet,1,572,other,un,nw,1,0.075117,102,572,572,0.144567,0.242006
List2Session2,2,2,2,326,1050,2,CALCULATOR,3,bept,1,555,nw,nw,un,1,-0.385576,198,555,555,-0.364398,-0.331813
List2Session2,2,2,2,327,1050,2,METEOR,2,arn,1,493,nw,nw,nw,1,-0.843744,198,493,493,-0.904838,-0.93279
List2Session2,2,2,2,328,1050,1,PETROLEUM,2,car,1,480,other,rel,nw,1,-0.736045,102,480,480,-0.791544,-0.819231
List2Session2,2,2,2,329,1050,1,LONELY,1,alone,1,579,first,rel,rel,1,0.230201,100,579,579,0.591808,0.591808
List2Session2,2,2,2,330,1050,1,ARTERY,3,finger,1,548,first,un,rel,1,-0.00815,100,548,548,0.226106,0.226106
List2Session2,2,2,2,331,1050,1,FLUID,2,washer,1,549,other,rel,un,1,-0.127673,102,549,549,-0.08946,-0.023303
List2Session2,2,2,2,332,1050,1,CANAL,2,stream,1,694,other,rel,rel,1,1.150789,102,694,694,1.385932,1.649297
List2Session2,2,2,2,333,1050,1,MONASTERY,3,eyes,1,594,first,un,rel,1,0.345532,100,594,594,0.76876,0.76876
List2Session2,2,2,2,334,1050,1,DIGGER,4,mall,1,513,other,un,un,1,-0.445085,102,513,513,-0.455765,-0.43857
List2Session2,2,2,2,335,1050,1,LICE,2,dirty,1,516,other,rel,un,1,-0.418634,102,516,516,-0.425239,-0.403964
List2Session2,2,2,2,336,1050,2,CLOG,3,garty,1,534,nw,nw,rel,1,-0.540762,198,534,534,-0.54745,-0.53537
List2Session2,2,2,2,337,1050,1,STALK,4,fight,1,456,other,un,nw,1,-0.947653,102,456,456,-1.035747,-1.096075
List2Session2,2,2,2,338,1050,1,RUBBER,1,band,1,381,first,rel,un,1,-1.292171,100,381,381,-1.743965,-1.743965
List2Session2,2,2,2,339,1050,2,SUBTRACTION,3,shoa,1,580,nw,nw,rel,1,-0.200831,198,580,580,-0.146478,-0.089483
List2Session2,2,2,2,340,1050,1,FAMOUS,2,artist,1,548,other,rel,nw,1,-0.13649,102,548,548,-0.099636,-0.034839
List2Session2,2,2,2,341,1050,2,AIRPORT,3,larpet,1,710,nw,nw,rel,1,0.759844,198,710,710,0.986704,1.17063
List2Session2,2,2,2,342,1050,2,FRAGILE,4,speeze,1,577,nw,nw,nw,1,-0.223,198,577,577,-0.172628,-0.118563
List2Session2,2,2,2,343,1050,1,IDEAL,4,cleaner,1,577,other,un,nw,1,0.119202,102,577,577,0.195443,0.299682
List2Session2,2,2,2,344,1050,1,SINGER,3,habit,1,960,first,un,un,1,3.159614,100,#NULL!,#NULL!,#NULL!,#NULL!
List2Session2,2,2,2,345,1050,1,CHAPEL,2,priest,1,802,other,rel,un,1,2.103024,102,802,802,2.484845,2.895097
List2Session2,2,2,2,346,1050,2,BOSS,4,norrow,1,568,nw,nw,rel,1,-0.289509,198,568,568,-0.251079,-0.205802
List2Session2,2,2,2,347,1050,2,HIM,1,memple,1,520,nw,nw,nw,1,-0.644219,198,520,520,-0.669485,-0.671074
List2Session2,2,2,2,348,1050,2,SOCK,1,teb,1,490,nw,nw,nw,1,-0.865913,198,490,490,-0.930989,-0.96187
List2Session2,2,2,2,349,1050,2,THREAT,1,unper,1,575,nw,nw,nw,1,-0.23778,198,575,575,-0.190062,-0.137949
List2Session2,2,2,2,350,1050,2,DOWNSTAIRS,1,streen,1,478,nw,nw,nw,1,-0.954591,198,478,478,-1.03559,-1.078188
List2Session2,2,2,2,351,1050,1,PRAYER,2,hands,1,563,other,rel,nw,1,-0.004236,102,563,563,0.052991,0.138189
List2Session2,2,2,2,352,1050,2,BACKBONE,1,pired,1,659,nw,nw,rel,1,0.382964,198,659,659,0.542148,0.676278
List2Session2,2,2,2,353,1050,1,SHELF,2,desk,1,561,other,rel,nw,1,-0.02187,102,561,561,0.032641,0.115119
List2Session2,2,2,2,354,1050,1,HUNT,4,flowers,1,658,other,un,rel,1,0.833378,102,658,658,1.019628,1.234031
List2Session2,2,2,2,355,1050,1,FANGS,4,television,1,766,other,un,un,1,1.785612,102,766,766,2.118541,2.47983
List2Session2,2,2,2,356,1050,1,TALENT,4,record,1,502,other,un,un,1,-0.542072,102,502,502,-0.567691,-0.565457
List2Session2,2,2,2,357,1050,2,TAX,2,diany,1,633,nw,nw,un,1,0.190829,198,633,633,0.315512,0.424255
List2Session2,2,2,2,358,1050,2,TUTU,1,wao,1,551,nw,nw,nw,1,-0.415135,198,551,551,-0.399265,-0.370586
List2Session2,2,2,2,359,1050,1,FINGERNAIL,3,boat,1,535,first,un,nw,1,-0.108104,100,535,535,0.072747,0.072747
List2Session2,2,2,2,360,1050,2,USUAL,1,ceneal,1,618,nw,nw,un,1,0.079982,198,618,618,0.18476,0.278858
List2Session2,2,2,2,361,1050,1,FIGURE,1,eight,1,568,first,rel,nw,1,0.145625,100,568,568,0.462043,0.462043
List2Session2,2,2,2,362,1050,1,SUNRISE,3,trait,1,758,first,un,rel,1,1.606487,100,758,758,2.703441,2.703441
List2Session2,2,2,2,363,1050,1,GRAVITY,2,newton,1,576,other,rel,un,1,0.110385,102,576,576,0.185268,0.288146
List2Session2,2,2,2,364,1050,2,MASTER,3,slan,1,1088,nw,nw,rel,1,3.553189,198,#NULL!,#NULL!,#NULL!,#NULL!
List2Session2,2,2,2,365,1050,1,DUE,4,dagger,1,587,other,un,nw,1,0.207372,102,587,587,0.297194,0.415033
List2Session2,2,2,2,366,1050,2,HARMONY,4,stit,1,619,nw,nw,un,1,0.087371,198,619,619,0.193477,0.288551
List2Session2,2,2,2,367,1050,2,PINT,1,ditease,1,648,nw,nw,nw,1,0.301676,198,648,648,0.446264,0.569653
List2Session2,2,2,2,368,1050,2,SERIOUS,4,flad,1,534,nw,nw,nw,1,-0.540762,198,534,534,-0.54745,-0.53537
List2Session2,2,2,2,369,1050,2,GRASP,4,ga,1,583,nw,nw,nw,1,-0.178662,198,583,583,-0.120328,-0.060404
List2Session2,2,2,2,370,1050,1,CONGRESS,1,senate,1,566,first,rel,nw,1,0.130247,100,566,566,0.438449,0.438449
List2Session2,2,2,2,371,1050,1,FUNCTION,4,tomato,1,566,other,un,rel,1,0.022215,102,566,566,0.083517,0.172795
List2Session2,2,2,2,372,1050,1,PLASTER,3,strange,1,647,first,un,un,1,0.753036,100,647,647,1.393993,1.393993
List2Session2,2,2,2,373,1050,2,TRANSPLANT,3,teab,1,533,nw,nw,un,1,-0.548152,198,533,533,-0.556167,-0.545063
List2Session2,2,2,2,374,1050,1,FAME,3,material,1,566,first,un,nw,1,0.130247,100,566,566,0.438449,0.438449
List2Session2,2,2,2,375,1050,2,PRESENTATION,3,himple,1,662,nw,nw,un,1,0.405133,198,662,662,0.568299,0.705358
List2Session2,2,2,2,376,1050,2,TRUST,4,danlerous,1,628,nw,nw,nw,1,0.15388,198,628,628,0.271928,0.375789
List2Session2,2,2,2,377,1050,1,OBSESSION,3,id,0,626,first,un,nw,0,#NULL!,#NULL!,#NULL!,#NULL!,#NULL!,#NULL!
List2Session2,2,2,2,378,1050,2,KEEP,4,pamb,1,686,nw,nw,un,1,0.582488,198,686,686,0.777501,0.937994
List2Session2,2,2,2,379,1050,1,CURTAINS,4,collar,1,506,other,un,nw,1,-0.506804,102,506,506,-0.526991,-0.519316
List2Session2,2,2,2,380,1050,2,CREATIVE,2,illebal,1,638,nw,nw,un,1,0.227778,198,638,638,0.359096,0.472721
List2Session2,2,2,2,381,1050,1,ANNOYING,1,irritating,1,619,first,rel,nw,1,0.537751,100,619,619,1.063681,1.063681
List2Session2,2,2,2,382,1050,2,PLEASE,1,cinstractio,1,953,nw,nw,rel,1,2.555566,198,#NULL!,953,#NULL!,3.104884
List2Session2,2,2,2,383,1050,2,WITHOUT,4,dotch,1,810,nw,nw,nw,1,1.498824,198,810,810,1.858383,2.139949
List2Session2,2,2,2,384,1050,2,BE,3,ralk,1,610,nw,nw,nw,1,0.020863,198,610,610,0.115026,0.201312
List2Session2,2,2,2,385,1050,2,BREAKFAST,2,dillars,1,800,nw,nw,nw,1,1.424926,198,800,800,1.771215,2.043017
List2Session2,2,2,2,386,1050,1,LIT,2,on,1,742,other,rel,nw,1,1.574005,102,742,742,1.874338,2.202986
List2Session2,2,2,2,387,1050,1,DIVISION,2,separate,1,576,other,rel,rel,1,0.110385,102,576,576,0.185268,0.288146
List2Session2,2,2,2,388,1050,2,JUST,3,admenpure,1,719,nw,nw,rel,1,0.826352,198,719,719,1.065155,1.257869
List2Session2,2,2,2,389,1050,2,ENERGETIC,4,paist,1,506,nw,nw,nw,1,-0.747676,198,506,506,-0.79152,-0.806779
List2Session2,2,2,2,390,1050,1,LASER,3,hello,1,669,first,un,nw,1,0.922188,100,669,669,1.653523,1.653523
List2Session2,2,2,2,391,1050,2,SCOLD,1,houch,1,617,nw,nw,un,1,0.072592,198,617,617,0.176043,0.269164
List2Session2,2,2,2,392,1050,2,DISH,1,mindle,1,951,nw,nw,nw,1,2.540786,198,#NULL!,951,#NULL!,3.08745
List2Session2,2,2,2,393,1050,1,ORDINARY,1,plain,1,550,first,rel,nw,1,0.007227,100,550,550,0.2497,0.2497
List2Session2,2,2,2,394,1050,1,LEADER,1,follower,1,488,first,rel,rel,1,-0.469475,100,488,488,-0.481704,-0.481704
List2Session2,2,2,2,395,1050,2,MAILBOX,2,leb,1,507,nw,nw,rel,1,-0.740287,198,507,507,-0.782803,-0.797086
List2Session2,2,2,2,396,1050,2,IMITATE,3,agove,1,638,nw,nw,nw,1,0.227778,198,638,638,0.359096,0.472721
List2Session2,2,2,2,397,1050,2,LEAGUE,2,sludent,0,475,nw,nw,nw,0,#NULL!,#NULL!,#NULL!,#NULL!,#NULL!,#NULL!
List2Session2,2,2,2,398,1050,1,PERCH,2,branch,1,592,other,rel,nw,1,0.251457,102,592,592,0.34807,0.472709
List2Session2,2,2,2,399,1050,2,YARD,4,conbess,1,544,nw,nw,rel,1,-0.466864,198,544,544,-0.460282,-0.438438
List2Session2,2,2,2,400,1050,1,FABLE,4,minimum,0,513,other,un,nw,0,#NULL!,#NULL!,#NULL!,#NULL!,#NULL!,#NULL!
List2Session2,2,2,2,401,1050,1,SPONGE,2,ocean,1,512,other,rel,un,1,-0.453902,102,512,512,-0.46594,-0.450105
List2Session2,2,2,2,402,1050,1,SMALL,4,tasty,1,547,other,un,rel,1,-0.145307,102,547,547,-0.109811,-0.046374
List2Session2,2,2,2,403,1050,1,WRESTLING,4,own,1,484,other,un,un,1,-0.700777,102,484,484,-0.750843,-0.77309
List2Session2,2,2,2,404,1050,2,TOTAL,2,plape,1,520,nw,nw,un,1,-0.644219,198,520,520,-0.669485,-0.671074
List2Session2,2,2,2,405,1050,2,TIME,3,farket,1,490,nw,nw,nw,1,-0.865913,198,490,490,-0.930989,-0.96187
List2Session2,2,2,2,406,1050,2,SHIVER,2,reeb,1,429,nw,nw,nw,1,-1.316691,198,429,429,-1.462713,-1.553154
List2Session2,2,2,2,407,1050,2,INFECTION,1,clane,1,531,nw,nw,nw,1,-0.562931,198,531,531,-0.573601,-0.564449
List2Session2,2,2,2,408,1050,2,GARLIC,4,nid,1,469,nw,nw,nw,1,-1.021099,198,469,469,-1.114041,-1.165427
List2Session2,2,2,2,409,1050,2,FOR,3,spraight,1,682,nw,nw,nw,1,0.552929,198,682,682,0.742634,0.899221
List2Session2,2,2,2,410,1050,2,INVALID,2,besaball,0,534,nw,nw,nw,0,#NULL!,#NULL!,#NULL!,#NULL!,#NULL!,#NULL!
List2Session2,2,2,2,411,1050,2,TUNNEL,2,ast,1,502,nw,nw,nw,1,-0.777236,198,502,502,-0.826387,-0.845552
List2Session2,2,2,2,412,1050,1,AIM,2,toothpaste,1,522,other,rel,nw,1,-0.365732,102,522,522,-0.364189,-0.334753
List2Session2,2,2,2,413,1050,2,CATCHER,1,chean,1,620,nw,nw,rel,1,0.094761,198,620,620,0.202194,0.298244
List2Session2,2,2,2,414,1050,1,BLENDER,4,patience,1,585,other,un,nw,1,0.189738,102,585,585,0.276844,0.391963
List2Session2,2,2,2,415,1050,1,ME,3,bible,1,553,first,un,un,1,0.030294,100,553,553,0.28509,0.28509
List2Session2,2,2,2,416,1050,1,PANTS,2,wear,1,618,other,rel,un,1,0.480699,102,618,618,0.612623,0.772624
List2Session2,2,2,2,417,50,2,PICK,1,swean,1,690,nw,nw,rel,1,0.575858,204,690,690,0.86955,0.963372
List2Session2,2,2,2,418,50,1,HEARING,4,faith,1,534,other,un,nw,1,-0.299468,102,534,534,-0.288533,-0.288533
List2Session2,2,2,2,419,50,2,CHECKING,1,syptom,1,847,nw,nw,un,1,1.660775,204,847,847,2.247478,2.429707
List2Session2,2,2,2,420,50,1,FAST,3,friend,1,556,first,un,nw,1,-0.149968,99,556,556,-0.044226,-0.044226
List2Session2,2,2,2,421,50,1,ROOSTER,2,farm,1,518,other,rel,un,1,-0.433074,102,518,518,-0.44375,-0.44375
List2Session2,2,2,2,422,50,1,MATE,2,wife,1,528,other,rel,rel,1,-0.34957,102,528,528,-0.34674,-0.34674
List2Session2,2,2,2,423,50,2,SUDS,2,parm,0,410,nw,nw,rel,0,#NULL!,#NULL!,#NULL!,#NULL!,#NULL!,#NULL!
List2Session2,2,2,2,424,50,2,SABER,3,duman,0,536,nw,nw,nw,0,#NULL!,#NULL!,#NULL!,#NULL!,#NULL!,#NULL!
List2Session2,2,2,2,425,50,2,SANDPAPER,3,tade,1,386,nw,nw,nw,1,-1.524872,204,386,386,-1.798541,-1.8759
List2Session2,2,2,2,426,50,1,ORIGINATE,1,begin,0,449,first,rel,nw,0,#NULL!,#NULL!,#NULL!,#NULL!,#NULL!,#NULL!
List2Session2,2,2,2,427,50,2,HARDY,1,gike,1,525,nw,nw,rel,1,-0.564341,204,525,525,-0.578592,-0.57768
List2Session2,2,2,2,428,50,1,COZY,1,comfortable,1,552,first,rel,nw,1,-0.17721,99,552,552,-0.080206,-0.080206
List2Session2,2,2,2,429,50,1,ROACH,2,motel,1,448,other,rel,rel,1,-1.017602,102,448,448,-1.122822,-1.122822
List2Session2,2,2,2,430,50,2,FLING,2,nore,1,1246,nw,nw,rel,1,4.417983,204,#NULL!,#NULL!,#NULL!,#NULL!
List2Session2,2,2,2,431,50,2,BOUNDARY,2,calt,1,556,nw,nw,nw,1,-0.350122,204,556,556,-0.306517,-0.288149
List2Session2,2,2,2,432,50,1,SECLUDED,4,now,1,629,other,un,nw,1,0.493819,102,629,629,0.633064,0.633064
List2Session2,2,2,2,433,50,1,FOREHEAD,2,hair,1,490,other,rel,un,1,-0.666885,102,490,490,-0.715379,-0.715379
List2Session2,2,2,2,434,50,1,ARIGHT,1,okay,1,470,first,rel,rel,1,-0.735671,99,470,470,-0.817803,-0.817803
List2Session2,2,2,2,435,50,1,MASON,2,worker,1,386,other,rel,rel,1,-1.535326,102,386,386,-1.724285,-1.724285
List2Session2,2,2,2,436,50,1,ADMISSION,3,ax,1,689,first,un,rel,1,0.755827,99,689,689,1.15212,1.15212
List2Session2,2,2,2,437,50,1,DEFEND,1,protect,1,629,first,rel,un,1,0.347198,99,629,629,0.612415,0.612415
List2Session2,2,2,2,438,50,1,ATTENDANCE,2,present,1,460,other,rel,rel,1,-0.917397,102,460,460,-1.006409,-1.006409
List2Session2,2,2,2,439,50,1,SHRIMP,2,lobster,1,522,other,rel,rel,1,-0.399673,102,522,522,-0.404946,-0.404946
List2Session2,2,2,2,440,50,2,COMPLICATED,2,gance,1,531,nw,nw,rel,1,-0.522879,204,531,531,-0.525932,-0.521642
List2Session2,2,2,2,441,50,1,GIVING,4,maid,1,526,other,un,nw,1,-0.366271,102,526,526,-0.366142,-0.366142
List2Session2,2,2,2,442,50,1,ADVERB,3,mom,1,456,first,un,un,1,-0.831018,99,456,456,-0.943734,-0.943734
List2Session2,2,2,2,443,50,2,TRAIL,1,poinion,1,532,nw,nw,un,1,-0.515969,204,532,532,-0.517155,-0.512302
List2Session2,2,2,2,444,50,2,REPLACE,4,bence,1,655,nw,nw,nw,1,0.333998,204,655,655,0.562368,0.636482
List2Session2,2,2,2,445,50,1,PRICKLY,3,together,1,772,first,un,nw,1,1.321099,99,772,772,1.898711,1.898711
List2Session2,2,2,2,446,50,1,SLUM,2,city,1,467,other,rel,un,1,-0.858944,102,467,467,-0.938502,-0.938502
List2Session2,2,2,2,447,50,1,WHAT,4,building,1,543,other,un,rel,1,-0.224314,102,543,543,-0.201224,-0.201224
List2Session2,2,2,2,448,50,1,VICTIM,2,murderer,1,504,other,rel,un,1,-0.54998,102,504,504,-0.579564,-0.579564
List2Session2,2,2,2,449,50,1,PUDDING,3,stiff,1,420,first,un,rel,1,-1.076196,99,420,420,-1.267556,-1.267556
List2Session2,2,2,2,450,50,2,PIECES,3,redumlican,1,674,nw,nw,un,1,0.465293,204,674,674,0.729124,0.813937
List2Session2,2,2,2,451,50,1,ERASER,4,cheat,1,438,other,un,nw,1,-1.101106,102,438,438,-1.219832,-1.219832
List2Session2,2,2,2,452,50,2,BANQUET,4,sny,1,1075,nw,nw,un,1,3.236322,204,#NULL!,#NULL!,#NULL!,#NULL!
List2Session2,2,2,2,453,50,2,WEALTH,2,smadge,1,584,nw,nw,nw,1,-0.156633,204,584,584,-0.060771,-0.026637
List2Session2,2,2,2,454,50,2,PACKAGE,4,pifferent,1,560,nw,nw,nw,1,-0.322481,204,560,560,-0.27141,-0.25079
List2Session2,2,2,2,455,50,1,NITROGEN,4,end,1,568,other,un,nw,1,-0.015555,102,568,568,0.041301,0.041301
List2Session2,2,2,2,456,50,2,STATION,3,chanke,1,704,nw,nw,un,1,0.672602,204,704,704,0.992422,1.094128
List2Session2,2,2,2,457,50,1,LISTEN,1,hear,1,403,first,rel,nw,1,-1.191974,99,403,403,-1.420473,-1.420473
List2Session2,2,2,2,458,50,1,OREGANO,3,nut,1,449,first,un,rel,1,-0.878692,99,449,449,-1.006699,-1.006699
List2Session2,2,2,2,459,50,2,PHONE,1,sipter,1,510,nw,nw,un,1,-0.667995,204,510,510,-0.710241,-0.717776
List2Session2,2,2,2,460,50,2,STATUE,1,pes,1,474,nw,nw,nw,1,-0.916766,204,474,474,-1.026199,-1.054005
List2Session2,2,2,2,461,50,1,HOUR,3,fudge,0,486,first,un,nw,0,#NULL!,#NULL!,#NULL!,#NULL!,#NULL!,#NULL!
List2Session2,2,2,2,462,50,2,GIGGLE,3,nep,1,449,nw,nw,un,1,-1.089523,204,449,449,-1.245614,-1.287498
List2Session2,2,2,2,463,50,2,TOMORROW,4,jone,1,574,nw,nw,nw,1,-0.225736,204,574,574,-0.148538,-0.120034
List2Session2,2,2,2,464,50,1,CORPORAL,1,army,1,519,first,rel,nw,1,-0.401957,99,519,519,-0.377044,-0.377044
List2Session2,2,2,2,465,50,2,BEYOND,4,epotion,1,609,nw,nw,rel,1,0.016124,204,609,609,0.158644,0.206856
List2Session2,2,2,2,466,50,2,ACCELERATE,3,selt,1,534,nw,nw,nw,1,-0.502148,204,534,534,-0.499602,-0.493623
List2Session2,2,2,2,467,50,2,OLYMPICS,2,teans,1,625,nw,nw,nw,1,0.126689,204,625,625,0.29907,0.356291
List2Session2,2,2,2,468,50,1,YOLK,1,egg,0,486,first,rel,nw,0,#NULL!,#NULL!,#NULL!,#NULL!,#NULL!,#NULL!
List2Session2,2,2,2,469,50,1,POWERFUL,3,suffocate,1,770,first,un,rel,1,1.307478,99,770,770,1.880721,1.880721
List2Session2,2,2,2,470,50,2,STARCH,2,bround,1,643,nw,nw,un,1,0.251074,204,643,643,0.457049,0.524406
List2Session2,2,2,2,471,50,2,ENTER,4,ress,1,568,nw,nw,nw,1,-0.267198,204,568,568,-0.201197,-0.176073
List2Session2,2,2,2,472,50,2,THINKING,3,voap,1,512,nw,nw,nw,1,-0.654175,204,512,512,-0.692688,-0.699096
List2Session2,2,2,2,473,50,1,COPPER,3,land,1,667,first,un,nw,1,0.605997,99,667,667,0.954228,0.954228
List2Session2,2,2,2,474,50,2,SUPERSTITION,3,chopolane,1,559,nw,nw,un,1,-0.329391,204,559,559,-0.280187,-0.26013
List2Session2,2,2,2,475,50,2,ARTS,1,paked,1,648,nw,nw,nw,1,0.285626,204,648,648,0.500932,0.571104
List2Session2,2,2,2,476,50,1,HANDLE,1,care,1,428,first,rel,nw,1,-1.021712,99,428,428,-1.195596,-1.195596
List2Session2,2,2,2,477,50,1,MEASUREMENT,1,ruler,1,858,first,rel,rel,1,1.906801,99,858,858,2.672288,2.672288
List2Session2,2,2,2,478,50,1,RESPONSE,4,girl,1,616,other,un,rel,1,0.385264,102,616,616,0.506951,0.506951
List2Session2,2,2,2,479,50,2,FLUNK,4,schoom,1,574,nw,nw,un,1,-0.225736,204,574,574,-0.148538,-0.120034
List2Session2,2,2,2,480,50,2,REMEMBER,4,bircus,1,535,nw,nw,nw,1,-0.495238,204,535,535,-0.490825,-0.484283
List2Session2,2,2,2,481,50,2,ANNUAL,2,prafts,1,464,nw,nw,nw,1,-0.985869,204,464,464,-1.113965,-1.147402
List2Session2,2,2,2,482,50,1,MESSAGE,1,note,1,557,first,rel,nw,1,-0.143158,99,557,557,-0.035231,-0.035231
List2Session2,2,2,2,483,50,2,CAPTIVE,3,timple,1,582,nw,nw,rel,1,-0.170454,204,582,582,-0.078325,-0.045317
List2Session2,2,2,2,484,50,1,REMEDY,4,conceited,0,494,other,un,nw,0,#NULL!,#NULL!,#NULL!,#NULL!,#NULL!,#NULL!
List2Session2,2,2,2,485,50,2,AWKWARD,2,sprawderry,1,793,nw,nw,un,1,1.287619,204,793,793,1.773541,1.925362
List2Session2,2,2,2,486,50,1,APPLIANCE,3,bacon,1,535,first,un,nw,1,-0.292989,99,535,535,-0.233122,-0.233122
List2Session2,2,2,2,487,50,1,CLUB,4,tool,1,466,other,un,un,1,-0.867295,102,466,466,-0.948203,-0.948203
List2Session2,2,2,2,488,50,2,ALGAE,4,fibe,1,542,nw,nw,un,1,-0.446866,204,542,542,-0.429389,-0.418905
List2Session2,2,2,2,489,50,2,EXCHANGE,2,pait,1,503,nw,nw,nw,1,-0.716367,204,503,503,-0.771677,-0.783154
List2Session2,2,2,2,490,50,2,ALTO,1,garpen,1,563,nw,nw,nw,1,-0.30175,204,563,563,-0.24508,-0.222771
List2Session2,2,2,2,491,50,1,THESAURUS,3,animal,1,923,first,un,nw,1,2.349483,99,923,923,3.256968,3.256968
List2Session2,2,2,2,492,50,1,GUARDIAN,1,parent,1,694,first,rel,un,1,0.78988,99,694,694,1.197095,1.197095
List2Session2,2,2,2,493,50,1,DART,2,throw,1,474,other,rel,rel,1,-0.800491,102,474,474,-0.870595,-0.870595
List2Session2,2,2,2,494,50,2,CLARIFY,4,maper,1,502,nw,nw,rel,1,-0.723278,204,502,502,-0.780454,-0.792493
List2Session2,2,2,2,495,50,1,THIMBLE,2,thumb,1,527,other,rel,nw,1,-0.357921,102,527,527,-0.356441,-0.356441
List2Session2,2,2,2,496,50,2,LAUNDRY,2,prike,1,490,nw,nw,rel,1,-0.806201,204,490,490,-0.885773,-0.90457
List2Session2,2,2,2,497,50,1,EXIT,3,reaction,1,518,first,un,nw,1,-0.408767,99,518,518,-0.386039,-0.386039
List2Session2,2,2,2,498,50,2,QUARTER,1,stiln,1,448,nw,nw,un,1,-1.096434,204,448,448,-1.254391,-1.296838
List2Session2,2,2,2,499,50,1,SILENT,4,slut,1,541,other,un,nw,1,-0.241015,102,541,541,-0.220626,-0.220626
List2Session2,2,2,2,500,50,2,TEACH,3,foke,1,1047,nw,nw,un,1,3.042834,204,#NULL!,#NULL!,#NULL!,#NULL!
List2Session2,2,2,2,501,50,2,FAT,4,norkout,1,595,nw,nw,nw,1,-0.08062,204,595,595,0.035771,0.0761
List2Session2,2,2,2,502,50,1,SKILLER,3,donkey,1,586,first,un,nw,1,0.054346,99,586,586,0.225627,0.225627
List2Session2,2,2,2,503,50,2,FUNNY,4,brime,1,578,nw,nw,un,1,-0.198095,204,578,578,-0.113431,-0.082675
List2Session2,2,2,2,504,50,1,DINE,2,out,1,601,other,rel,nw,1,0.260008,102,601,601,0.361435,0.361435
List2Session2,2,2,2,505,50,2,MOUSSE,4,neing,1,544,nw,nw,rel,1,-0.433045,204,544,544,-0.411836,-0.400226
List2Session2,2,2,2,506,50,2,ARGUE,4,dasapreemen,1,745,nw,nw,nw,1,0.955924,204,745,745,1.352263,1.477056
List2Session2,2,2,2,507,50,1,ATTITUDE,4,smell,1,714,other,un,nw,1,1.203602,102,714,714,1.457651,1.457651
List2Session2,2,2,2,508,50,1,SUB,1,sandwich,1,462,first,rel,un,1,-0.790155,99,462,462,-0.889763,-0.889763
List2Session2,2,2,2,509,50,1,SHEEP,1,wool,1,539,first,rel,rel,1,-0.265747,99,539,539,-0.197142,-0.197142
List2Session2,2,2,2,510,50,1,GYMNAST,2,tumble,1,836,other,rel,rel,1,2.22235,102,836,836,2.641176,2.641176
List2Session2,2,2,2,511,50,2,MAKE,1,murn,1,641,nw,nw,rel,1,0.237254,204,641,641,0.439496,0.505726
List2Session2,2,2,2,512,50,1,EXPLORER,3,power,1,536,first,un,nw,1,-0.286178,99,536,536,-0.224127,-0.224127
List2Session2,2,2,2,513,50,1,RAKE,3,prisoner,1,529,first,un,un,1,-0.333852,99,529,529,-0.287093,-0.287093
List2Session2,2,2,2,514,50,2,SHIELD,1,steme,1,570,nw,nw,un,1,-0.253378,204,570,570,-0.183644,-0.157393
List2Session2,2,2,2,515,50,2,WEIGHTS,2,wule,1,706,nw,nw,nw,1,0.686423,204,706,706,1.009976,1.112807
List2Session2,2,2,2,516,50,2,SUMMIT,1,waimer,1,629,nw,nw,nw,1,0.15433,204,629,629,0.334176,0.39365
List2Session2,2,2,2,517,50,1,SALOON,3,general,1,507,first,un,nw,1,-0.483683,99,507,507,-0.484985,-0.484985
List2Session2,2,2,2,518,50,2,STALE,3,stades,1,534,nw,nw,un,1,-0.502148,204,534,534,-0.499602,-0.493623
List2Session2,2,2,2,519,50,1,SIBLING,2,brother,1,607,other,rel,nw,1,0.310111,102,607,607,0.419641,0.419641
List2Session2,2,2,2,520,50,2,JUNK,3,fejale,1,502,nw,nw,rel,1,-0.723278,204,502,502,-0.780454,-0.792493
List2Session2,2,2,2,521,50,1,MELLOW,1,yellow,1,497,first,rel,nw,1,-0.551788,99,497,497,-0.574935,-0.574935
List2Session2,2,2,2,522,50,1,SPRAIN,1,ankle,1,590,first,rel,rel,1,0.081588,99,590,590,0.261607,0.261607
List2Session2,2,2,2,523,50,1,POCKETBOOK,1,purse,1,693,first,rel,rel,1,0.783069,99,693,693,1.1881,1.1881
List2Session2,2,2,2,524,50,2,HERB,2,pimture,1,535,nw,nw,rel,1,-0.495238,204,535,535,-0.490825,-0.484283
List2Session2,2,2,2,525,50,1,CORE,4,early,1,482,other,un,nw,1,-0.733688,102,482,482,-0.792987,-0.792987
List2Session2,2,2,2,526,50,1,CHINA,3,cab,0,430,first,un,un,0,#NULL!,#NULL!,#NULL!,#NULL!,#NULL!,#NULL!
List2Session2,2,2,2,527,50,1,TWO,3,precise,1,507,first,un,un,1,-0.483683,99,507,507,-0.484985,-0.484985
List2Session2,2,2,2,528,50,1,VODKA,4,forward,1,455,other,un,un,1,-0.959149,102,455,455,-1.054915,-1.054915
List2Session2,2,2,2,529,50,1,EXPERIENCE,3,dumb,1,723,first,un,un,1,0.987384,99,723,723,1.457952,1.457952
List2Session2,2,2,2,530,50,1,PEBBLE,3,bucket,1,598,first,un,un,1,0.136072,99,598,598,0.333567,0.333567
List2Session2,2,2,2,531,50,2,MIGHT,3,aky,1,557,nw,nw,un,1,-0.343211,204,557,557,-0.29774,-0.278809
List2Session2,2,2,2,532,50,2,SPEND,4,stary,1,583,nw,nw,nw,1,-0.163544,204,583,583,-0.069548,-0.035977
List2Session2,2,2,2,533,50,1,WIDE,1,narrow,1,463,first,rel,nw,1,-0.783345,99,463,463,-0.880768,-0.880768
List2Session2,2,2,2,534,50,1,TEACHER,4,chief,1,586,other,un,rel,1,0.134752,102,586,586,0.21592,0.21592
List2Session2,2,2,2,535,50,2,COBRA,3,cleak,1,866,nw,nw,un,1,1.79207,204,866,866,2.414234,2.607161
List2Session2,2,2,2,536,50,2,POCKET,1,tas,1,607,nw,nw,nw,1,0.002303,204,607,607,0.141091,0.188176
List2Session2,2,2,2,537,50,2,PRODUCT,1,rix,1,501,nw,nw,nw,1,-0.730188,204,501,501,-0.78923,-0.801833
List2Session2,2,2,2,538,50,2,HINDSIGHT,3,faimt,1,529,nw,nw,nw,1,-0.5367,204,529,529,-0.543485,-0.540321
List2Session2,2,2,2,539,50,1,BEETLE,4,pie,1,603,other,un,nw,1,0.276709,102,603,603,0.380837,0.380837
List2Session2,2,2,2,540,50,2,ARMS,2,regative,1,769,nw,nw,un,1,1.121771,204,769,769,1.562902,1.701209
List2Session2,2,2,2,541,50,1,LEAK,1,drip,1,610,first,rel,nw,1,0.217798,99,610,610,0.441508,0.441508
List2Session2,2,2,2,542,50,1,RAISIN,3,clue,1,457,first,un,rel,1,-0.824208,99,457,457,-0.934739,-0.934739
List2Session2,2,2,2,543,50,2,STY,2,monler,1,486,nw,nw,un,1,-0.833842,204,486,486,-0.92088,-0.941929
List2Session2,2,2,2,544,50,2,BLACKBOARD,3,prepident,1,656,nw,nw,nw,1,0.340908,204,656,656,0.571145,0.645822
List2Session2,2,2,2,545,50,1,OXYGEN,2,breathe,1,501,other,rel,nw,1,-0.575031,102,501,501,-0.608667,-0.608667
List2Session2,2,2,2,546,50,2,AMATEUR,4,poose,1,560,nw,nw,rel,1,-0.322481,204,560,560,-0.27141,-0.25079
List2Session2,2,2,2,547,50,2,PUBERTY,1,stopy,1,712,nw,nw,nw,1,0.727885,204,712,712,1.062635,1.168846
List2Session2,2,2,2,548,50,1,SAVIOR,2,taste,1,428,other,rel,nw,1,-1.184609,102,428,428,-1.316842,-1.316842
List2Session2,2,2,2,549,50,2,HIGHLIGHT,3,conprol,1,554,nw,nw,rel,1,-0.363942,204,554,554,-0.32407,-0.306829
List2Session2,2,2,2,550,50,1,CASHEW,3,sword,1,578,first,un,nw,1,-0.000138,99,578,578,0.153666,0.153666
List2Session2,2,2,2,551,50,2,FLICK,2,vapish,0,571,nw,nw,un,0,#NULL!,#NULL!,#NULL!,#NULL!,#NULL!,#NULL!
List2Session2,2,2,2,552,50,1,REGION,3,loving,1,547,first,un,nw,1,-0.211263,99,547,547,-0.125182,-0.125182
List2Session2,2,2,2,553,50,2,JUSTIFY,4,plig,1,507,nw,nw,un,1,-0.688726,204,507,507,-0.736571,-0.745795
List2Session2,2,2,2,554,50,2,BOULEVARD,3,cramy,1,855,nw,nw,nw,1,1.716057,204,855,855,2.317691,2.504424
List2Session2,2,2,2,555,50,1,MAPLE,2,sugar,1,484,other,rel,nw,1,-0.716988,102,484,484,-0.773585,-0.773585
List2Session2,2,2,2,556,50,1,PLUTO,2,dog,1,671,other,rel,rel,1,0.844536,102,671,671,1.040507,1.040507
List2Session2,2,2,2,557,50,2,CARPENTER,2,silm,1,979,nw,nw,rel,1,2.572934,204,#NULL!,979,#NULL!,3.405991
List2Session2,2,2,2,558,50,2,BUS,2,poys,1,555,nw,nw,nw,1,-0.357032,204,555,555,-0.315293,-0.297489
List2Session2,2,2,2,559,50,1,DISASTER,1,earthquake,1,597,first,rel,nw,1,0.129262,99,597,597,0.324572,0.324572
List2Session2,2,2,2,560,50,2,GANDER,1,belax,1,684,nw,nw,rel,1,0.534396,204,684,684,0.81689,0.907334
List2Session2,2,2,2,561,50,1,PERISCOPE,3,pancakes,1,592,first,un,nw,1,0.095209,99,592,592,0.279597,0.279597
List2Session2,2,2,2,562,50,1,HELIUM,1,balloon,1,519,first,rel,un,1,-0.401957,99,519,519,-0.377044,-0.377044
List2Session2,2,2,2,563,50,1,SPECIAL,3,weird,1,576,first,un,rel,1,-0.013759,99,576,576,0.135676,0.135676
List2Session2,2,2,2,564,50,1,LEOPARD,2,tiger,1,488,other,rel,un,1,-0.683586,102,488,488,-0.734781,-0.734781
List2Session2,2,2,2,565,50,1,CURVED,4,novel,1,596,other,un,rel,1,0.218256,102,596,596,0.31293,0.31293
List2Session2,2,2,2,566,50,1,ENVY,2,greed,1,571,other,rel,un,1,0.009497,102,571,571,0.070404,0.070404
List2Session2,2,2,2,567,50,1,ERODE,4,manners,1,627,other,un,rel,1,0.477118,102,627,627,0.613662,0.613662
List2Session2,2,2,2,568,50,1,SPONTANEOUS,3,doe,0,521,first,un,un,0,#NULL!,#NULL!,#NULL!,#NULL!,#NULL!,#NULL!
List2Session2,2,2,2,569,50,2,HINT,3,bindow,1,643,nw,nw,un,1,0.251074,204,643,643,0.457049,0.524406
List2Session2,2,2,2,570,50,2,UNCLEAR,2,suy,1,504,nw,nw,nw,1,-0.709457,204,504,504,-0.762901,-0.773814
List2Session2,2,2,2,571,50,2,LOCAL,4,gouse,1,484,nw,nw,nw,1,-0.847663,204,484,484,-0.938433,-0.960608
List2Session2,2,2,2,572,50,2,WALL,2,bamy,1,495,nw,nw,nw,1,-0.77165,204,495,495,-0.84189,-0.857871
List2Session2,2,2,2,573,50,2,SILLY,2,hude,1,505,nw,nw,nw,1,-0.702547,204,505,505,-0.754124,-0.764474
List2Session2,2,2,2,574,50,2,DENIAL,1,spaff,1,549,nw,nw,nw,1,-0.398494,204,549,549,-0.367953,-0.353527
List2Session2,2,2,2,575,50,2,RIOT,2,loab,1,606,nw,nw,nw,1,-0.004607,204,606,606,0.132314,0.178836
List2Session2,2,2,2,576,50,2,BOTTOM,4,gards,1,597,nw,nw,nw,1,-0.0668,204,597,597,0.053325,0.094779
List2Session2,2,2,2,577,50,2,ENJOY,2,canly,1,845,nw,nw,nw,1,1.646954,204,845,845,2.229925,2.411027
List2Session2,2,2,2,578,50,1,CORPSE,3,not,1,730,first,un,nw,1,1.035058,99,730,730,1.520918,1.520918
List2Session2,2,2,2,579,50,1,ADDICT,2,dependent,1,572,other,rel,un,1,0.017847,102,572,572,0.080106,0.080106
List2Session2,2,2,2,580,50,2,MARGIN,4,naxi,1,708,nw,nw,rel,1,0.700243,204,708,708,1.027529,1.131487
List2Session2,2,2,2,581,50,1,ALMANAC,4,devil,1,503,other,un,nw,1,-0.55833,102,503,503,-0.589265,-0.589265
List2Session2,2,2,2,582,50,2,STUFF,4,guilp,1,497,nw,nw,un,1,-0.757829,204,497,497,-0.824337,-0.839192
List2Session2,2,2,2,583,50,1,REPUBLIC,1,country,1,1212,first,rel,nw,1,4.317717,99,#NULL!,#NULL!,#NULL!,#NULL!
List2Session2,2,2,2,584,50,2,FLIP,3,sasple,1,603,nw,nw,rel,1,-0.025338,204,603,603,0.105984,0.150817
List2Session2,2,2,2,585,50,1,MOVEMENT,3,fishing,1,466,first,un,nw,1,-0.762913,99,466,466,-0.853783,-0.853783
List2Session2,2,2,2,586,50,2,EWE,4,doint,1,574,nw,nw,un,1,-0.225736,204,574,574,-0.148538,-0.120034
List2Session2,2,2,2,587,50,1,TIMES,4,sand,1,423,other,un,nw,1,-1.226361,102,423,423,-1.365347,-1.365347
List2Session2,2,2,2,588,50,1,PARADE,4,arrow,1,420,other,un,un,1,-1.251413,102,420,420,-1.394451,-1.394451
List2Session2,2,2,2,589,50,1,BURST,1,bubble,1,419,first,rel,un,1,-1.083006,99,419,419,-1.276552,-1.276552
List2Session2,2,2,2,590,50,2,HOPE,1,hovie,1,577,nw,nw,rel,1,-0.205005,204,577,577,-0.122208,-0.092015
List2Session2,2,2,2,591,50,2,WART,1,rudge,1,1001,nw,nw,nw,1,2.72496,204,#NULL!,1001,#NULL!,3.599077
List2Session2,2,2,2,592,50,2,OUTLET,1,doce,1,431,nw,nw,nw,1,-1.213909,204,431,431,-1.403593,-1.455613
List2Session2,2,2,2,593,50,1,BLEND,1,mix,1,1101,first,rel,nw,1,3.561752,99,#NULL!,#NULL!,#NULL!,#NULL!
List2Session2,2,2,2,594,50,2,MEDICAL,3,ilm,1,512,nw,nw,rel,1,-0.654175,204,512,512,-0.692688,-0.699096
List2Session2,2,2,2,595,50,1,TULIP,1,flower,1,554,first,rel,nw,1,-0.163589,99,554,554,-0.062216,-0.062216
List2Session2,2,2,2,596,50,1,APPEAR,4,whale,1,836,other,un,rel,1,2.22235,102,836,836,2.641176,2.641176
List2Session2,2,2,2,597,50,1,SAPPHIRE,1,blue,1,721,first,rel,un,1,0.973763,99,721,721,1.439962,1.439962
List2Session2,2,2,2,598,50,1,PARADISE,1,island,1,436,first,rel,rel,1,-0.967228,99,436,436,-1.123635,-1.123635
List2Session2,2,2,2,599,50,1,BENT,2,crooked,1,562,other,rel,rel,1,-0.065657,102,562,562,-0.016905,-0.016905
List2Session2,2,2,2,600,50,2,RADISH,1,powdoy,1,634,nw,nw,rel,1,0.188881,204,634,634,0.378059,0.440348
List2Session2,2,2,2,601,50,1,FOLLOW,4,lend,1,838,other,un,nw,1,2.239051,102,838,838,2.660579,2.660579
List2Session2,2,2,2,602,50,1,WOMEN,1,men,1,403,first,rel,un,1,-1.191974,99,403,403,-1.420473,-1.420473
List2Session2,2,2,2,603,50,1,ACCEPT,2,understand,1,498,other,rel,rel,1,-0.600082,102,498,498,-0.63777,-0.63777
List2Session2,2,2,2,604,50,2,GREATEST,4,thoughn,1,574,nw,nw,rel,1,-0.225736,204,574,574,-0.148538,-0.120034
List2Session2,2,2,2,605,50,2,HERO,3,comtupism,1,582,nw,nw,nw,1,-0.170454,204,582,582,-0.078325,-0.045317
List2Session2,2,2,2,606,50,1,MARSH,1,swamp,1,478,first,rel,nw,1,-0.681187,99,478,478,-0.745842,-0.745842
List2Session2,2,2,2,607,50,2,INERTIA,3,fie,1,554,nw,nw,rel,1,-0.363942,204,554,554,-0.32407,-0.306829
List2Session2,2,2,2,608,50,1,NAUSEOUS,2,stomach,1,596,other,rel,nw,1,0.218256,102,596,596,0.31293,0.31293
List2Session2,2,2,2,609,50,1,STEER,3,red,1,475,first,un,rel,1,-0.701619,99,475,475,-0.772827,-0.772827
List2Session2,2,2,2,610,50,1,MONDAY,1,tuesday,1,455,first,rel,un,1,-0.837829,99,455,455,-0.952729,-0.952729
List2Session2,2,2,2,611,50,2,CELEBRATION,3,eccount,1,612,nw,nw,rel,1,0.036855,204,612,612,0.184974,0.234875
List2Session2,2,2,2,612,50,2,WILLING,4,yug,1,474,nw,nw,nw,1,-0.916766,204,474,474,-1.026199,-1.054005
List2Session2,2,2,2,613,50,1,TRY,1,attempt,1,535,first,rel,nw,1,-0.292989,99,535,535,-0.233122,-0.233122
List2Session2,2,2,2,614,50,2,REAPPEAR,1,birect,1,1120,nw,nw,rel,1,3.547285,204,#NULL!,#NULL!,#NULL!,#NULL!
List2Session2,2,2,2,615,50,1,EXCEDRIN,4,money,1,579,other,un,nw,1,0.0763,102,579,579,0.148013,0.148013
List2Session2,2,2,2,616,50,2,CLAMP,4,cune,1,538,nw,nw,un,1,-0.474507,204,538,538,-0.464496,-0.456264
List2Session2,2,2,2,617,50,1,CUDDLE,4,weak,1,836,other,un,nw,1,2.22235,102,836,836,2.641176,2.641176
List2Session2,2,2,2,618,50,2,GRAPH,2,retuse,1,545,nw,nw,un,1,-0.426135,204,545,545,-0.403059,-0.390886
List2Session2,2,2,2,619,50,2,ARGUMENT,2,ciparette,1,522,nw,nw,nw,1,-0.585072,204,522,522,-0.604921,-0.605699
List2Session2,2,2,2,620,50,2,RASPBERRY,4,betinner,1,517,nw,nw,nw,1,-0.619623,204,517,517,-0.648805,-0.652398
List2Session2,2,2,2,621,50,2,PUB,4,nomice,1,512,nw,nw,nw,1,-0.654175,204,512,512,-0.692688,-0.699096
List2Session2,2,2,2,622,50,1,LIPS,1,kiss,1,427,first,rel,nw,1,-1.028522,99,427,427,-1.204591,-1.204591
List2Session2,2,2,2,623,50,2,FLEX,3,wriper,1,489,nw,nw,rel,1,-0.813112,204,489,489,-0.89455,-0.91391
List2Session2,2,2,2,624,50,1,PAIN,2,headache,1,468,other,rel,nw,1,-0.850594,102,468,468,-0.928801,-0.928801
List2Session2,2,2,2,625,50,1,SWAP,1,trade,1,609,first,rel,rel,1,0.210988,99,609,609,0.432513,0.432513
List2Session2,2,2,2,626,50,2,MAGIC,3,tib,1,423,nw,nw,rel,1,-1.269191,204,423,423,-1.473806,-1.530331
List2Session2,2,2,2,627,50,2,EXPRESS,2,fomeign,1,533,nw,nw,nw,1,-0.509059,204,533,533,-0.508379,-0.502962
List2Session2,2,2,2,628,50,1,WARMTH,3,ketchup,1,622,first,un,nw,1,0.299524,99,622,622,0.549449,0.549449
List2Session2,2,2,2,629,50,1,INNOCENT,2,virgin,1,517,other,rel,un,1,-0.441425,102,517,517,-0.453451,-0.453451
List2Session2,2,2,2,630,50,2,APPROVAL,2,lofe,1,559,nw,nw,rel,1,-0.329391,204,559,559,-0.280187,-0.26013
List2Session2,2,2,2,631,50,2,SEX,1,lipe,1,569,nw,nw,nw,1,-0.260288,204,569,569,-0.192421,-0.166733
List2Session2,2,2,2,632,50,2,SLEIGH,1,dath,1,800,nw,nw,nw,1,1.335991,204,800,800,1.834977,1.99074
List2Session2,2,2,2,633,50,1,FURTHER,1,away,1,528,first,rel,nw,1,-0.340662,99,528,528,-0.296088,-0.296088
List2Session2,2,2,2,634,50,1,PAIL,3,slip,1,538,first,un,rel,1,-0.272557,99,538,538,-0.206137,-0.206137
List2Session2,2,2,2,635,50,2,AMBULANCE,1,smish,1,722,nw,nw,un,1,0.796988,204,722,722,1.150401,1.262243
List2Session2,2,2,2,636,50,2,PORT,2,bloach,1,692,nw,nw,nw,1,0.589679,204,692,692,0.887103,0.982051
List2Session2,2,2,2,637,50,1,STAIRWAY,4,embarrass,1,616,other,un,nw,1,0.385264,102,616,616,0.506951,0.506951
List2Session2,2,2,2,638,50,2,EXISTENCE,2,crob,1,734,nw,nw,un,1,0.879911,204,734,734,1.255721,1.374319
List2Session2,2,2,2,639,50,1,REGRET,3,speed,1,576,first,un,nw,1,-0.013759,99,576,576,0.135676,0.135676
List2Session2,2,2,2,640,50,1,SET,4,hot,1,584,other,un,un,1,0.118052,102,584,584,0.196518,0.196518
List2Session2,2,2,2,641,50,1,PASSIVE,4,girlfriend,1,543,other,un,un,1,-0.224314,102,543,543,-0.201224,-0.201224
List2Session2,2,2,2,642,50,2,LAVA,3,pirt,1,553,nw,nw,un,1,-0.370853,204,553,553,-0.332846,-0.316168
List2Session2,2,2,2,643,50,2,FILL,2,vemetable,1,595,nw,nw,nw,1,-0.08062,204,595,595,0.035771,0.0761
List2Session2,2,2,2,644,50,2,MORNING,4,danler,1,474,nw,nw,nw,1,-0.916766,204,474,474,-1.026199,-1.054005
List2Session2,2,2,2,645,50,2,APPLE,3,congerence,1,886,nw,nw,nw,1,1.930276,204,886,886,2.589766,2.793955
List2Session2,2,2,2,646,50,1,NEEDY,4,wednesday,1,802,other,un,nw,1,1.938437,102,802,802,2.311342,2.311342
List2Session2,2,2,2,647,50,2,BINDER,1,pourney,1,576,nw,nw,un,1,-0.211916,204,576,576,-0.130984,-0.101355
List2Session2,2,2,2,648,50,2,FACTS,3,threp,1,601,nw,nw,nw,1,-0.039158,204,601,601,0.088431,0.132138
List2Session2,2,2,2,649,50,1,FRENCH,3,rocks,1,800,first,un,nw,1,1.511792,99,800,800,2.150573,2.150573
List2Session2,2,2,2,650,50,1,CALENDAR,3,cat,1,815,first,un,un,1,1.61395,99,815,815,2.285499,2.285499
List2Session2,2,2,2,651,50,2,HIP,1,riner,1,509,nw,nw,un,1,-0.674906,204,509,509,-0.719017,-0.727115
List2Session2,2,2,2,652,50,1,DELIVER,4,stairs,1,537,other,un,nw,1,-0.274417,102,537,537,-0.25943,-0.25943
List2Session2,2,2,2,653,50,2,OVERPOWER,4,banta,1,514,nw,nw,un,1,-0.640354,204,514,514,-0.675134,-0.680417
List2Session2,2,2,2,654,50,2,CHIPMUNK,3,dolder,1,573,nw,nw,nw,1,-0.232647,204,573,573,-0.157314,-0.129374
List2Session2,2,2,2,655,50,2,CREATE,3,flirp,1,548,nw,nw,nw,1,-0.405404,204,548,548,-0.37673,-0.362867
List2Session2,2,2,2,656,50,1,SEAT,2,table,1,590,other,rel,nw,1,0.168154,102,590,590,0.254724,0.254724
List2Session2,2,2,2,657,50,2,MASS,2,deas,1,566,nw,nw,rel,1,-0.281019,204,566,566,-0.21875,-0.194752
List2Session2,2,2,2,658,50,2,SATAN,2,crowf,1,638,nw,nw,nw,1,0.216523,204,638,638,0.413166,0.477707
List2Session2,2,2,2,659,50,2,PLOT,4,hamter,1,516,nw,nw,nw,1,-0.626534,204,516,516,-0.657581,-0.661738
List2Session2,2,2,2,660,50,1,HAND,3,necklace,1,542,first,un,nw,1,-0.245315,99,542,542,-0.170157,-0.170157
List2Session2,2,2,2,661,50,2,CATCH,4,goote,1,440,nw,nw,un,1,-1.151716,204,440,440,-1.324604,-1.371555
List2Session2,2,2,2,662,50,1,FINGERS,2,toes,1,597,other,rel,nw,1,0.226607,102,597,597,0.322631,0.322631
List2Session2,2,2,2,663,50,1,JAPAN,3,politics,1,558,first,un,rel,1,-0.136347,99,558,558,-0.026236,-0.026236
List2Session2,2,2,2,664,50,1,TRAFFIC,4,liar,1,550,other,un,un,1,-0.165862,102,550,550,-0.133317,-0.133317
List2Session2,2,2,2,665,50,1,JAR,3,spaghetti,1,543,first,un,un,1,-0.238505,99,543,543,-0.161162,-0.161162
List2Session2,2,2,2,666,50,1,MEANING,1,definition,1,504,first,rel,un,1,-0.504114,99,504,504,-0.51197,-0.51197
List2Session2,2,2,2,667,50,1,TENSION,1,stress,1,468,first,rel,rel,1,-0.749292,99,468,468,-0.835793,-0.835793
List2Session2,2,2,2,668,50,1,PRESTIGE,3,check,1,703,first,un,rel,1,0.851174,99,703,703,1.278051,1.278051
List2Session2,2,2,2,669,50,1,WED,2,thursday,1,803,other,rel,un,1,1.946787,102,803,803,2.321043,2.321043
List2Session2,2,2,2,670,50,2,NICKEL,2,dawsuit,1,673,nw,nw,rel,1,0.458383,204,673,673,0.720347,0.804597
List2Session2,2,2,2,671,50,2,FINISHED,1,iction,1,550,nw,nw,nw,1,-0.391583,204,550,550,-0.359176,-0.344187
List2Session2,2,2,2,672,50,1,INTERIOR,2,inferior,1,799,other,rel,nw,1,1.913386,102,799,799,2.282239,2.282239
List2Session2,2,2,2,673,50,2,BALL,1,druns,1,478,nw,nw,rel,1,-0.889125,204,478,478,-0.991092,-1.016647
List2Session2,2,2,2,674,50,2,CIRCUMSTANCE,1,lerative,1,617,nw,nw,nw,1,0.071406,204,617,617,0.228857,0.281573
List2Session2,2,2,2,675,50,1,MACARONI,4,shave,1,576,other,un,nw,1,0.051248,102,576,576,0.11891,0.11891
List2Session2,2,2,2,676,50,1,UNIFORM,1,nurse,1,728,first,rel,un,1,1.021437,99,728,728,1.502928,1.502928
List2Session2,2,2,2,677,50,2,FASCISM,1,zat,1,523,nw,nw,rel,1,-0.578161,204,523,523,-0.596145,-0.59636
List2Session2,2,2,2,678,50,2,FLAKE,1,deab,1,501,nw,nw,nw,1,-0.730188,204,501,501,-0.78923,-0.801833
List2Session2,2,2,2,679,50,1,GOODBYE,3,snob,1,528,first,un,nw,1,-0.340662,99,528,528,-0.296088,-0.296088
List2Session2,2,2,2,680,50,2,UNDERSTANDING,4,inem,1,490,nw,nw,un,1,-0.806201,204,490,490,-0.885773,-0.90457
List2Session2,2,2,2,681,50,2,CARBON,2,duln,1,469,nw,nw,nw,1,-0.951317,204,469,469,-1.070082,-1.100704
List2Session2,2,2,2,682,50,1,FEUD,4,juice,1,562,other,un,nw,1,-0.065657,102,562,562,-0.016905,-0.016905
List2Session2,2,2,2,683,50,2,STEEPLE,4,hurny,1,492,nw,nw,un,1,-0.792381,204,492,492,-0.86822,-0.885891
List2Session2,2,2,2,684,50,1,PAPER,4,gather,1,567,other,un,nw,1,-0.023905,102,567,567,0.0316,0.0316
List2Session2,2,2,2,685,50,2,FLOW,4,bephew,1,574,nw,nw,un,1,-0.225736,204,574,574,-0.148538,-0.120034
List2Session2,2,2,2,686,50,2,MANUFACTURER,1,hanter,1,646,nw,nw,nw,1,0.271805,204,646,646,0.483379,0.552425
List2Session2,2,2,2,687,50,1,ADJOURN,4,light,1,556,other,un,nw,1,-0.115759,102,556,556,-0.075111,-0.075111
List2Session2,2,2,2,688,50,2,DIGIT,3,orm,1,486,nw,nw,un,1,-0.833842,204,486,486,-0.92088,-0.941929
List2Session2,2,2,2,689,50,1,CHAMPAGNE,4,painting,1,577,other,un,nw,1,0.059599,102,577,577,0.128611,0.128611
List2Session2,2,2,2,690,50,2,ANNIHILATE,1,hean,1,666,nw,nw,un,1,0.410011,204,666,666,0.658911,0.739219
List2Session2,2,2,2,691,50,2,GULLY,3,alnays,1,830,nw,nw,nw,1,1.5433,204,830,830,2.098276,2.270931
List2Session2,2,2,2,692,50,1,LOWER,3,chew,1,701,first,un,nw,1,0.837553,99,701,701,1.260061,1.260061
List2Session2,2,2,2,693,50,1,KNOCK,3,spice,1,543,first,un,un,1,-0.238505,99,543,543,-0.161162,-0.161162
List2Session2,2,2,2,694,50,2,COVERED,2,glopy,1,472,nw,nw,un,1,-0.930587,204,472,472,-1.043752,-1.072685
List2Session2,2,2,2,695,50,2,PORTION,2,tilket,1,548,nw,nw,nw,1,-0.405404,204,548,548,-0.37673,-0.362867
List2Session2,2,2,2,696,50,1,RITUAL,1,ceremony,1,558,first,rel,nw,1,-0.136347,99,558,558,-0.026236,-0.026236
List2Session2,2,2,2,697,50,2,OVER,2,plarets,1,870,nw,nw,rel,1,1.819711,204,870,870,2.44934,2.64452
List2Session2,2,2,2,698,50,2,CHALKBOARD,2,limerty,1,531,nw,nw,nw,1,-0.522879,204,531,531,-0.525932,-0.521642
List2Session2,2,2,2,699,50,2,CHILD,1,dother,1,589,nw,nw,nw,1,-0.122082,204,589,589,-0.016888,0.020061
List2Session2,2,2,2,700,50,1,STROKE,4,forgive,1,597,other,un,nw,1,0.226607,102,597,597,0.322631,0.322631
List2Session2,2,2,2,701,50,2,BOOTH,3,spow,1,598,nw,nw,un,1,-0.059889,204,598,598,0.062101,0.104119
List2Session2,2,2,2,702,50,2,INSECT,4,choife,1,542,nw,nw,nw,1,-0.446866,204,542,542,-0.429389,-0.418905
List2Session2,2,2,2,703,50,1,TOPPING,3,bend,1,471,first,un,nw,1,-0.728861,99,471,471,-0.808807,-0.808807
List2Session2,2,2,2,704,50,1,NEWSSTAND,4,tonic,1,516,other,un,un,1,-0.449775,102,516,516,-0.463152,-0.463152
List2Session2,2,2,2,705,50,2,FLOAT,3,tood,1,543,nw,nw,un,1,-0.439956,204,543,543,-0.420613,-0.409565
List2Session2,2,2,2,706,50,2,ALLIGATOR,2,nath,1,503,nw,nw,nw,1,-0.716367,204,503,503,-0.771677,-0.783154
List2Session2,2,2,2,707,50,2,CRUST,4,houp,1,467,nw,nw,nw,1,-0.965138,204,467,467,-1.087635,-1.119383
List2Session2,2,2,2,708,50,2,CHICKEN,1,juggage,1,447,nw,nw,nw,1,-1.103344,204,447,447,-1.263168,-1.306178
List2Session2,2,2,2,709,50,2,DYNAMITE,3,forb,1,476,nw,nw,nw,1,-0.902945,204,476,476,-1.008646,-1.035326
List2Session2,2,2,2,710,50,2,ELF,1,disuplear,1,585,nw,nw,nw,1,-0.149723,204,585,585,-0.051995,-0.017298
List2Session2,2,2,2,711,50,2,NECK,4,halponeen,1,625,nw,nw,nw,1,0.126689,204,625,625,0.29907,0.356291
List2Session2,2,2,2,712,50,1,PIT,2,hell,1,503,other,rel,nw,1,-0.55833,102,503,503,-0.589265,-0.589265
List2Session2,2,2,2,713,50,1,COMPOSE,4,disagree,1,721,other,un,rel,1,1.262055,102,721,721,1.525558,1.525558
List2Session2,2,2,2,714,50,1,SYNAGOGUE,4,night,1,516,other,un,un,1,-0.449775,102,516,516,-0.463152,-0.463152
List2Session2,2,2,2,715,50,1,JELLO,2,mold,1,607,other,rel,un,1,0.310111,102,607,607,0.419641,0.419641
List2Session2,2,2,2,716,50,1,VETERAN,4,plastic,1,452,other,un,rel,1,-0.9842,102,452,452,-1.084018,-1.084018
List2Session2,2,2,2,717,50,2,IGNORE,4,tox,1,833,nw,nw,un,1,1.56403,204,833,833,2.124605,2.298951
List2Session2,2,2,2,718,50,2,SLIME,4,nompany,1,704,nw,nw,nw,1,0.672602,204,704,704,0.992422,1.094128
List2Session2,2,2,2,719,50,2,OPEN,3,vo,1,514,nw,nw,nw,1,-0.640354,204,514,514,-0.675134,-0.680417
List2Session2,2,2,2,720,50,2,SHOULDER,1,varth,1,622,nw,nw,nw,1,0.105958,204,622,622,0.27274,0.328272
List2Session2,2,2,2,721,50,1,APPLICATION,4,mist,1,1188,other,un,nw,1,5.161688,102,#NULL!,#NULL!,#NULL!,#NULL!
List2Session2,2,2,2,722,50,2,NIECE,3,mirst,1,563,nw,nw,un,1,-0.30175,204,563,563,-0.24508,-0.222771
List2Session2,2,2,2,723,50,1,GLIDE,1,slide,1,509,first,rel,nw,1,-0.470062,99,509,509,-0.466994,-0.466994
List2Session2,2,2,2,724,50,1,LOTS,3,drug,1,488,first,un,rel,1,-0.613082,99,488,488,-0.655891,-0.655891
List2Session2,2,2,2,725,50,2,LEAD,2,fom,1,547,nw,nw,un,1,-0.412314,204,547,547,-0.385506,-0.372207
List2Session2,2,2,2,726,50,2,THERE,3,pracker,1,540,nw,nw,nw,1,-0.460686,204,540,540,-0.446942,-0.437584
List2Session2,2,2,2,727,50,1,WARRIOR,3,slow,1,549,first,un,nw,1,-0.197642,99,549,549,-0.107191,-0.107191
List2Session2,2,2,2,728,50,2,UNITED,1,hain,1,526,nw,nw,un,1,-0.557431,204,526,526,-0.569815,-0.56834
List2Session2,2,2,2,729,50,1,PRESS,4,grab,1,648,other,un,nw,1,0.652477,102,648,648,0.817384,0.817384
List2Session2,2,2,2,730,50,2,VICE,2,staib,1,958,nw,nw,un,1,2.427817,204,958,958,3.221682,3.466414
List2Session2,2,2,2,731,50,1,BALCONY,1,ledge,1,1063,first,rel,nw,1,3.302953,99,#NULL!,#NULL!,#NULL!,#NULL!
List2Session2,2,2,2,732,50,2,STOCKING,4,ot,1,716,nw,nw,rel,1,0.755526,204,716,716,1.097742,1.206204
List2Session2,2,2,2,733,50,1,PREMISES,1,property,1,543,first,rel,nw,1,-0.238505,99,543,543,-0.161162,-0.161162
List2Session2,2,2,2,734,50,1,COMPULSION,3,uncommon,1,568,first,un,rel,1,-0.068243,99,568,568,0.063715,0.063715
List2Session2,2,2,2,735,50,1,CONQUER,3,boxer,1,625,first,un,un,1,0.319956,99,625,625,0.576435,0.576435
List2Session2,2,2,2,736,50,1,PRECIPICE,4,cool,1,518,other,un,un,1,-0.433074,102,518,518,-0.44375,-0.44375
List2Session2,2,2,2,737,50,1,TEND,4,society,1,480,other,un,un,1,-0.750389,102,480,480,-0.812389,-0.812389
List2Session2,2,2,2,738,50,1,RURAL,4,sympathetic,1,509,other,un,un,1,-0.508228,102,509,509,-0.531059,-0.531059
List2Session2,2,2,2,739,50,1,THRONE,1,king,1,455,first,rel,un,1,-0.837829,99,455,455,-0.952729,-0.952729
List2Session2,2,2,2,740,50,1,LOG,2,cabin,1,469,other,rel,rel,1,-0.842243,102,469,469,-0.9191,-0.9191
List2Session2,2,2,2,741,50,2,NERVES,4,dake,1,513,nw,nw,rel,1,-0.647264,204,513,513,-0.683911,-0.689757
List2Session2,2,2,2,742,50,1,WAREHOUSE,1,storage,1,491,first,rel,nw,1,-0.592651,99,491,491,-0.628906,-0.628906
List2Session2,2,2,2,743,50,2,LIBEL,1,hape,1,487,nw,nw,rel,1,-0.826932,204,487,487,-0.912103,-0.932589
List2Session2,2,2,2,744,50,2,CURSE,2,cort,1,452,nw,nw,nw,1,-1.068793,204,452,452,-1.219284,-1.259479
List2Session2,2,2,2,745,50,1,NORMAL,1,abnormal,1,528,first,rel,nw,1,-0.340662,99,528,528,-0.296088,-0.296088
List2Session2,2,2,2,746,50,1,TARZAN,1,jane,1,794,first,rel,rel,1,1.470929,99,794,794,2.096603,2.096603
List2Session2,2,2,2,747,50,1,LORD,4,seatbelt,1,730,other,un,rel,1,1.337209,102,730,730,1.612868,1.612868
List2Session2,2,2,2,748,50,1,GAG,2,puke,1,556,other,rel,un,1,-0.115759,102,556,556,-0.075111,-0.075111
List2Session2,2,2,2,749,50,1,SAUCER,1,cup,1,516,first,rel,rel,1,-0.422388,99,516,516,-0.404029,-0.404029
List2Session2,2,2,2,750,50,2,REINDEER,3,dold,1,559,nw,nw,rel,1,-0.329391,204,559,559,-0.280187,-0.26013
List2Session2,2,2,2,751,50,1,BALLOT,2,elect,1,537,other,rel,nw,1,-0.274417,102,537,537,-0.25943,-0.25943
List2Session2,2,2,2,752,50,2,METRIC,1,naze,1,530,nw,nw,rel,1,-0.529789,204,530,530,-0.534709,-0.530982
List2Session2,2,2,2,753,50,2,EXPRESSION,2,mobern,1,668,nw,nw,nw,1,0.423832,204,668,668,0.676464,0.757898
List2Session2,2,2,2,754,50,2,CAUTION,1,onte,1,512,nw,nw,nw,1,-0.654175,204,512,512,-0.692688,-0.699096
List2Session2,2,2,2,755,50,1,TELLER,1,bank,1,460,first,rel,nw,1,-0.803776,99,460,460,-0.907753,-0.907753
List2Session2,2,2,2,756,50,1,NOON,1,lunch,1,663,first,rel,rel,1,0.578755,99,663,663,0.918248,0.918248
List2Session2,2,2,2,757,50,1,LOCATION,4,wound,1,637,other,un,rel,1,0.560622,102,637,637,0.710672,0.710672
List2Session2,2,2,2,758,50,1,GRAVEL,3,chair,1,418,first,un,un,1,-1.089817,99,418,418,-1.285547,-1.285547
List2Session2,2,2,2,759,50,2,ANCIENT,2,doop,1,705,nw,nw,un,1,0.679512,204,705,705,1.001199,1.103468
List2Session2,2,2,2,760,50,1,GRIEF,2,tears,1,452,other,rel,nw,1,-0.9842,102,452,452,-1.084018,-1.084018
List2Session2,2,2,2,761,50,2,CUSTOMER,4,peometry,1,769,nw,nw,rel,1,1.121771,204,769,769,1.562902,1.701209
List2Session2,2,2,2,762,50,2,SUMMARY,4,jeak,1,1104,nw,nw,nw,1,3.436721,204,#NULL!,#NULL!,#NULL!,#NULL!
List2Session2,2,2,2,763,50,2,DAD,3,sheefs,1,532,nw,nw,nw,1,-0.515969,204,532,532,-0.517155,-0.512302
List2Session2,2,2,2,764,50,2,HOW,2,loum,0,462,nw,nw,nw,0,#NULL!,#NULL!,#NULL!,#NULL!,#NULL!,#NULL!
List2Session2,2,2,2,765,50,1,ROW,2,eggs,1,537,other,rel,nw,1,-0.274417,102,537,537,-0.25943,-0.25943
List2Session2,2,2,2,766,50,1,IMPORTANT,2,major,1,563,other,rel,rel,1,-0.057307,102,563,563,-0.007204,-0.007204
List2Session2,2,2,2,767,50,2,CLOUD,1,nisgurting,1,540,nw,nw,rel,1,-0.460686,204,540,540,-0.446942,-0.437584
List2Session2,2,2,2,768,50,1,BUTTON,2,push,1,757,other,rel,nw,1,1.562669,102,757,757,1.874795,1.874795
List2Session2,2,2,2,769,50,1,MEDIEVAL,2,armor,1,486,other,rel,rel,1,-0.700287,102,486,486,-0.754183,-0.754183
List2Session2,2,2,2,770,50,2,BET,3,raybe,1,513,nw,nw,rel,1,-0.647264,204,513,513,-0.683911,-0.689757
List2Session2,2,2,2,771,50,1,ECONOMY,4,find,1,684,other,un,nw,1,0.953091,102,684,684,1.16662,1.16662
List2Session2,2,2,2,772,50,2,PHANTOM,2,pib,1,528,nw,nw,un,1,-0.54361,204,528,528,-0.552262,-0.549661
List2Session2,2,2,2,773,50,2,HOLE,1,jigh,1,490,nw,nw,nw,1,-0.806201,204,490,490,-0.885773,-0.90457
List2Session2,2,2,2,774,50,2,ACRE,3,whibe,1,598,nw,nw,nw,1,-0.059889,204,598,598,0.062101,0.104119
List2Session2,2,2,2,775,50,2,WAY,4,amuminum,1,1165,nw,nw,nw,1,3.858249,204,#NULL!,#NULL!,#NULL!,#NULL!
List2Session2,2,2,2,776,50,2,FEVER,2,chim,1,574,nw,nw,nw,1,-0.225736,204,574,574,-0.148538,-0.120034
List2Session2,2,2,2,777,50,1,PORCH,2,monkey,1,534,other,rel,nw,1,-0.299468,102,534,534,-0.288533,-0.288533
List2Session2,2,2,2,778,50,2,ANNOY,2,dipe,1,545,nw,nw,rel,1,-0.426135,204,545,545,-0.403059,-0.390886
List2Session2,2,2,2,779,50,1,LIVE,2,happy,1,506,other,rel,nw,1,-0.533279,102,506,506,-0.560162,-0.560162
List2Session2,2,2,2,780,50,1,SUBSTANCE,2,chemistry,1,580,other,rel,rel,1,0.08465,102,580,580,0.157714,0.157714
List2Session2,2,2,2,781,50,2,STOOL,4,tublic,1,684,nw,nw,rel,1,0.534396,204,684,684,0.81689,0.907334
List2Session2,2,2,2,782,50,1,AMUSE,4,beer,1,464,other,un,nw,1,-0.883995,102,464,464,-0.967605,-0.967605
List2Session2,2,2,2,783,50,1,EXCITED,2,bored,1,477,other,rel,un,1,-0.77544,102,477,477,-0.841492,-0.841492
List2Session2,2,2,2,784,50,2,FINANCIAL,4,aff,1,473,nw,nw,rel,1,-0.923676,204,473,473,-1.034976,-1.063345
List2Session2,2,2,2,785,50,2,SHORTCAKE,1,conpom,1,644,nw,nw,nw,1,0.257984,204,644,644,0.465825,0.533745
List2Session2,2,2,2,786,50,1,ONION,2,hamburger,1,458,other,rel,nw,1,-0.934098,102,458,458,-1.025812,-1.025812
List2Session2,2,2,2,787,50,1,NATURE,4,dishes,1,486,other,un,rel,1,-0.700287,102,486,486,-0.754183,-0.754183
List2Session2,2,2,2,788,50,1,RAINY,2,weather,1,434,other,rel,un,1,-1.134507,102,434,434,-1.258636,-1.258636
List2Session2,2,2,2,789,50,1,CONVINCE,1,persuade,1,673,first,rel,rel,1,0.646859,99,673,673,1.008198,1.008198
List2Session2,2,2,2,790,50,2,STRIP,1,sping,1,789,nw,nw,rel,1,1.259977,204,789,789,1.738434,1.888003
List2Session2,2,2,2,791,50,1,OUCH,1,hurt,1,500,first,rel,nw,1,-0.531356,99,500,500,-0.54795,-0.54795
List2Session2,2,2,2,792,50,2,DESTINY,3,porl,1,559,nw,nw,rel,1,-0.329391,204,559,559,-0.280187,-0.26013
List2Session2,2,2,2,793,50,1,INTERRUPT,3,up,1,359,first,un,nw,1,-1.491636,99,359,359,-1.816256,-1.816256
List2Session2,2,2,2,794,50,2,STORE,4,etercise,1,632,nw,nw,un,1,0.175061,204,632,632,0.360506,0.421669
List2Session2,2,2,2,795,50,2,YUMMY,4,theopy,1,670,nw,nw,nw,1,0.437652,204,670,670,0.694017,0.776578
List2Session2,2,2,2,796,50,1,TOY,2,doll,1,642,other,rel,nw,1,0.602374,102,642,642,0.759177,0.759177
List2Session2,2,2,2,797,50,2,COWGIRL,1,mipe,1,536,nw,nw,rel,1,-0.488328,204,536,536,-0.482049,-0.474943
List2Session2,2,2,2,798,50,1,KEYS,2,chain,1,419,other,rel,nw,1,-1.259763,102,419,419,-1.404152,-1.404152
List2Session2,2,2,2,799,50,2,ANCESTOR,1,adotescent,1,833,nw,nw,rel,1,1.56403,204,833,833,2.124605,2.298951
List2Session2,2,2,2,800,50,1,GRADE,3,woman,1,462,first,un,nw,1,-0.790155,99,462,462,-0.889763,-0.889763
List2Session2,2,2,2,801,50,1,FARMER,4,sleep,1,699,other,un,un,1,1.078347,102,699,699,1.312136,1.312136
List2Session2,2,2,2,802,50,2,LENIENT,4,pratermity,1,655,nw,nw,un,1,0.333998,204,655,655,0.562368,0.636482
List2Session2,2,2,2,803,50,2,TWISTER,2,dentroy,1,612,nw,nw,nw,1,0.036855,204,612,612,0.184974,0.234875
List2Session2,2,2,2,804,50,1,ABLE,3,beam,1,601,first,un,nw,1,0.156504,99,601,601,0.360553,0.360553
List2Session2,2,2,2,805,50,2,LEAN,3,plown,1,625,nw,nw,un,1,0.126689,204,625,625,0.29907,0.356291
List2Session2,2,2,2,806,50,2,RECYCLE,3,moof,1,503,nw,nw,nw,1,-0.716367,204,503,503,-0.771677,-0.783154
List2Session2,2,2,2,807,50,2,SHEET,2,taib,1,817,nw,nw,nw,1,1.453466,204,817,817,1.98418,2.149515
List2Session2,2,2,2,808,50,2,ASTEROID,2,purnose,1,416,nw,nw,nw,1,-1.317563,204,416,416,-1.535243,-1.595709
List2Session2,2,2,2,809,50,2,UNLOAD,1,yock,1,462,nw,nw,nw,1,-0.99969,204,462,462,-1.131518,-1.166082
List2Session2,2,2,2,810,50,1,RIDE,2,bicycle,1,507,other,rel,nw,1,-0.524929,102,507,507,-0.550461,-0.550461
List2Session2,2,2,2,811,50,1,CREDIT,1,card,1,470,first,rel,rel,1,-0.735671,99,470,470,-0.817803,-0.817803
List2Session2,2,2,2,812,50,2,COMPANION,4,conlusion,1,931,nw,nw,rel,1,2.241239,204,931,931,2.984714,3.214242
List2Session2,2,2,2,813,50,2,MONARCH,4,choome,1,525,nw,nw,nw,1,-0.564341,204,525,525,-0.578592,-0.57768
List2Session2,2,2,2,814,50,1,RIGHTEOUSNESS,1,good,1,422,first,rel,nw,1,-1.062575,99,422,422,-1.249566,-1.249566
List2Session2,2,2,2,815,50,2,MERIT,3,itom,1,516,nw,nw,rel,1,-0.626534,204,516,516,-0.657581,-0.661738
List2Session2,2,2,2,816,50,2,DEADLY,1,proteption,1,702,nw,nw,nw,1,0.658782,204,702,702,0.974869,1.075449
List2Session2,2,2,2,817,50,2,AWESOME,4,uply,1,513,nw,nw,nw,1,-0.647264,204,513,513,-0.683911,-0.689757
List2Session2,2,2,2,818,50,2,DIP,3,pelephine,1,572,nw,nw,nw,1,-0.239557,204,572,572,-0.166091,-0.138714
List2Session2,2,2,2,819,50,2,PAT,3,elergency,1,597,nw,nw,nw,1,-0.0668,204,597,597,0.053325,0.094779
List2Session2,2,2,2,820,50,1,PALE,2,tan,1,685,other,rel,nw,1,0.961441,102,685,685,1.176321,1.176321
List2Session2,2,2,2,821,50,1,CAPTURE,2,kidnap,1,609,other,rel,rel,1,0.326811,102,609,609,0.439043,0.439043
List2Session2,2,2,2,822,50,1,MINUS,3,thunder,1,505,first,un,rel,1,-0.497304,99,505,505,-0.502975,-0.502975
List2Session2,2,2,2,823,50,2,ENDING,3,shib,1,516,nw,nw,un,1,-0.626534,204,516,516,-0.657581,-0.661738
List2Session2,2,2,2,824,50,2,MARS,1,wio,1,685,nw,nw,nw,1,0.541307,204,685,685,0.825667,0.916673
List2Session2,2,2,2,825,50,1,PASTA,3,big,1,641,first,un,nw,1,0.428924,99,641,641,0.720356,0.720356
List2Session2,2,2,2,826,50,2,PARKING,3,sibuation,1,630,nw,nw,un,1,0.16124,204,630,630,0.342953,0.402989
List2Session2,2,2,2,827,50,1,SWAN,2,dive,1,621,other,rel,nw,1,0.427016,102,621,621,0.555456,0.555456
List2Session2,2,2,2,828,50,2,SELECTION,1,ponish,1,563,nw,nw,rel,1,-0.30175,204,563,563,-0.24508,-0.222771
List2Session2,2,2,2,829,50,2,ATTRACT,1,toprano,1,812,nw,nw,nw,1,1.418914,204,812,812,1.940297,2.102817
List2Session2,2,2,2,830,50,1,ENERGY,1,electricity,1,603,first,rel,nw,1,0.170125,99,603,603,0.378543,0.378543
List2Session2,2,2,2,831,50,2,FLEXIBLE,3,wrine,1,513,nw,nw,rel,1,-0.647264,204,513,513,-0.683911,-0.689757
List3Session1,3,1,2,1,50,2,SALES,2,moser,1,799,nw,nw,nw,1,0.295754,191,799,799,0.549198,0.649652
List3Session1,3,1,2,2,50,1,GAVEL,4,spaghetti,1,719,other,un,nw,1,0.571953,100,719,719,0.70738,0.787064
List3Session1,3,1,2,3,50,2,HUMILIATE,1,owm,0,769,nw,nw,un,0,#NULL!,#NULL!,#NULL!,#NULL!,#NULL!,#NULL!
List3Session1,3,1,2,4,50,2,CLIPPERS,2,omner,1,1136,nw,nw,nw,1,1.862442,191,1136,1136,2.730311,3.040454
List3Session1,3,1,2,5,50,1,LOAD,1,heavy,1,690,first,rel,nw,1,0.409153,98,690,690,0.791541,0.905261
List3Session1,3,1,2,6,50,2,MISCHIEF,3,cibbage,1,1030,nw,nw,rel,1,1.369656,191,1030,1030,2.044264,2.288451
List3Session1,3,1,2,7,50,1,BUMPS,2,goose,1,636,other,rel,nw,1,-0.006904,100,636,636,0.064063,0.10497
List3Session1,3,1,2,8,50,1,CRY,3,calm,1,801,first,un,rel,1,1.081983,98,801,801,1.749321,1.946023
List3Session1,3,1,2,9,50,1,SKILL,4,number,1,608,other,un,un,1,-0.202182,100,608,608,-0.15296,-0.125134
List3Session1,3,1,2,10,50,2,SIP,2,bipycle,1,662,nw,nw,un,1,-0.341148,191,662,662,-0.337486,-0.322276
List3Session1,3,1,2,11,50,2,HAIL,4,disuplear,1,1291,nw,nw,nw,1,2.583025,191,#NULL!,1291,#NULL!,3.733494
List3Session1,3,1,2,12,50,1,DRILL,1,bit,1,502,first,rel,nw,1,-0.730414,98,502,502,-0.830645,-0.857472
List3Session1,3,1,2,13,50,2,STREET,1,dountain,1,865,nw,nw,rel,1,0.602583,191,865,865,0.97636,1.117881
List3Session1,3,1,2,14,50,2,CLEAN,3,inpocent,1,782,nw,nw,nw,1,0.216723,191,782,782,0.439171,0.529048
List3Session1,3,1,2,15,50,2,SCALES,4,wige,1,1086,nw,nw,nw,1,1.629996,191,1086,1086,2.406704,2.685736
List3Session1,3,1,2,16,50,2,DOORBELL,1,ponish,0,1329,nw,nw,nw,0,#NULL!,#NULL!,#NULL!,#NULL!,#NULL!,#NULL!
List3Session1,3,1,2,17,50,1,KINETIC,1,energy,0,571,first,rel,nw,0,#NULL!,#NULL!,#NULL!,#NULL!,#NULL!,#NULL!
List3Session1,3,1,2,18,50,2,EQUAL,2,cogy,1,819,nw,nw,rel,1,0.388733,191,819,819,0.678641,0.79154
List3Session1,3,1,2,19,50,2,CAN,4,cits,1,784,nw,nw,nw,1,0.22602,191,784,784,0.452116,0.543237
List3Session1,3,1,2,20,50,2,ANGLE,3,dinections,1,881,nw,nw,nw,1,0.676966,191,881,881,1.079914,1.231391
List3Session1,3,1,2,21,50,1,GIRAFFE,4,jelly,1,685,other,un,nw,1,0.33483,100,685,685,0.443853,0.507652
List3Session1,3,1,2,22,50,1,PRESIDENT,4,force,1,576,other,un,un,1,-0.425355,100,576,576,-0.400986,-0.38811
List3Session1,3,1,2,23,50,1,CREVICE,3,silk,1,856,first,un,un,1,1.415367,98,856,856,2.223897,2.461716
List3Session1,3,1,2,24,50,2,KILOMETER,1,wule,1,788,nw,nw,un,1,0.244616,191,788,788,0.478004,0.571614
List3Session1,3,1,2,25,50,1,PILLOW,2,blanket,1,612,other,rel,nw,1,-0.174285,100,612,612,-0.121957,-0.092262
List3Session1,3,1,2,26,50,1,BOILED,3,pick,1,492,first,un,rel,1,-0.79103,98,492,492,-0.916932,-0.951235
List3Session1,3,1,2,27,50,1,DELINQUENT,1,juvenile,1,711,first,rel,un,1,0.536445,98,711,711,0.972742,1.102162
List3Session1,3,1,2,28,50,2,BEFORE,1,kilk,1,873,nw,nw,rel,1,0.639775,191,873,873,1.028137,1.174636
List3Session1,3,1,2,29,50,1,PRIME,3,dirt,1,565,first,un,nw,1,-0.348538,98,565,565,-0.28704,-0.266769
List3Session1,3,1,2,30,50,2,BADGE,2,reat,1,877,nw,nw,un,1,0.65837,191,877,877,1.054025,1.203013
List3Session1,3,1,2,31,50,2,CARROT,3,beautimul,1,970,nw,nw,nw,1,1.09072,191,970,970,1.655935,1.862789
List3Session1,3,1,2,32,50,2,POSTAGE,1,bibble,0,1026,nw,nw,nw,0,#NULL!,#NULL!,#NULL!,#NULL!,#NULL!,#NULL!
List3Session1,3,1,2,33,50,2,GIFT,3,traimer,1,920,nw,nw,nw,1,0.858274,191,920,920,1.332328,1.508071
List3Session1,3,1,2,34,50,1,HIKING,1,boots,1,626,first,rel,nw,1,0.021215,98,626,626,0.239307,0.305181
List3Session1,3,1,2,35,50,1,TODAY,2,tuesday,1,648,other,rel,rel,1,0.076786,100,648,648,0.157073,0.203586
List3Session1,3,1,2,36,50,2,KIDNEY,1,dinagree,1,1085,nw,nw,rel,1,1.625347,191,1085,1085,2.400232,2.678642
List3Session1,3,1,2,37,50,1,NEVER,4,son,1,545,other,un,nw,1,-0.641555,100,545,545,-0.641261,-0.642868
List3Session1,3,1,2,38,50,1,VULNERABLE,1,weak,1,521,first,rel,un,1,-0.615245,98,521,521,-0.666701,-0.679324
List3Session1,3,1,2,39,50,1,EYE,4,star,1,579,other,un,rel,1,-0.404433,100,579,579,-0.377734,-0.363456
List3Session1,3,1,2,40,50,2,FRIAR,4,ral,1,715,nw,nw,un,1,-0.094755,191,715,715,0.005538,0.053725
List3Session1,3,1,2,41,50,1,REJECT,3,bored,1,558,first,un,nw,1,-0.390969,98,558,558,-0.347441,-0.332403
List3Session1,3,1,2,42,50,1,GATHERING,4,sunset,1,855,other,un,un,1,1.520441,100,855,855,1.761491,1.904713
List3Session1,3,1,2,43,50,1,EXECUTIVE,4,strong,1,564,other,un,un,1,-0.509046,100,564,564,-0.493996,-0.486726
List3Session1,3,1,2,44,50,2,NUTS,3,mape,1,732,nw,nw,un,1,-0.015724,191,732,732,0.115564,0.17433
List3Session1,3,1,2,45,50,2,MOSS,4,gan,1,751,nw,nw,nw,1,0.072606,191,751,751,0.238535,0.309123
List3Session1,3,1,2,46,50,2,STATE,3,staps,1,815,nw,nw,nw,1,0.370137,191,815,815,0.652752,0.763162
List3Session1,3,1,2,47,50,2,FROSTING,1,onte,1,813,nw,nw,nw,1,0.360839,191,813,813,0.639808,0.748974
List3Session1,3,1,2,48,50,1,UNUSUAL,4,south,1,716,other,un,nw,1,0.55103,100,716,716,0.684128,0.76241
List3Session1,3,1,2,49,50,1,DEFINITION,3,off,1,623,first,un,un,1,0.003031,98,623,623,0.213421,0.277053
List3Session1,3,1,2,50,50,2,GAME,2,suppen,1,821,nw,nw,un,1,0.398031,191,821,821,0.691585,0.805728
List3Session1,3,1,2,51,50,2,JEWEL,1,yock,1,820,nw,nw,nw,1,0.393382,191,820,820,0.685113,0.798634
List3Session1,3,1,2,52,50,1,EXPERIMENT,2,scientist,1,770,other,rel,nw,1,0.927636,100,770,770,1.102672,1.206183
List3Session1,3,1,2,53,50,2,SEVERAL,4,burder,1,1522,nw,nw,rel,1,3.656927,191,#NULL!,#NULL!,#NULL!,#NULL!
List3Session1,3,1,2,54,50,1,HEALTH,2,care,1,660,other,rel,nw,1,0.160476,100,660,660,0.250082,0.302202
List3Session1,3,1,2,55,50,1,BELIEF,4,low,1,649,other,un,rel,1,0.08376,100,649,649,0.164823,0.211804
List3Session1,3,1,2,56,50,1,GRADUATE,1,student,1,590,first,rel,un,1,-0.197,98,590,590,-0.071324,-0.032363
List3Session1,3,1,2,57,50,2,LEAVE,1,spissors,1,790,nw,nw,rel,1,0.253914,191,790,790,0.490949,0.585803
List3Session1,3,1,2,58,50,1,CRAYOLA,1,crayon,1,709,first,rel,nw,1,0.524322,98,709,709,0.955485,1.083409
List3Session1,3,1,2,59,50,2,ROOMMATE,2,lantuane,1,1048,nw,nw,rel,1,1.453337,191,1048,1048,2.160762,2.41615
List3Session1,3,1,2,60,50,2,CHANNEL,4,sarts,1,1021,nw,nw,nw,1,1.327816,191,1021,1021,1.986014,2.224602
List3Session1,3,1,2,61,50,2,DEAD,3,plown,1,1940,nw,nw,nw,1,5.600177,191,#NULL!,#NULL!,#NULL!,#NULL!
List3Session1,3,1,2,62,50,2,FLUFFY,3,misunpersla,1,1382,nw,nw,nw,1,3.006077,191,#NULL!,#NULL!,#NULL!,#NULL!
List3Session1,3,1,2,63,50,1,BORING,1,dull,1,766,first,rel,nw,1,0.869829,98,766,766,1.447318,1.617855
List3Session1,3,1,2,64,50,2,CLOROX,3,chana,1,1006,nw,nw,rel,1,1.258082,191,1006,1006,1.888932,2.118186
List3Session1,3,1,2,65,50,2,FUGITIVE,1,ect,1,708,nw,nw,nw,1,-0.127298,191,708,708,-0.039767,0.004065
List3Session1,3,1,2,66,50,2,ELEVATOR,4,memple,1,919,nw,nw,nw,1,0.853625,191,919,919,1.325855,1.500976
List3Session1,3,1,2,67,50,1,WHEEL,2,wagon,1,673,other,rel,nw,1,0.25114,100,673,673,0.350843,0.409036
List3Session1,3,1,2,68,50,1,CAMP,2,ground,1,741,other,rel,rel,1,0.725385,100,741,741,0.877898,0.967861
List3Session1,3,1,2,69,50,1,PEAR,4,succeed,1,919,other,un,rel,1,1.966789,100,919,919,2.257543,2.430665
List3Session1,3,1,2,70,50,2,TEMPERATURE,2,ashieve,1,768,nw,nw,un,1,0.151638,191,768,768,0.348561,0.429727
List3Session1,3,1,2,71,50,2,CLERK,4,wook,1,1073,nw,nw,nw,1,1.56956,191,1073,1073,2.322566,2.593509
List3Session1,3,1,2,72,50,2,SEPARATE,1,powen,1,885,nw,nw,nw,1,0.695562,191,885,885,1.105802,1.259768
List3Session1,3,1,2,73,50,1,FURY,3,major,1,625,first,un,nw,1,0.015154,98,625,625,0.230679,0.295805
List3Session1,3,1,2,74,50,2,SLIMY,1,saln,1,806,nw,nw,un,1,0.328297,191,806,806,0.594503,0.699313
List3Session1,3,1,2,75,50,1,LOOSEN,3,rent,1,676,first,un,nw,1,0.324292,98,676,676,0.67074,0.773993
List3Session1,3,1,2,76,50,1,MAZE,4,highway,1,1113,other,un,un,1,3.31978,100,#NULL!,#NULL!,#NULL!,#NULL!
List3Session1,3,1,2,77,50,1,OPTIMISTIC,2,view,1,508,other,rel,un,1,-0.8996,100,508,508,-0.928041,-0.946934
List3Session1,3,1,2,78,50,2,CRADLE,2,smick,1,791,nw,nw,rel,1,0.258563,191,791,791,0.497421,0.592897
List3Session1,3,1,2,79,50,1,FEELING,3,farm,1,1046,first,un,nw,1,2.567058,98,#NULL!,1046,#NULL!,3.86334
List3Session1,3,1,2,80,50,2,FOOLISH,4,pwelve,1,604,nw,nw,un,1,-0.610786,191,604,604,-0.712871,-0.733749
List3Session1,3,1,2,81,50,1,STRESS,3,vegetables,1,850,first,un,nw,1,1.378998,98,850,850,2.172125,2.405459
List3Session1,3,1,2,82,50,2,MARINES,2,sping,0,896,nw,nw,un,0,#NULL!,#NULL!,#NULL!,#NULL!,#NULL!,#NULL!
List3Session1,3,1,2,83,50,1,KITTEN,2,cute,1,603,other,rel,nw,1,-0.237052,100,603,603,-0.191714,-0.166224
List3Session1,3,1,2,84,50,1,PEN,1,pencil,1,1361,first,rel,rel,1,4.476439,98,#NULL!,#NULL!,#NULL!,#NULL!
List3Session1,3,1,2,85,50,2,HITCHHIKE,3,slead,1,858,nw,nw,rel,1,0.570041,191,858,858,0.931055,1.06822
List3Session1,3,1,2,86,50,1,LANE,4,smoke,1,519,other,un,nw,1,-0.822884,100,519,519,-0.842782,-0.856536
List3Session1,3,1,2,87,50,2,CONFUSE,3,inmian,1,657,nw,nw,un,1,-0.364393,191,657,657,-0.369847,-0.357748
List3Session1,3,1,2,88,50,1,FACTORY,3,swear,1,485,first,un,nw,1,-0.83346,98,485,485,-0.977332,-1.016868
List3Session1,3,1,2,89,50,1,CASE,1,court,1,546,first,rel,un,1,-0.463707,98,546,546,-0.450985,-0.444918
List3Session1,3,1,2,90,50,1,DEATH,3,cabin,1,619,first,un,rel,1,-0.021215,98,619,619,0.178907,0.239548
List3Session1,3,1,2,91,50,1,GENTLEMAN,1,lady,1,465,first,rel,un,1,-0.954691,98,465,465,-1.149905,-1.204393
List3Session1,3,1,2,92,50,1,REAL,2,people,1,445,other,rel,rel,1,-1.338973,100,445,445,-1.416343,-1.464668
List3Session1,3,1,2,93,50,1,ACE,4,length,1,522,other,un,rel,1,-0.801961,100,522,522,-0.81953,-0.831882
List3Session1,3,1,2,94,50,2,FOOL,2,splead,0,452,nw,nw,un,0,#NULL!,#NULL!,#NULL!,#NULL!,#NULL!,#NULL!
List3Session1,3,1,2,95,50,1,DESK,4,cat,1,545,other,un,nw,1,-0.641555,100,545,545,-0.641261,-0.642868
List3Session1,3,1,2,96,50,2,SCARF,3,urmy,1,571,nw,nw,un,1,-0.7642,191,571,571,-0.926451,-0.967864
List3Session1,3,1,2,97,50,2,COOKBOOK,1,kunch,1,643,nw,nw,nw,1,-0.429478,191,643,643,-0.460457,-0.457069
List3Session1,3,1,2,98,50,2,PICNIC,2,renipe,1,666,nw,nw,nw,1,-0.322553,191,666,666,-0.311597,-0.293899
List3Session1,3,1,2,99,50,1,CONTEMPORARY,3,tan,1,718,first,un,nw,1,0.578876,98,718,718,1.033143,1.167795
List3Session1,3,1,2,100,50,2,LIST,1,mun,1,736,nw,nw,un,1,0.002872,191,736,736,0.141453,0.202707
List3Session1,3,1,2,101,50,2,RESTAURANT,4,beln,1,620,nw,nw,nw,1,-0.536403,191,620,620,-0.609316,-0.620239
List3Session1,3,1,2,102,50,2,INABILITY,1,tants,1,883,nw,nw,nw,1,0.686264,191,883,883,1.092858,1.245579
List3Session1,3,1,2,103,50,2,CENTS,3,comt,1,591,nw,nw,nw,1,-0.671222,191,591,591,-0.797008,-0.825976
List3Session1,3,1,2,104,50,2,DRUM,1,besus,1,710,nw,nw,nw,1,-0.118,191,710,710,-0.026823,0.018254
List3Session1,3,1,2,105,50,1,CONE,2,cup,1,714,other,rel,nw,1,0.537082,100,714,714,0.668626,0.745974
List3Session1,3,1,2,106,50,1,DISC,3,disagreemen,1,780,first,un,rel,1,0.954691,98,780,780,1.568119,1.749122
List3Session1,3,1,2,107,50,2,LANDSCAPE,3,mirst,1,683,nw,nw,un,1,-0.243521,191,683,683,-0.201571,-0.173294
List3Session1,3,1,2,108,50,2,PERSONALITY,4,timple,1,783,nw,nw,nw,1,0.221372,191,783,783,0.445644,0.536142
List3Session1,3,1,2,109,50,1,NEGOTIATION,2,agreement,1,607,other,rel,nw,1,-0.209156,100,607,607,-0.160711,-0.133352
List3Session1,3,1,2,110,50,2,GRANDPA,3,wio,1,549,nw,nw,rel,1,-0.866477,191,549,549,-1.068839,-1.12394
List3Session1,3,1,2,111,50,1,TABLET,3,yes,1,1150,first,un,nw,1,3.197457,98,#NULL!,#NULL!,#NULL!,#NULL!
List3Session1,3,1,2,112,50,2,VOCABULARY,4,wesp,1,592,nw,nw,un,1,-0.666573,191,592,592,-0.790536,-0.818882
List3Session1,3,1,2,113,50,1,HANDICAP,3,puke,1,855,first,un,nw,1,1.409306,98,855,855,2.215268,2.45234
List3Session1,3,1,2,114,50,1,TUNA,2,sandwich,1,659,other,rel,un,1,0.153502,100,659,659,0.242332,0.293984
List3Session1,3,1,2,115,50,2,CHEERLEADER,4,frol,1,600,nw,nw,rel,1,-0.629382,191,600,600,-0.738759,-0.762127
List3Session1,3,1,2,116,50,2,NECKLACE,3,etloyer,1,622,nw,nw,nw,1,-0.527105,191,622,622,-0.596372,-0.606051
List3Session1,3,1,2,117,50,2,SOAP,2,greep,1,2069,nw,nw,nw,1,6.199889,191,#NULL!,#NULL!,#NULL!,#NULL!
List3Session1,3,1,2,118,50,1,REPENTANCE,1,forgive,1,657,first,rel,nw,1,0.209123,98,657,657,0.506795,0.595845
List3Session1,3,1,2,119,50,1,STIR,4,ignore,1,663,other,un,rel,1,0.181398,100,663,663,0.273335,0.326856
List3Session1,3,1,2,120,50,2,MEMORY,4,pubmarite,1,636,nw,nw,un,1,-0.46202,191,636,636,-0.505762,-0.50673
List3Session1,3,1,2,121,50,2,WISDOM,2,rint,1,577,nw,nw,nw,1,-0.736307,191,577,577,-0.887618,-0.925297
List3Session1,3,1,2,122,50,2,MOTOR,2,clored,1,665,nw,nw,nw,1,-0.327202,191,665,665,-0.31807,-0.300993
List3Session1,3,1,2,123,50,1,CAVERN,3,shape,1,493,first,un,nw,1,-0.784968,98,493,493,-0.908303,-0.941858
List3Session1,3,1,2,124,50,1,ANGEL,1,heaven,0,488,first,rel,un,0,#NULL!,#NULL!,#NULL!,#NULL!,#NULL!,#NULL!
List3Session1,3,1,2,125,50,2,BROOK,3,mipe,1,739,nw,nw,rel,1,0.016819,191,739,739,0.160869,0.22399
List3Session1,3,1,2,126,50,1,LETTUCE,1,tomato,1,469,first,rel,nw,1,-0.930445,98,469,469,-1.115391,-1.166888
List3Session1,3,1,2,127,50,1,CARAVAN,4,obstacle,1,657,other,un,rel,1,0.139553,100,657,657,0.22683,0.277548
List3Session1,3,1,2,128,50,2,VOMIT,3,genny,1,726,nw,nw,un,1,-0.043617,191,726,726,0.076731,0.131764
List3Session1,3,1,2,129,50,2,MEDAL,4,humger,1,920,nw,nw,nw,1,0.858274,191,920,920,1.332328,1.508071
List3Session1,3,1,2,130,50,1,UPDATE,3,understand,1,482,first,un,nw,1,-0.851645,98,482,482,-1.003218,-1.044997
List3Session1,3,1,2,131,50,2,VACUUM,1,yire,1,590,nw,nw,un,1,-0.675871,191,590,590,-0.803481,-0.833071
List3Session1,3,1,2,132,50,2,SELL,4,dorst,1,630,nw,nw,nw,1,-0.489914,191,630,630,-0.544595,-0.549296
List3Session1,3,1,2,133,50,1,PRECIOUS,3,crooked,0,826,first,un,nw,0,#NULL!,#NULL!,#NULL!,#NULL!,#NULL!,#NULL!
List3Session1,3,1,2,134,50,2,SLICK,3,bry,1,1113,nw,nw,un,1,1.755517,191,1113,1113,2.581452,2.877284
List3Session1,3,1,2,135,50,2,BRAVE,2,obegen,1,828,nw,nw,nw,1,0.430573,191,828,828,0.73689,0.855389
List3Session1,3,1,2,136,50,2,SEEK,4,atril,1,633,nw,nw,nw,1,-0.475967,191,633,633,-0.525178,-0.528013
List3Session1,3,1,2,137,50,1,OBJECTIVE,2,course,1,607,other,rel,nw,1,-0.209156,100,607,607,-0.160711,-0.133352
List3Session1,3,1,2,138,50,1,ARMOR,3,chance,1,486,first,un,rel,1,-0.827399,98,486,486,-0.968704,-1.007492
List3Session1,3,1,2,139,50,1,WEDNESDAY,3,motel,1,674,first,un,un,1,0.312169,98,674,674,0.653482,0.755241
List3Session1,3,1,2,140,50,2,BEST,1,conlusion,0,614,nw,nw,un,0,#NULL!,#NULL!,#NULL!,#NULL!,#NULL!,#NULL!
List3Session1,3,1,2,141,50,2,FORT,2,itom,1,620,nw,nw,nw,1,-0.536403,191,620,620,-0.609316,-0.620239
List3Session1,3,1,2,142,50,2,GYM,3,alnohol,1,834,nw,nw,nw,1,0.458467,191,834,834,0.775723,0.897955
List3Session1,3,1,2,143,50,2,EMPLOYEE,1,choome,1,785,nw,nw,nw,1,0.230669,191,785,785,0.458588,0.550331
List3Session1,3,1,2,144,50,1,METEORITE,4,bacon,1,575,other,un,nw,1,-0.43233,100,575,575,-0.408737,-0.396328
List3Session1,3,1,2,145,50,1,SEATBELT,2,protection,1,503,other,rel,un,1,-0.934471,100,503,503,-0.966795,-0.988024
List3Session1,3,1,2,146,50,2,SOMETIMES,4,dath,1,722,nw,nw,rel,1,-0.062213,191,722,722,0.050843,0.103386
List3Session1,3,1,2,147,50,2,MAILMAN,1,tive,1,692,nw,nw,nw,1,-0.201681,191,692,692,-0.143322,-0.109445
List3Session1,3,1,2,148,50,1,THIRD,4,cars,1,519,other,un,nw,1,-0.822884,100,519,519,-0.842782,-0.856536
List3Session1,3,1,2,149,50,1,SORORITY,2,women,1,434,other,rel,un,1,-1.415689,100,434,434,-1.501602,-1.555066
List3Session1,3,1,2,150,50,1,LAWYER,2,lawsuit,1,640,other,rel,rel,1,0.020992,100,640,640,0.095066,0.137842
List3Session1,3,1,2,151,50,2,DOZEN,1,slib,1,581,nw,nw,rel,1,-0.717711,191,581,581,-0.86173,-0.89692
List3Session1,3,1,2,152,50,2,MINTS,2,tepper,1,717,nw,nw,nw,1,-0.085457,191,717,717,0.018482,0.067914
List3Session1,3,1,2,153,50,2,HILL,1,biamond,1,782,nw,nw,nw,1,0.216723,191,782,782,0.439171,0.529048
List3Session1,3,1,2,154,50,1,PRESENT,3,picture,1,494,first,un,nw,1,-0.778907,98,494,494,-0.899674,-0.932482
List3Session1,3,1,2,155,50,2,RAW,3,exproverm,1,665,nw,nw,un,1,-0.327202,191,665,665,-0.31807,-0.300993
List3Session1,3,1,2,156,50,2,FAITHFUL,2,thoumand,0,606,nw,nw,nw,0,#NULL!,#NULL!,#NULL!,#NULL!,#NULL!,#NULL!
List3Session1,3,1,2,157,50,2,IGLOO,1,stome,1,741,nw,nw,nw,1,0.026117,191,741,741,0.173813,0.238179
List3Session1,3,1,2,158,50,2,SPINACH,2,umcompon,1,662,nw,nw,nw,1,-0.341148,191,662,662,-0.337486,-0.322276
List3Session1,3,1,2,159,50,2,SHOOT,2,cin't,1,556,nw,nw,nw,1,-0.833934,191,556,556,-1.023534,-1.074279
List3Session1,3,1,2,160,50,2,RACCOON,4,dinopaur,1,1380,nw,nw,nw,1,2.99678,191,#NULL!,1380,#NULL!,4.309515
List3Session1,3,1,2,161,50,1,CLICK,2,mouse,1,461,other,rel,nw,1,-1.227386,100,461,461,-1.29233,-1.33318
List3Session1,3,1,2,162,50,1,STRAND,2,string,1,538,other,rel,rel,1,-0.690374,100,538,538,-0.695517,-0.700394
List3Session1,3,1,2,163,50,2,ALL,3,sheefs,1,562,nw,nw,rel,1,-0.806041,191,562,562,-0.984701,-1.031713
List3Session1,3,1,2,164,50,2,BIRDS,2,jight,1,540,nw,nw,nw,1,-0.908317,191,540,540,-1.127088,-1.187789
List3Session1,3,1,2,165,50,2,WEEKLY,3,expited,0,549,nw,nw,nw,0,#NULL!,#NULL!,#NULL!,#NULL!,#NULL!,#NULL!
List3Session1,3,1,2,166,50,2,SLACKS,1,bard,1,702,nw,nw,nw,1,-0.155191,191,702,702,-0.0786,-0.038501
List3Session1,3,1,2,167,50,1,FIBER,3,foreign,1,625,first,un,nw,1,0.015154,98,625,625,0.230679,0.295805
List3Session1,3,1,2,168,50,2,DOE,2,swalpow,1,662,nw,nw,un,1,-0.341148,191,662,662,-0.337486,-0.322276
List3Session1,3,1,2,169,50,1,CAPE,2,coral,1,796,other,rel,nw,1,1.108965,100,796,796,1.304193,1.419851
List3Session1,3,1,2,170,50,2,VEAL,2,extlosion,1,795,nw,nw,rel,1,0.277159,191,795,795,0.523309,0.621275
List3Session1,3,1,2,171,50,1,DUST,4,area,1,491,other,un,nw,1,-1.018161,100,491,491,-1.059805,-1.08664
List3Session1,3,1,2,172,50,2,SPICY,2,mep,1,613,nw,nw,un,1,-0.568946,191,613,613,-0.654621,-0.6699
List3Session1,3,1,2,173,50,1,MICROSCOPE,3,mob,0,716,first,un,nw,0,#NULL!,#NULL!,#NULL!,#NULL!,#NULL!,#NULL!
List3Session1,3,1,2,174,50,2,COWARD,3,bamy,1,685,nw,nw,un,1,-0.234223,191,685,685,-0.188627,-0.159106
List3Session1,3,1,2,175,50,2,BAY,3,roaf,1,929,nw,nw,nw,1,0.900115,191,929,929,1.390577,1.57192
List3Session1,3,1,2,176,50,2,DIM,1,dile,0,731,nw,nw,nw,0,#NULL!,#NULL!,#NULL!,#NULL!,#NULL!,#NULL!
List3Session1,3,1,2,177,50,1,CONCERN,3,worker,1,622,first,un,nw,1,-0.003031,98,622,622,0.204793,0.267676
List3Session1,3,1,2,178,50,1,AUNT,1,uncle,1,548,first,rel,un,1,-0.451584,98,548,548,-0.433727,-0.426165
List3Session1,3,1,2,179,50,2,THING,3,wiv,1,574,nw,nw,rel,1,-0.750254,191,574,574,-0.907035,-0.94658
List3Session1,3,1,2,180,50,1,TOOLS,3,garden,1,486,first,un,nw,1,-0.827399,98,486,486,-0.968704,-1.007492
List3Session1,3,1,2,181,50,2,VALUABLE,3,floripa,1,769,nw,nw,un,1,0.156287,191,769,769,0.355034,0.436821
List3Session1,3,1,2,182,50,1,MOVE,2,stay,1,544,other,rel,nw,1,-0.648529,100,544,544,-0.649012,-0.651086
List3Session1,3,1,2,183,50,1,BAN,3,italian,1,1130,first,un,rel,1,3.076226,98,#NULL!,#NULL!,#NULL!,#NULL!
List3Session1,3,1,2,184,50,2,SUGGEST,3,shob,1,605,nw,nw,un,1,-0.606137,191,605,605,-0.706398,-0.726655
List3Session1,3,1,2,185,50,1,PART,2,whole,1,452,other,rel,nw,1,-1.290154,100,452,452,-1.362087,-1.407142
List3Session1,3,1,2,186,50,2,REAP,3,ot,1,561,nw,nw,rel,1,-0.81069,191,561,561,-0.991173,-1.038807
List3Session1,3,1,2,187,50,1,DRAG,1,race,1,522,first,rel,nw,1,-0.609184,98,522,522,-0.658072,-0.669947
List3Session1,3,1,2,188,50,2,BEGGAR,4,nilot,1,740,nw,nw,rel,1,0.021468,191,740,740,0.167341,0.231085
List3Session1,3,1,2,189,50,1,STABLE,2,okay,1,549,other,rel,nw,1,-0.613658,100,549,549,-0.610258,-0.609996
List3Session1,3,1,2,190,50,1,MANNER,1,way,1,462,first,rel,rel,1,-0.972875,98,462,462,-1.175791,-1.232522
List3Session1,3,1,2,191,50,2,MICE,1,laka,1,619,nw,nw,rel,1,-0.541052,191,619,619,-0.615788,-0.627334
List3Session1,3,1,2,192,50,2,FANTASTIC,4,nather,1,864,nw,nw,nw,1,0.597934,191,864,864,0.969887,1.110786
List3Session1,3,1,2,193,50,1,DUSTPAN,4,door,1,477,other,un,nw,1,-1.115799,100,477,477,-1.168317,-1.201692
List3Session1,3,1,2,194,50,2,PORTRAY,4,mobern,1,569,nw,nw,un,1,-0.773498,191,569,569,-0.939396,-0.982052
List3Session1,3,1,2,195,50,1,BELL,2,liberty,1,530,other,rel,nw,1,-0.746168,100,530,530,-0.757523,-0.766138
List3Session1,3,1,2,196,50,2,CHIEF,4,borad,1,828,nw,nw,rel,1,0.430573,191,828,828,0.73689,0.855389
List3Session1,3,1,2,197,50,2,FOUNTAIN,4,murn,1,602,nw,nw,nw,1,-0.620084,191,602,602,-0.725815,-0.747938
List3Session1,3,1,2,198,50,1,PRESUME,3,referee,1,657,first,un,nw,1,0.209123,98,657,657,0.506795,0.595845
List3Session1,3,1,2,199,50,1,ZIT,1,pimple,1,646,first,rel,un,1,0.142446,98,646,646,0.41188,0.492706
List3Session1,3,1,2,200,50,2,INSIGHT,4,spime,1,571,nw,nw,rel,1,-0.7642,191,571,571,-0.926451,-0.967864
List3Session1,3,1,2,201,50,1,FINISH,3,brother,1,470,first,un,nw,1,-0.924383,98,470,470,-1.106762,-1.157512
List3Session1,3,1,2,202,50,1,LUMBER,2,build,1,514,other,rel,un,1,-0.857755,100,514,514,-0.881536,-0.897626
List3Session1,3,1,2,203,50,1,CHRISTMAS,2,santa,1,701,other,rel,rel,1,0.446417,100,701,701,0.567866,0.63914
List3Session1,3,1,2,204,50,2,POKER,4,clipate,1,592,nw,nw,rel,1,-0.666573,191,592,592,-0.790536,-0.818882
List3Session1,3,1,2,205,50,2,SIGN,2,ploudy,1,663,nw,nw,nw,1,-0.336499,191,663,663,-0.331014,-0.315182
List3Session1,3,1,2,206,50,1,SMOKY,1,mountains,1,491,first,rel,nw,1,-0.797091,98,491,491,-0.92556,-0.960611
List3Session1,3,1,2,207,50,1,COBWEB,1,spider,1,534,first,rel,rel,1,-0.536445,98,534,534,-0.554528,-0.557433
List3Session1,3,1,2,208,50,1,BOUND,1,tie,1,512,first,rel,rel,1,-0.669799,98,512,512,-0.744359,-0.76371
List3Session1,3,1,2,209,50,1,REMINISCENCE,3,coat,1,524,first,un,rel,1,-0.597061,98,524,524,-0.640815,-0.651195
List3Session1,3,1,2,210,50,1,INCOME,4,date,1,502,other,un,un,1,-0.941445,100,502,502,-0.974546,-0.996242
List3Session1,3,1,2,211,50,1,SAMPLE,3,murderer,0,753,first,un,un,0,#NULL!,#NULL!,#NULL!,#NULL!,#NULL!,#NULL!
List3Session1,3,1,2,212,50,1,SWING,1,park,1,433,first,rel,un,1,-1.14866,98,433,433,-1.426022,-1.504433
List3Session1,3,1,2,213,50,1,LETTER,2,note,1,495,other,rel,rel,1,-0.990264,100,495,495,-1.028802,-1.053768
List3Session1,3,1,2,214,50,1,SECOND,4,stove,1,810,other,un,rel,1,1.206603,100,810,810,1.412705,1.534903
List3Session1,3,1,2,215,50,1,DEFROST,1,thaw,1,617,first,rel,un,1,-0.033338,98,617,617,0.161649,0.220795
List3Session1,3,1,2,216,50,1,UNCONSCIOUS,1,asleep,1,767,first,rel,rel,1,0.875891,98,767,767,1.455947,1.627231
List3Session1,3,1,2,217,50,1,CLOCKWISE,2,direction,1,575,other,rel,rel,1,-0.43233,100,575,575,-0.408737,-0.396328
List3Session1,3,1,2,218,50,2,SPARE,2,conwert,1,631,nw,nw,rel,1,-0.485265,191,631,631,-0.538123,-0.542201
List3Session1,3,1,2,219,50,2,ILL,2,astume,1,765,nw,nw,nw,1,0.137691,191,765,765,0.329145,0.408444
List3Session1,3,1,2,220,50,2,GUILTY,1,plape,1,766,nw,nw,nw,1,0.14234,191,766,766,0.335617,0.415538
List3Session1,3,1,2,221,50,1,INSULT,4,stare,1,638,other,un,nw,1,0.007044,100,638,638,0.079564,0.121406
List3Session1,3,1,2,222,50,2,ACCUMULATE,1,plue,1,644,nw,nw,un,1,-0.424829,191,644,644,-0.453985,-0.449975
List3Session1,3,1,2,223,50,1,PILE,3,tiger,1,602,first,un,nw,1,-0.124261,98,602,602,0.03222,0.080152
List3Session1,3,1,2,224,50,1,CONCENTRATE,2,wander,1,896,other,rel,un,1,1.806383,100,896,896,2.079275,2.241651
List3Session1,3,1,2,225,50,1,GUEST,2,relative,1,605,other,rel,rel,1,-0.223104,100,605,605,-0.176212,-0.149788
List3Session1,3,1,2,226,50,1,ACID,4,blow,1,546,other,un,rel,1,-0.634581,100,546,546,-0.63351,-0.63465
List3Session1,3,1,2,227,50,2,PHYSICAL,4,hape,1,764,nw,nw,un,1,0.133042,191,764,764,0.322673,0.401349
List3Session1,3,1,2,228,50,1,ADVERSARY,3,wide,1,653,first,un,nw,1,0.184877,98,653,653,0.472281,0.55834
List3Session1,3,1,2,229,50,2,CHEAP,2,halpy,1,611,nw,nw,un,1,-0.578243,191,611,611,-0.667566,-0.684089
List3Session1,3,1,2,230,50,2,PROPRIETOR,1,flob,1,633,nw,nw,nw,1,-0.475967,191,633,633,-0.525178,-0.528013
List3Session1,3,1,2,231,50,2,DETECTIVE,2,pealthy,1,656,nw,nw,nw,1,-0.369042,191,656,656,-0.376319,-0.364842
List3Session1,3,1,2,232,50,1,ISSUE,1,magazine,0,772,first,rel,nw,0,#NULL!,#NULL!,#NULL!,#NULL!,#NULL!,#NULL!
List3Session1,3,1,2,233,50,1,EMPLOYMENT,4,reaction,1,548,other,un,rel,1,-0.620632,100,548,548,-0.618009,-0.618214
List3Session1,3,1,2,234,50,2,SINGLE,3,dinimum,1,589,nw,nw,un,1,-0.68052,191,589,589,-0.809953,-0.840165
List3Session1,3,1,2,235,50,2,CAB,3,doint,1,596,nw,nw,nw,1,-0.647977,191,596,596,-0.764648,-0.790504
List3Session1,3,1,2,236,50,1,BANANA,1,fruit,1,540,first,rel,nw,1,-0.500076,98,540,540,-0.502757,-0.501175
List3Session1,3,1,2,237,50,2,CRITICAL,4,dolfar,1,581,nw,nw,rel,1,-0.717711,191,581,581,-0.86173,-0.89692
List3Session1,3,1,2,238,50,1,TEENAGER,2,adolescent,1,701,other,rel,nw,1,0.446417,100,701,701,0.567866,0.63914
List3Session1,3,1,2,239,50,1,ACT,1,play,1,496,first,rel,rel,1,-0.766783,98,496,496,-0.882417,-0.91373
List3Session1,3,1,2,240,50,1,DISCIPLINE,1,strict,1,636,first,rel,rel,1,0.081831,98,636,636,0.325594,0.398944
List3Session1,3,1,2,241,50,1,VACANCY,1,empty,1,544,first,rel,rel,1,-0.47583,98,544,544,-0.468242,-0.46367
List3Session1,3,1,2,242,50,2,ASSOCIATE,1,olen,1,570,nw,nw,rel,1,-0.768849,191,570,570,-0.932924,-0.974958
List3Session1,3,1,2,243,50,1,ORCHID,4,chalk,1,867,other,un,nw,1,1.604131,100,867,867,1.854501,2.003329
List3Session1,3,1,2,244,50,1,OVERVIEW,2,preview,1,527,other,rel,un,1,-0.76709,100,527,527,-0.780776,-0.790792
List3Session1,3,1,2,245,50,2,MOTORCYCLE,2,bife,0,520,nw,nw,rel,0,#NULL!,#NULL!,#NULL!,#NULL!,#NULL!,#NULL!
List3Session1,3,1,2,246,50,2,AIRCRAFT,4,riner,1,593,nw,nw,nw,1,-0.661924,191,593,593,-0.784064,-0.811787
List3Session1,3,1,2,247,50,2,YEARLY,3,ne,1,601,nw,nw,nw,1,-0.624733,191,601,601,-0.732287,-0.755032
List3Session1,3,1,2,248,50,2,PERISH,2,jafe,1,608,nw,nw,nw,1,-0.59219,191,608,608,-0.686982,-0.705372
List3Session1,3,1,2,249,50,2,SPIN,2,hamter,1,647,nw,nw,nw,1,-0.410882,191,647,647,-0.434568,-0.428692
List3Session1,3,1,2,250,50,1,WEDDING,4,direct,1,716,other,un,nw,1,0.55103,100,716,716,0.684128,0.76241
List3Session1,3,1,2,251,50,1,ASSIGNMENT,1,homework,1,478,first,rel,un,1,-0.875891,98,478,478,-1.037733,-1.082502
List3Session1,3,1,2,252,50,2,MAXIMUM,1,chopolane,1,651,nw,nw,rel,1,-0.392286,191,651,651,-0.40868,-0.400314
List3Session1,3,1,2,253,50,2,NEWSPAPER,4,cramy,1,703,nw,nw,nw,1,-0.150542,191,703,703,-0.072128,-0.031407
List3Session1,3,1,2,254,50,2,STEPS,1,borning,0,642,nw,nw,nw,0,#NULL!,#NULL!,#NULL!,#NULL!,#NULL!,#NULL!
List3Session1,3,1,2,255,50,1,WAIT,1,patience,1,1127,first,rel,nw,1,3.058042,98,#NULL!,#NULL!,#NULL!,#NULL!
List3Session1,3,1,2,256,50,1,EMPIRE,4,enter,1,538,other,un,rel,1,-0.690374,100,538,538,-0.695517,-0.700394
List3Session1,3,1,2,257,50,2,PLANNING,3,yarp,1,563,nw,nw,un,1,-0.801392,191,563,563,-0.978229,-1.024618
List3Session1,3,1,2,258,50,2,FRAIL,2,fots,1,492,nw,nw,nw,1,-1.131465,191,492,492,-1.437751,-1.528319
List3Session1,3,1,2,259,50,1,GLASSES,2,frame,1,759,other,rel,nw,1,0.85092,100,759,759,1.017413,1.115785
List3Session1,3,1,2,260,50,2,SOOT,2,pable,1,521,nw,nw,rel,1,-0.996647,191,521,521,-1.250059,-1.322582
List3Session1,3,1,2,261,50,1,METER,4,honor,1,611,other,un,nw,1,-0.181259,100,611,611,-0.129708,-0.10048
List3Session1,3,1,2,262,50,1,CLIFF,2,ledge,1,634,other,rel,un,1,-0.020853,100,634,634,0.048561,0.088534
List3Session1,3,1,2,263,50,2,SHARP,1,gloceties,1,591,nw,nw,rel,1,-0.671222,191,591,591,-0.797008,-0.825976
List3Session1,3,1,2,264,50,1,HOE,3,doll,1,567,first,un,nw,1,-0.336415,98,567,567,-0.269783,-0.248017
List3Session1,3,1,2,265,50,1,SHOVE,3,egypt,1,622,first,un,un,1,-0.003031,98,622,622,0.204793,0.267676
List3Session1,3,1,2,266,50,1,ENOUGH,2,done,1,532,other,rel,un,1,-0.732219,100,532,532,-0.742022,-0.749702
List3Session1,3,1,2,267,50,2,AHOY,3,marl,1,574,nw,nw,rel,1,-0.750254,191,574,574,-0.907035,-0.94658
List3Session1,3,1,2,268,50,2,COMMITTEE,4,thamb,1,615,nw,nw,nw,1,-0.559648,191,615,615,-0.641677,-0.655711
List3Session1,3,1,2,269,50,2,SACRED,4,ledend,0,574,nw,nw,nw,0,#NULL!,#NULL!,#NULL!,#NULL!,#NULL!,#NULL!
List3Session1,3,1,2,270,50,2,SUPERVISOR,2,hib,1,598,nw,nw,nw,1,-0.638679,191,598,598,-0.751703,-0.776316
List3Session1,3,1,2,271,50,2,BRANDY,4,emgarrasp,1,638,nw,nw,nw,1,-0.452722,191,638,638,-0.492818,-0.492541
List3Session1,3,1,2,272,50,2,SERVICE,3,stram,1,692,nw,nw,nw,1,-0.201681,191,692,692,-0.143322,-0.109445
List3Session1,3,1,2,273,50,1,WAKE,4,study,1,487,other,un,nw,1,-1.046057,100,487,487,-1.090808,-1.119512
List3Session1,3,1,2,274,50,2,DRUNK,1,melapionshi,1,578,nw,nw,un,1,-0.731658,191,578,578,-0.881146,-0.918203
List3Session1,3,1,2,275,50,2,BUCK,1,loum,1,522,nw,nw,nw,1,-0.991998,191,522,522,-1.243587,-1.315488
List3Session1,3,1,2,276,50,1,UNIVERSITY,4,descend,1,771,other,un,nw,1,0.93461,100,771,771,1.110423,1.214401
List3Session1,3,1,2,277,50,1,REMOVER,2,nail,1,820,other,rel,un,1,1.276345,100,820,820,1.490213,1.617083
List3Session1,3,1,2,278,50,1,VEHICLE,4,exercise,1,642,other,un,rel,1,0.034941,100,642,642,0.110568,0.154278
List3Session1,3,1,2,279,50,2,AIR,3,nough,1,775,nw,nw,un,1,0.18418,191,775,775,0.393866,0.479388
List3Session1,3,1,2,280,50,2,GOAL,1,rabs,1,632,nw,nw,nw,1,-0.480616,191,632,632,-0.53165,-0.535107
List3Session1,3,1,2,281,50,1,RELATIVITY,1,theory,1,670,first,rel,nw,1,0.287923,98,670,670,0.618968,0.717736
List3Session1,3,1,2,282,50,1,EFFORT,3,workout,1,514,first,un,rel,1,-0.657676,98,514,514,-0.727101,-0.744957
List3Session1,3,1,2,283,50,2,DISSIMILAR,3,queeg,1,861,nw,nw,un,1,0.583988,191,861,861,0.950471,1.089503
List3Session1,3,1,2,284,50,2,CLIMAX,3,preak,1,794,nw,nw,nw,1,0.27251,191,794,794,0.516837,0.614181
List3Session1,3,1,2,285,50,1,TOILET,3,greed,1,633,first,un,nw,1,0.063646,98,633,633,0.299708,0.370815
List3Session1,3,1,2,286,50,2,DISPLAY,1,thip,1,622,nw,nw,un,1,-0.527105,191,622,622,-0.596372,-0.606051
List3Session1,3,1,2,287,50,1,PLASTIC,4,open,1,533,other,un,nw,1,-0.725245,100,533,533,-0.734271,-0.741484
List3Session1,3,1,2,288,50,1,CLOTHES,3,world,1,511,first,un,un,1,-0.675861,98,511,511,-0.752987,-0.773086
List3Session1,3,1,2,289,50,1,LATIN,4,against,1,729,other,un,un,1,0.641694,100,729,729,0.784889,0.869244
List3Session1,3,1,2,290,50,2,CHAMPION,4,slinny,1,668,nw,nw,un,1,-0.313255,191,668,668,-0.298653,-0.27971
List3Session1,3,1,2,291,50,1,SADDLE,2,ride,1,496,other,rel,nw,1,-0.98329,100,496,496,-1.021051,-1.04555
List3Session1,3,1,2,292,50,1,SPOTS,2,dots,0,732,other,rel,rel,0,#NULL!,#NULL!,#NULL!,#NULL!,#NULL!,#NULL!
List3Session1,3,1,2,293,50,2,SNOOZE,4,shos,1,574,nw,nw,rel,1,-0.750254,191,574,574,-0.907035,-0.94658
List3Session1,3,1,2,294,50,2,EARLY,2,cip,1,598,nw,nw,nw,1,-0.638679,191,598,598,-0.751703,-0.776316
List3Session1,3,1,2,295,50,1,CONFLICT,1,fight,1,509,first,rel,nw,1,-0.687984,98,509,509,-0.770245,-0.791838
List3Session1,3,1,2,296,50,1,CONDEMN,2,accuse,1,599,other,rel,rel,1,-0.264949,100,599,599,-0.222717,-0.199096
List3Session1,3,1,2,297,50,1,PARSLEY,4,party,1,719,other,un,rel,1,0.571953,100,719,719,0.70738,0.787064
List3Session1,3,1,2,298,50,1,REVIVAL,4,subject,1,481,other,un,un,1,-1.087903,100,481,481,-1.137313,-1.16882
List3Session1,3,1,2,299,50,1,FLIPPER,3,flirt,1,588,first,un,un,1,-0.209123,98,588,588,-0.088581,-0.051116
List3Session1,3,1,2,300,50,2,CAPTION,1,pridate,1,692,nw,nw,un,1,-0.201681,191,692,692,-0.143322,-0.109445
List3Session1,3,1,2,301,50,2,CRAVE,2,gio,1,457,nw,nw,nw,1,-1.294178,191,457,457,-1.664276,-1.776621
List3Session1,3,1,2,302,50,1,ADD,3,lion,1,582,first,un,nw,1,-0.245492,98,582,582,-0.140353,-0.107373
List3Session1,3,1,2,303,50,2,SEVEN,4,dartner,1,542,nw,nw,un,1,-0.899019,191,542,542,-1.114144,-1.1736
List3Session1,3,1,2,304,50,1,TOENAIL,1,clipper,1,487,first,rel,nw,1,-0.821337,98,487,487,-0.960075,-0.998116
List3Session1,3,1,2,305,50,1,PRINCESS,3,pledge,1,675,first,un,rel,1,0.31823,98,675,675,0.662111,0.764617
List3Session1,3,1,2,306,50,2,AGREE,1,aumo,1,534,nw,nw,un,1,-0.936211,191,534,534,-1.165921,-1.230355
List3Session1,3,1,2,307,50,1,FROSTED,3,crowd,1,591,first,un,nw,1,-0.190938,98,591,591,-0.062695,-0.022987
List3Session1,3,1,2,308,50,1,COYOTE,1,wolf,1,486,first,rel,un,1,-0.827399,98,486,486,-0.968704,-1.007492
List3Session1,3,1,2,309,50,2,CONCLUSION,1,slamp,1,1155,nw,nw,rel,1,1.950771,191,1155,1155,2.853282,3.175247
List3Session1,3,1,2,310,50,1,TEARS,4,woman,1,451,other,un,nw,1,-1.297128,100,451,451,-1.369838,-1.41536
List3Session1,3,1,2,311,50,1,BEHAVIOR,4,bravery,1,832,other,un,un,1,1.360035,100,832,832,1.583222,1.715699
List3Session1,3,1,2,312,50,2,OUTGOING,2,pircle,1,622,nw,nw,un,1,-0.527105,191,622,622,-0.596372,-0.606051
List3Session1,3,1,2,313,50,1,PROMISE,1,broken,1,437,first,rel,nw,1,-1.124414,98,437,437,-1.391507,-1.466928
List3Session1,3,1,2,314,50,2,MAT,4,bulterfry,1,818,nw,nw,rel,1,0.384084,191,818,818,0.672169,0.784445
List3Session1,3,1,2,315,50,1,APPENDAGE,4,leg,1,544,other,un,nw,1,-0.648529,100,544,544,-0.649012,-0.651086
List3Session1,3,1,2,316,50,2,SHRINE,1,traduation,1,938,nw,nw,un,1,0.941955,191,938,938,1.448826,1.635769
List3Session1,3,1,2,317,50,2,SAILOR,4,liget,1,643,nw,nw,nw,1,-0.429478,191,643,643,-0.460457,-0.457069
List3Session1,3,1,2,318,50,1,LAGOON,2,swamp,1,1065,other,rel,nw,1,2.985019,100,#NULL!,1065,#NULL!,3.389162
List3Session1,3,1,2,319,50,2,WALKWAY,2,trilk,1,637,nw,nw,rel,1,-0.457371,191,637,637,-0.49929,-0.499635
List3Session1,3,1,2,320,50,1,SQUAD,1,police,1,451,first,rel,nw,1,-1.039552,98,451,451,-1.270706,-1.33566
List3Session1,3,1,2,321,50,1,COTTON,2,wool,1,528,other,rel,rel,1,-0.760116,100,528,528,-0.773025,-0.782574
List3Session1,3,1,2,322,50,1,REPRODUCE,3,face,1,587,first,un,rel,1,-0.215184,98,587,587,-0.09721,-0.060492
List3Session1,3,1,2,323,50,1,FEET,3,fake,1,786,first,un,un,1,0.99106,98,786,786,1.619891,1.80538
List3Session1,3,1,2,324,50,2,INSTANT,4,shomping,1,627,nw,nw,un,1,-0.503861,191,627,627,-0.564011,-0.570579
List3Session1,3,1,2,325,50,1,CROCODILE,1,alligator,1,536,first,rel,nw,1,-0.524322,98,536,536,-0.537271,-0.53868
List3Session1,3,1,2,326,50,1,URGE,4,bible,1,593,other,un,rel,1,-0.306794,100,593,593,-0.269222,-0.248404
List3Session1,3,1,2,327,50,2,PREFER,2,stopach,1,696,nw,nw,un,1,-0.183085,191,696,696,-0.117433,-0.081068
List3Session1,3,1,2,328,50,1,TRUNK,2,storage,1,509,other,rel,nw,1,-0.892625,100,509,509,-0.920291,-0.938716
List3Session1,3,1,2,329,50,1,ATHLETIC,3,movie,1,823,first,un,rel,1,1.215337,98,823,823,1.939151,2.1523
List3Session1,3,1,2,330,50,2,SUNNY,1,pinket,1,630,nw,nw,un,1,-0.489914,191,630,630,-0.544595,-0.549296
List3Session1,3,1,2,331,50,1,WILDERNESS,3,prejudice,1,924,first,un,nw,1,1.827551,98,924,924,2.810645,3.099301
List3Session1,3,1,2,332,50,2,FORGET,2,nus,1,582,nw,nw,un,1,-0.713062,191,582,582,-0.855258,-0.889825
List3Session1,3,1,2,333,50,1,SUBTLE,1,hint,1,607,first,rel,nw,1,-0.093954,98,607,607,0.075363,0.127033
List3Session1,3,1,2,334,50,2,RUNNER,3,apright,0,773,nw,nw,rel,0,#NULL!,#NULL!,#NULL!,#NULL!,#NULL!,#NULL!
List3Session1,3,1,2,335,50,2,MINT,4,fom,1,565,nw,nw,nw,1,-0.792094,191,565,565,-0.965284,-1.01043
List3Session1,3,1,2,336,50,1,COLT,2,gun,1,573,other,rel,nw,1,-0.446278,100,573,573,-0.424238,-0.412764
List3Session1,3,1,2,337,50,1,STANDARD,3,anger,1,565,first,un,rel,1,-0.348538,98,565,565,-0.28704,-0.266769
List3Session1,3,1,2,338,50,1,CUPBOARD,4,pull,1,558,other,un,un,1,-0.550891,100,558,558,-0.540501,-0.536034
List3Session1,3,1,2,339,50,1,BLINDS,2,curtains,1,615,other,rel,un,1,-0.153362,100,615,615,-0.098704,-0.067608
List3Session1,3,1,2,340,50,2,QUART,4,plun,1,910,nw,nw,rel,1,0.811785,191,910,910,1.267606,1.437127
List3Session1,3,1,2,341,50,1,SEASHORE,1,shell,1,554,first,rel,nw,1,-0.415215,98,554,554,-0.381955,-0.369908
List3Session1,3,1,2,342,50,2,RAM,4,lomster,1,738,nw,nw,rel,1,0.01217,191,738,738,0.154397,0.216896
List3Session1,3,1,2,343,50,2,VERSE,3,droblem,1,532,nw,nw,nw,1,-0.945508,191,532,532,-1.178865,-1.244544
List3Session1,3,1,2,344,50,2,TOAD,1,pleaner,1,654,nw,nw,nw,1,-0.37834,191,654,654,-0.389263,-0.379031
List3Session1,3,1,2,345,50,2,KIDNAP,2,bloof,0,515,nw,nw,nw,0,#NULL!,#NULL!,#NULL!,#NULL!,#NULL!,#NULL!
List3Session1,3,1,2,346,50,2,STADIUM,2,murse,1,781,nw,nw,nw,1,0.212074,191,781,781,0.432699,0.521954
List3Session1,3,1,2,347,50,2,HUNG,4,knibe,1,733,nw,nw,nw,1,-0.011075,191,733,733,0.122036,0.181424
List3Session1,3,1,2,348,50,2,CORK,2,peometry,1,687,nw,nw,nw,1,-0.224925,191,687,687,-0.175682,-0.144917
List3Session1,3,1,2,349,50,2,UNAWARE,3,jea,1,707,nw,nw,nw,1,-0.131947,191,707,707,-0.04624,-0.003029
List3Session1,3,1,2,350,50,2,BOWL,2,kose,1,663,nw,nw,nw,1,-0.336499,191,663,663,-0.331014,-0.315182
List3Session1,3,1,2,351,50,2,OPPORTUNITY,3,nall,1,844,nw,nw,nw,1,0.504956,191,844,844,0.840444,0.968899
List3Session1,3,1,2,352,50,1,NOMAD,2,homeless,1,889,other,rel,nw,1,1.757563,100,889,889,2.025019,2.184125
List3Session1,3,1,2,353,50,1,HATCH,4,ticket,1,724,other,un,rel,1,0.606824,100,724,724,0.746135,0.828154
List3Session1,3,1,2,354,50,2,MAIN,4,danler,1,886,nw,nw,un,1,0.700211,191,886,886,1.112275,1.266862
List3Session1,3,1,2,355,50,2,DELIGHT,3,dold,1,546,nw,nw,nw,1,-0.880424,191,546,546,-1.088255,-1.145223
List3Session1,3,1,2,356,50,2,DISPERSE,1,ebaphamt,1,764,nw,nw,nw,1,0.133042,191,764,764,0.322673,0.401349
List3Session1,3,1,2,357,50,1,DISCOMFORT,4,klutz,0,574,other,un,nw,0,#NULL!,#NULL!,#NULL!,#NULL!,#NULL!,#NULL!
List3Session1,3,1,2,358,50,2,DAMN,1,priminal,0,1142,nw,nw,un,0,#NULL!,#NULL!,#NULL!,#NULL!,#NULL!,#NULL!
List3Session1,3,1,2,359,50,2,RETURN,2,jitch,1,535,nw,nw,nw,1,-0.931562,191,535,535,-1.159449,-1.223261
List3Session1,3,1,2,360,50,1,ACCOMPLISHED,1,finished,1,577,first,rel,nw,1,-0.2758,98,577,577,-0.183496,-0.154254
List3Session1,3,1,2,361,50,2,CONTENT,2,enping,1,553,nw,nw,rel,1,-0.847881,191,553,553,-1.04295,-1.095562
List3Session1,3,1,2,362,50,1,HEAD,2,ache,0,530,other,rel,nw,0,#NULL!,#NULL!,#NULL!,#NULL!,#NULL!,#NULL!
List3Session1,3,1,2,363,50,1,AGAIN,1,repeat,1,522,first,rel,rel,1,-0.609184,98,522,522,-0.658072,-0.669947
List3Session1,3,1,2,364,50,1,GLOVES,3,monster,1,581,first,un,rel,1,-0.251553,98,581,581,-0.148982,-0.116749
List3Session1,3,1,2,365,50,1,CATASTROPHE,2,tornado,1,621,other,rel,un,1,-0.111517,100,621,621,-0.052199,-0.0183
List3Session1,3,1,2,366,50,1,MUTTON,1,lamb,1,563,first,rel,rel,1,-0.360661,98,563,563,-0.304298,-0.285522
List3Session1,3,1,2,367,50,1,TYPHOON,3,ship,1,556,first,un,rel,1,-0.403092,98,556,556,-0.364698,-0.351155
List3Session1,3,1,2,368,50,1,ANTLERS,1,deer,1,485,first,rel,un,1,-0.83346,98,485,485,-0.977332,-1.016868
List3Session1,3,1,2,369,50,1,TOP,2,cover,1,544,other,rel,rel,1,-0.648529,100,544,544,-0.649012,-0.651086
List3Session1,3,1,2,370,50,2,TORCH,3,geutron,1,826,nw,nw,rel,1,0.421275,191,826,826,0.723946,0.8412
List3Session1,3,1,2,371,50,2,PATIENT,2,lonk,1,712,nw,nw,nw,1,-0.108702,191,712,712,-0.013879,0.032442
List3Session1,3,1,2,372,50,2,PHYSICS,4,cimy,1,794,nw,nw,nw,1,0.27251,191,794,794,0.516837,0.614181
List3Session1,3,1,2,373,50,1,PUNCTUATION,3,kitchen,1,618,first,un,nw,1,-0.027277,98,618,618,0.170278,0.230172
List3Session1,3,1,2,374,50,1,TRANSPORTATIO,4,train,1,783,other,un,un,1,1.0183,100,783,783,1.203433,1.313017
List3Session1,3,1,2,375,50,1,THINK,4,bucket,1,607,other,un,un,1,-0.209156,100,607,607,-0.160711,-0.133352
List3Session1,3,1,2,376,50,1,REPUBLICAN,2,conservativ,1,646,other,rel,un,1,0.062837,100,646,646,0.141571,0.18715
List3Session1,3,1,2,377,50,2,VINE,2,zaugh,1,571,nw,nw,rel,1,-0.7642,191,571,571,-0.926451,-0.967864
List3Session1,3,1,2,378,50,2,JOG,3,rog,1,692,nw,nw,nw,1,-0.201681,191,692,692,-0.143322,-0.109445
List3Session1,3,1,2,379,50,1,FLAP,4,maybe,1,584,other,un,nw,1,-0.369562,100,584,584,-0.338979,-0.322366
List3Session1,3,1,2,380,50,2,GULP,1,throp,1,767,nw,nw,un,1,0.146989,191,767,767,0.342089,0.422633
List3Session1,3,1,2,381,50,2,KNIGHT,3,shoeb,1,671,nw,nw,nw,1,-0.299308,191,671,671,-0.279237,-0.258427
List3Session1,3,1,2,382,50,1,CODE,4,politics,1,963,other,un,nw,1,2.273653,100,963,963,2.598579,2.792257
List3Session1,3,1,2,383,50,1,TRAUMA,1,shock,1,523,first,rel,un,1,-0.603122,98,523,523,-0.649444,-0.660571
List3Session1,3,1,2,384,50,2,OTTER,2,towem,1,581,nw,nw,rel,1,-0.717711,191,581,581,-0.86173,-0.89692
List3Session1,3,1,2,385,50,1,GEORGE,1,washington,1,509,first,rel,nw,1,-0.687984,98,509,509,-0.770245,-0.791838
List3Session1,3,1,2,386,50,1,CLOSING,1,opening,1,664,first,rel,rel,1,0.251553,98,664,664,0.567196,0.661479
List3Session1,3,1,2,387,50,1,ADMIT,3,remember,1,637,first,un,rel,1,0.087892,98,637,637,0.334222,0.40832
List3Session1,3,1,2,388,50,1,GENTLE,4,vein,1,914,other,un,un,1,1.931918,100,914,914,2.218789,2.389575
List3Session1,3,1,2,389,50,2,COCOON,1,skack,1,733,nw,nw,un,1,-0.011075,191,733,733,0.122036,0.181424
List3Session1,3,1,2,390,50,2,FLOUR,4,quiat,1,591,nw,nw,nw,1,-0.671222,191,591,591,-0.797008,-0.825976
List3Session1,3,1,2,391,50,1,VANILLA,4,check,1,646,other,un,nw,1,0.062837,100,646,646,0.141571,0.18715
List3Session1,3,1,2,392,50,1,YARN,2,weave,1,460,other,rel,un,1,-1.23436,100,460,460,-1.30008,-1.341398
List3Session1,3,1,2,393,50,1,ENGLISH,2,writing,1,504,other,rel,rel,1,-0.927496,100,504,504,-0.959045,-0.979806
List3Session1,3,1,2,394,50,2,HYDROGEN,1,nefs,1,644,nw,nw,rel,1,-0.424829,191,644,644,-0.453985,-0.449975
List3Session1,3,1,2,395,50,2,MISS,1,bights,0,521,nw,nw,nw,0,#NULL!,#NULL!,#NULL!,#NULL!,#NULL!,#NULL!
List3Session1,3,1,2,396,50,2,SPREE,1,apter,1,627,nw,nw,nw,1,-0.503861,191,627,627,-0.564011,-0.570579
List3Session1,3,1,2,397,50,2,TREE,3,blick,0,1145,nw,nw,nw,0,#NULL!,#NULL!,#NULL!,#NULL!,#NULL!,#NULL!
List3Session1,3,1,2,398,50,1,GANG,1,group,1,555,first,rel,nw,1,-0.409153,98,555,555,-0.373327,-0.360531
List3Session1,3,1,2,399,50,2,MEDIOCRE,2,smeak,1,1012,nw,nw,rel,1,1.285975,191,1012,1012,1.927765,2.160753
List3Session1,3,1,2,400,50,2,BALLOON,4,dok,1,588,nw,nw,nw,1,-0.685169,191,588,588,-0.816425,-0.847259
List3Session1,3,1,2,401,50,1,WASTE,2,basket,1,660,other,rel,nw,1,0.160476,100,660,660,0.250082,0.302202
List3Session1,3,1,2,402,50,2,ORE,3,vay,1,601,nw,nw,rel,1,-0.624733,191,601,601,-0.732287,-0.755032
List3Session1,3,1,2,403,50,1,BLOUSE,3,hair,1,688,first,un,nw,1,0.39703,98,688,688,0.774284,0.886508
List3Session1,3,1,2,404,50,2,CONVENT,1,pake,1,611,nw,nw,un,1,-0.578243,191,611,611,-0.667566,-0.684089
List3Session1,3,1,2,405,50,2,CRAWL,4,meacher,1,651,nw,nw,nw,1,-0.392286,191,651,651,-0.40868,-0.400314
List3Session1,3,1,2,406,50,2,GUARD,4,memal,1,576,nw,nw,nw,1,-0.740956,191,576,576,-0.894091,-0.932392
List3Session1,3,1,2,407,50,1,DELICATE,1,fragile,1,680,first,rel,nw,1,0.348538,98,680,680,0.705254,0.811498
List3Session1,3,1,2,408,50,1,DECEIT,4,spit,1,1068,other,un,rel,1,3.005942,100,#NULL!,#NULL!,#NULL!,#NULL!
List3Session1,3,1,2,409,50,2,EARRING,4,tuddle,1,527,nw,nw,un,1,-0.968753,191,527,527,-1.211226,-1.280016
List3Session1,3,1,2,410,50,1,UNSEEN,1,hidden,1,537,first,rel,nw,1,-0.518261,98,537,537,-0.528642,-0.529304
List3Session1,3,1,2,411,50,2,SNEAKY,3,pice,1,690,nw,nw,rel,1,-0.210978,191,690,690,-0.156266,-0.123634
List3Session1,3,1,2,412,50,2,COACH,3,bip,1,582,nw,nw,nw,1,-0.713062,191,582,582,-0.855258,-0.889825
List3Session1,3,1,2,413,50,2,SOLUTION,1,dinide,1,591,nw,nw,nw,1,-0.671222,191,591,591,-0.797008,-0.825976
List3Session1,3,1,2,414,50,2,PROPERTY,4,neam,1,582,nw,nw,nw,1,-0.713062,191,582,582,-0.855258,-0.889825
List3Session1,3,1,2,415,50,1,CUSHION,1,couch,1,542,first,rel,nw,1,-0.487953,98,542,542,-0.485499,-0.482423
List3Session1,3,1,2,416,1050,1,REEL,2,film,1,541,other,rel,rel,1,-0.359284,101,541,541,-0.48229,-0.48229
List3Session1,3,1,2,417,1050,2,SONG,1,hewish,1,559,nw,nw,rel,1,-0.725528,198,559,559,-0.787597,-0.816877
List3Session1,3,1,2,418,1050,1,HANDKERCHIEF,4,saw,1,639,other,un,nw,1,0.090981,101,639,639,0.422424,0.422424
List3Session1,3,1,2,419,1050,2,ASTROLOGY,4,epst,1,604,nw,nw,un,1,-0.472506,198,604,604,-0.478075,-0.46351
List3Session1,3,1,2,420,1050,1,GIRL,1,boy,1,411,first,rel,nw,1,-0.847861,100,411,411,-1.350478,-1.350478
List3Session1,3,1,2,421,1050,1,CONCEPT,4,puzzle,1,579,other,un,rel,1,-0.184691,101,579,579,-0.131483,-0.131483
List3Session1,3,1,2,422,1050,1,LAPEL,1,collar,1,691,first,rel,un,1,0.306364,100,691,691,0.770708,0.770708
List3Session1,3,1,2,423,1050,2,BROOM,4,jeak,1,830,nw,nw,rel,1,0.798226,198,830,830,1.076414,1.311178
List3Session1,3,1,2,424,1050,1,TRADE,4,action,1,532,other,un,nw,1,-0.400635,101,532,532,-0.565376,-0.565376
List3Session1,3,1,2,425,1050,1,REFRIGERATOR,4,meeting,1,551,other,un,un,1,-0.313338,101,551,551,-0.389973,-0.389973
List3Session1,3,1,2,426,1050,1,MALT,3,stupid,1,471,first,un,un,1,-0.600527,100,471,471,-0.895938,-0.895938
List3Session1,3,1,2,427,1050,1,EFFECT,1,cause,1,571,first,rel,un,1,-0.188304,100,571,571,-0.138372,-0.138372
List3Session1,3,1,2,428,1050,2,KNOT,4,tox,1,651,nw,nw,rel,1,-0.208239,198,651,651,-0.154797,-0.094438
List3Session1,3,1,2,429,1050,2,ATTACK,4,faln,1,616,nw,nw,nw,1,-0.405034,198,616,616,-0.395536,-0.369279
List3Session1,3,1,2,430,1050,2,CARELESS,2,nar,1,646,nw,nw,nw,1,-0.236353,198,646,646,-0.189188,-0.133701
List3Session1,3,1,2,431,1050,2,HONESTY,2,degs,1,564,nw,nw,nw,1,-0.697415,198,564,564,-0.753206,-0.777614
List3Session1,3,1,2,432,1050,1,LUNG,2,cancer,1,421,other,rel,nw,1,-0.910629,101,421,421,-1.590103,-1.590103
List3Session1,3,1,2,433,1050,1,SAFARI,3,behind,1,667,first,un,rel,1,0.207431,100,667,667,0.588892,0.588892
List3Session1,3,1,2,434,1050,2,FEEBLE,2,canly,1,710,nw,nw,un,1,0.123501,198,710,710,0.251021,0.368866
List3Session1,3,1,2,435,1050,1,PORCELAIN,3,start,1,529,first,un,nw,1,-0.361437,100,529,529,-0.45655,-0.45655
List3Session1,3,1,2,436,1050,1,FACTOR,4,dictionary,1,596,other,un,un,1,-0.106584,101,596,596,0.025457,0.025457
List3Session1,3,1,2,437,1050,1,NYLON,1,hose,1,499,first,rel,un,1,-0.485105,100,499,499,-0.68382,-0.68382
List3Session1,3,1,2,438,1050,2,DECOMPOSE,4,pelephine,0,870,nw,nw,rel,0,#NULL!,#NULL!,#NULL!,#NULL!,#NULL!,#NULL!
List3Session1,3,1,2,439,1050,1,DEPENDENT,3,ocean,1,683,first,un,nw,1,0.273387,100,683,683,0.710103,0.710103
List3Session1,3,1,2,440,1050,2,INTENT,1,nusy,1,711,nw,nw,un,1,0.129124,198,711,711,0.2579,0.376718
List3Session1,3,1,2,441,1050,1,GROW,3,few,1,577,first,un,nw,1,-0.16357,100,577,577,-0.092918,-0.092918
List3Session1,3,1,2,442,1050,2,DESCENT,2,meck,1,593,nw,nw,un,1,-0.534356,198,593,593,-0.553736,-0.549889
List3Session1,3,1,2,443,1050,2,BELLY,2,shome,1,656,nw,nw,nw,1,-0.180125,198,656,656,-0.120405,-0.055175
List3Session1,3,1,2,444,1050,1,ELECTRICIAN,3,similar,1,590,first,un,nw,1,-0.109981,100,590,590,0.005566,0.005566
List3Session1,3,1,2,445,1050,2,SWEET,1,gards,1,637,nw,nw,un,1,-0.286957,198,637,637,-0.251092,-0.204374
List3Session1,3,1,2,446,1050,1,HE,1,she,1,556,first,rel,nw,1,-0.250137,100,556,556,-0.252007,-0.252007
List3Session1,3,1,2,447,1050,1,FUNGUS,2,growth,1,620,other,rel,rel,1,0.003685,101,620,620,0.24702,0.24702
List3Session1,3,1,2,448,1050,1,ALWAYS,1,forever,1,475,first,rel,rel,1,-0.584038,100,475,475,-0.865636,-0.865636
List3Session1,3,1,2,449,1050,1,ENDLESS,2,class,1,686,other,rel,rel,1,0.306924,101,686,686,0.856317,0.856317
List3Session1,3,1,2,450,1050,1,STUMBLE,2,trip,1,522,other,rel,rel,1,-0.44658,101,522,522,-0.657694,-0.657694
List3Session1,3,1,2,451,1050,1,SALESMAN,4,tent,1,571,other,un,rel,1,-0.221448,101,571,571,-0.205337,-0.205337
List3Session1,3,1,2,452,1050,1,NAME,2,title,1,540,other,rel,un,1,-0.363878,101,540,540,-0.491522,-0.491522
List3Session1,3,1,2,453,1050,1,OFFICER,2,navy,1,702,other,rel,rel,1,0.380437,101,702,702,1.004026,1.004026
List3Session1,3,1,2,454,1050,1,TOES,4,squirrel,1,696,other,un,rel,1,0.35287,101,696,696,0.948635,0.948635
List3Session1,3,1,2,455,1050,1,ENTERTAIN,1,amuse,1,820,first,rel,un,1,0.838133,100,820,820,1.747969,1.747969
List3Session1,3,1,2,456,1050,1,CRANE,2,constructio,1,649,other,rel,rel,1,0.136926,101,649,649,0.514741,0.514741
List3Session1,3,1,2,457,1050,2,SYMPATHY,1,abtempt,1,806,nw,nw,rel,1,0.663281,198,806,806,0.911335,1.122715
List3Session1,3,1,2,458,1050,2,DISCOVERY,1,poss,1,973,nw,nw,nw,1,1.602273,198,973,973,2.060006,2.434099
List3Session1,3,1,2,459,1050,1,MIST,3,normal,1,733,first,un,nw,1,0.479498,100,733,733,1.088886,1.088886
List3Session1,3,1,2,460,1050,1,THROAT,2,cough,1,535,other,rel,un,1,-0.386851,101,535,535,-0.537681,-0.537681
List3Session1,3,1,2,461,1050,1,SODA,2,pepsi,1,680,other,rel,rel,1,0.279357,101,680,680,0.800926,0.800926
List3Session1,3,1,2,462,1050,2,HURRY,4,dentroy,1,820,nw,nw,rel,1,0.741999,198,820,820,1.007631,1.232652
List3Session1,3,1,2,463,1050,1,MUSIC,4,willing,1,683,other,un,nw,1,0.293141,101,683,683,0.828622,0.828622
List3Session1,3,1,2,464,1050,2,ROBE,3,dountry,1,582,nw,nw,un,1,-0.596206,198,582,582,-0.629397,-0.636267
List3Session1,3,1,2,465,1050,2,SUCCESS,1,arnow,1,678,nw,nw,nw,1,-0.056426,198,678,678,0.030917,0.117582
List3Session1,3,1,2,466,1050,1,ATHLETE,4,dress,1,594,other,un,nw,1,-0.115773,101,594,594,0.006994,0.006994
List3Session1,3,1,2,467,1050,2,COUSIN,4,shorf,1,611,nw,nw,un,1,-0.433147,198,611,611,-0.429927,-0.408542
List3Session1,3,1,2,468,1050,1,FLAT,1,tire,1,433,first,rel,nw,1,-0.757172,100,433,433,-1.183814,-1.183814
List3Session1,3,1,2,469,1050,2,BEING,1,soud,1,712,nw,nw,rel,1,0.134746,198,712,712,0.264778,0.384571
List3Session1,3,1,2,470,1050,2,UNSURE,4,sint,1,530,nw,nw,nw,1,-0.888587,198,530,530,-0.987067,-1.044602
List3Session1,3,1,2,471,1050,2,DRIVE,2,purnose,1,629,nw,nw,nw,1,-0.331939,198,629,629,-0.306118,-0.267195
List3Session1,3,1,2,472,1050,1,TENSE,2,situation,1,546,other,rel,nw,1,-0.336311,101,546,546,-0.436131,-0.436131
List3Session1,3,1,2,473,1050,1,INTERESTING,4,obsession,1,708,other,un,rel,1,0.408004,101,708,708,1.059416,1.059416
List3Session1,3,1,2,474,1050,2,HOUSE,4,pabinet,1,543,nw,nw,un,1,-0.815492,198,543,543,-0.89765,-0.942519
List3Session1,3,1,2,475,1050,1,CELLO,4,lot,1,592,other,un,nw,1,-0.124962,101,592,592,-0.01147,-0.01147
List3Session1,3,1,2,476,1050,2,BELIEVE,1,hin,1,639,nw,nw,un,1,-0.275711,198,639,639,-0.237336,-0.188669
List3Session1,3,1,2,477,1050,1,FOUR,3,actress,1,734,first,un,nw,1,0.483621,100,734,734,1.096462,1.096462
List3Session1,3,1,2,478,1050,2,BOX,2,halponeen,1,631,nw,nw,un,1,-0.320693,198,631,631,-0.292362,-0.25149
List3Session1,3,1,2,479,1050,2,IMMEDIATE,2,rame,1,741,nw,nw,nw,1,0.297805,198,741,741,0.464248,0.612296
List3Session1,3,1,2,480,1050,2,SWIFT,4,dello,1,590,nw,nw,nw,1,-0.551224,198,590,590,-0.574371,-0.573446
List3Session1,3,1,2,481,1050,1,SUCK,4,three,1,429,other,un,nw,1,-0.873872,101,429,429,-1.516249,-1.516249
List3Session1,3,1,2,482,1050,1,PRAISE,2,glory,1,515,other,rel,un,1,-0.478742,101,515,515,-0.722316,-0.722316
List3Session1,3,1,2,483,1050,1,DAWN,1,dusk,1,502,first,rel,rel,1,-0.472738,100,502,502,-0.661093,-0.661093
List3Session1,3,1,2,484,1050,2,SCRAMBLED,2,peuron,1,552,nw,nw,rel,1,-0.764887,198,552,552,-0.835745,-0.871845
List3Session1,3,1,2,485,1050,1,FORTUNE,2,poor,1,586,other,rel,nw,1,-0.15253,101,586,586,-0.06686,-0.06686
List3Session1,3,1,2,486,1050,1,SQUID,3,stream,1,537,first,un,rel,1,-0.32846,100,537,537,-0.395944,-0.395944
List3Session1,3,1,2,487,1050,2,WHOM,3,veach,1,539,nw,nw,un,1,-0.837982,198,539,539,-0.925163,-0.973929
List3Session1,3,1,2,488,1050,1,DEMON,1,devil,1,443,first,rel,nw,1,-0.71595,100,443,443,-1.108057,-1.108057
List3Session1,3,1,2,489,1050,1,CEILING,4,red,1,704,other,un,rel,1,0.389626,101,704,704,1.022489,1.022489
List3Session1,3,1,2,490,1050,1,TEASE,3,assistant,1,700,first,un,un,1,0.343465,100,700,700,0.838889,0.838889
List3Session1,3,1,2,491,1050,1,GAMBLE,4,stair,1,519,other,un,un,1,-0.460364,101,519,519,-0.685389,-0.685389
List3Session1,3,1,2,492,1050,2,APART,2,plut,1,616,nw,nw,un,1,-0.405034,198,616,616,-0.395536,-0.369279
List3Session1,3,1,2,493,1050,2,RICH,2,talad,1,583,nw,nw,nw,1,-0.590583,198,583,583,-0.622519,-0.628415
List3Session1,3,1,2,494,1050,2,CRAB,3,nush,1,743,nw,nw,nw,1,0.30905,198,743,743,0.478004,0.628001
List3Session1,3,1,2,495,1050,2,DIAGRAM,2,scaved,1,592,nw,nw,nw,1,-0.539979,198,592,592,-0.560614,-0.557741
List3Session1,3,1,2,496,1050,2,AMERICAN,3,im,1,591,nw,nw,nw,1,-0.545602,198,591,591,-0.567493,-0.565594
List3Session1,3,1,2,497,1050,2,CHAIR,3,rumb,1,591,nw,nw,nw,1,-0.545602,198,591,591,-0.567493,-0.565594
List3Session1,3,1,2,498,1050,2,NEW,2,meap,1,590,nw,nw,nw,1,-0.551224,198,590,590,-0.574371,-0.573446
List3Session1,3,1,2,499,1050,2,GUILT,2,depide,1,701,nw,nw,nw,1,0.072896,198,701,701,0.189117,0.298192
List3Session1,3,1,2,500,1050,1,CHUNK,1,piece,1,585,first,rel,nw,1,-0.130592,100,585,585,-0.032313,-0.032313
List3Session1,3,1,2,501,1050,1,GORGEOUS,3,phone,1,451,first,un,rel,1,-0.682972,100,451,451,-1.047452,-1.047452
List3Session1,3,1,2,502,1050,1,BURGLAR,2,robbery,1,441,other,rel,un,1,-0.818738,101,441,441,-1.405468,-1.405468
List3Session1,3,1,2,503,1050,2,HELPER,3,cheam,1,526,nw,nw,rel,1,-0.911078,198,526,526,-1.01458,-1.076013
List3Session1,3,1,2,504,1050,1,DAGGER,4,perfect,1,560,other,un,nw,1,-0.271988,101,560,560,-0.306887,-0.306887
List3Session1,3,1,2,505,1050,2,MASK,3,wime,1,641,nw,nw,un,1,-0.264466,198,641,641,-0.223579,-0.172964
List3Session1,3,1,2,506,1050,2,MALE,4,jote,1,766,nw,nw,nw,1,0.438372,198,766,766,0.636204,0.808611
List3Session1,3,1,2,507,1050,1,DENY,2,refuse,1,566,other,rel,nw,1,-0.24442,101,566,566,-0.251496,-0.251496
List3Session1,3,1,2,508,1050,2,VIOLET,3,drais,1,518,nw,nw,rel,1,-0.956059,198,518,518,-1.069606,-1.138834
List3Session1,3,1,2,509,1050,1,TORTURE,4,angry,1,569,other,un,nw,1,-0.230637,101,569,569,-0.223801,-0.223801
List3Session1,3,1,2,510,1050,1,SAVE,3,confess,1,889,first,un,un,1,1.122567,100,889,889,2.27069,2.27069
List3Session1,3,1,2,511,1050,2,RUG,3,saft,1,589,nw,nw,un,1,-0.556847,198,589,589,-0.581249,-0.581299
List3Session1,3,1,2,512,1050,2,COLLEGE,1,apimal,1,542,nw,nw,nw,1,-0.821114,198,542,542,-0.904528,-0.950371
List3Session1,3,1,2,513,1050,1,POPULATION,4,sword,1,687,other,un,nw,1,0.311519,101,687,687,0.865549,0.865549
List3Session1,3,1,2,514,1050,1,READY,4,thirsty,1,586,other,un,un,1,-0.15253,101,586,586,-0.06686,-0.06686
List3Session1,3,1,2,515,1050,2,OFFICE,3,twe,1,522,nw,nw,un,1,-0.933568,198,522,522,-1.042093,-1.107423
List3Session1,3,1,2,516,1050,1,IDENTICAL,4,borrow,1,523,other,un,nw,1,-0.441986,101,523,523,-0.648462,-0.648462
List3Session1,3,1,2,517,1050,1,RELIGIOUS,4,lost,1,525,other,un,un,1,-0.432797,101,525,525,-0.629999,-0.629999
List3Session1,3,1,2,518,1050,2,WEEKEND,3,ond,1,608,nw,nw,un,1,-0.450015,198,608,608,-0.450562,-0.4321
List3Session1,3,1,2,519,1050,1,ASSAULT,3,example,1,590,first,un,nw,1,-0.109981,100,590,590,0.005566,0.005566
List3Session1,3,1,2,520,1050,2,CONSTRUCT,2,mirtue,1,606,nw,nw,un,1,-0.461261,198,606,606,-0.464319,-0.447805
List3Session1,3,1,2,521,1050,1,GANGSTER,3,forest,1,653,first,un,nw,1,0.14972,100,653,653,0.482833,0.482833
List3Session1,3,1,2,522,1050,2,UMBRELLA,1,duman,1,568,nw,nw,un,1,-0.674924,198,568,568,-0.725693,-0.746204
List3Session1,3,1,2,523,1050,1,OFFENSE,3,pill,1,1017,first,un,nw,1,1.650213,100,1017,1017,3.240375,3.240375
List3Session1,3,1,2,524,1050,2,TREND,3,fizza,1,599,nw,nw,un,1,-0.50062,198,599,599,-0.512467,-0.502773
List3Session1,3,1,2,525,1050,2,FOND,4,illebal,1,1062,nw,nw,nw,1,2.102694,198,1062,1062,2.672172,3.132981
List3Session1,3,1,2,526,1050,2,ACROBAT,4,annoming,1,1155,nw,nw,nw,1,2.625606,198,#NULL!,1155,#NULL!,3.311851
List3Session1,3,1,2,527,1050,1,PLAYING,2,kids,1,492,other,rel,nw,1,-0.584416,101,492,492,-0.934647,-0.934647
List3Session1,3,1,2,528,1050,1,MINK,2,fox,1,528,other,rel,rel,1,-0.419013,101,528,528,-0.602303,-0.602303
List3Session1,3,1,2,529,1050,2,BRACES,2,lemters,1,723,nw,nw,rel,1,0.196596,198,723,723,0.340439,0.470949
List3Session1,3,1,2,530,1050,2,WILL,4,waper,1,780,nw,nw,nw,1,0.51709,198,780,780,0.7325,0.918548
List3Session1,3,1,2,531,1050,2,GULLIBLE,3,steag,1,564,nw,nw,nw,1,-0.697415,198,564,564,-0.753206,-0.777614
List3Session1,3,1,2,532,1050,1,GENERAL,3,car,1,549,first,un,nw,1,-0.278993,100,549,549,-0.305036,-0.305036
List3Session1,3,1,2,533,1050,2,TERRIBLE,2,irritaming,1,807,nw,nw,un,1,0.668904,198,807,807,0.918214,1.130568
List3Session1,3,1,2,534,1050,1,CONVERSATION,4,leather,1,749,other,un,nw,1,0.59638,101,749,749,1.437919,1.437919
List3Session1,3,1,2,535,1050,2,WINNER,3,newpon,1,807,nw,nw,un,1,0.668904,198,807,807,0.918214,1.130568
List3Session1,3,1,2,536,1050,1,DINNER,3,beard,1,910,first,un,nw,1,1.209134,100,910,910,2.429779,2.429779
List3Session1,3,1,2,537,1050,1,CARDINAL,4,tail,1,512,other,un,un,1,-0.492526,101,512,512,-0.750012,-0.750012
List3Session1,3,1,2,538,1050,2,COAST,1,datch,1,995,nw,nw,un,1,1.725973,198,995,995,2.211328,2.606857
List3Session1,3,1,2,539,1050,2,STENCH,1,suffomate,1,674,nw,nw,nw,1,-0.078917,198,674,674,0.003404,0.086172
List3Session1,3,1,2,540,1050,1,TIGHT,1,loose,1,591,first,rel,nw,1,-0.105859,100,591,591,0.013141,0.013141
List3Session1,3,1,2,541,1050,1,NOTIFY,2,alert,1,463,other,rel,rel,1,-0.717658,101,463,463,-1.202369,-1.202369
List3Session1,3,1,2,542,1050,2,CORNBEEF,2,elegen,1,563,nw,nw,rel,1,-0.703037,198,563,563,-0.760084,-0.785467
List3Session1,3,1,2,543,1050,2,RESORT,4,teef,1,581,nw,nw,nw,1,-0.601829,198,581,581,-0.636275,-0.64412
List3Session1,3,1,2,544,1050,1,INTOXICATE,2,poison,1,533,other,rel,nw,1,-0.39604,101,533,533,-0.556145,-0.556145
List3Session1,3,1,2,545,1050,1,NOSE,4,drug,1,519,other,un,rel,1,-0.460364,101,519,519,-0.685389,-0.685389
List3Session1,3,1,2,546,1050,1,INTESTINE,3,violin,1,1048,first,un,un,1,1.778002,100,1048,1048,3.475221,3.475221
List3Session1,3,1,2,547,1050,2,DIGNITY,1,stringe,0,614,nw,nw,un,0,#NULL!,#NULL!,#NULL!,#NULL!,#NULL!,#NULL!
List3Session1,3,1,2,548,1050,2,HEADBAND,4,noom,1,597,nw,nw,nw,1,-0.511865,198,597,597,-0.526223,-0.518478
List3Session1,3,1,2,549,1050,1,SHOP,2,keeper,1,1573,other,rel,nw,1,4.382281,101,#NULL!,#NULL!,#NULL!,#NULL!
List3Session1,3,1,2,550,1050,2,JAW,1,plaf,1,477,nw,nw,rel,1,-1.18659,198,477,477,-1.351615,-1.46079
List3Session1,3,1,2,551,1050,1,NONSENSE,2,ridiculous,1,609,other,rel,nw,1,-0.046855,101,609,609,0.14547,0.14547
List3Session1,3,1,2,552,1050,1,VALENTINE,4,addition,1,686,other,un,rel,1,0.306924,101,686,686,0.856317,0.856317
List3Session1,3,1,2,553,1050,1,AIRPLANE,1,fly,1,458,first,rel,un,1,-0.654116,100,458,458,-0.994422,-0.994422
List3Session1,3,1,2,554,1050,2,EVEN,1,patcames,1,623,nw,nw,rel,1,-0.365675,198,623,623,-0.347388,-0.314311
List3Session1,3,1,2,555,1050,1,LABEL,1,tag,1,445,first,rel,nw,1,-0.707705,100,445,445,-1.092906,-1.092906
List3Session1,3,1,2,556,1050,2,PERCENT,1,toskital,1,643,nw,nw,rel,1,-0.253221,198,643,643,-0.209823,-0.157259
List3Session1,3,1,2,557,1050,2,ODDS,4,rast,1,624,nw,nw,nw,1,-0.360052,198,624,624,-0.34051,-0.306458
List3Session1,3,1,2,558,1050,2,ANALYSIS,4,balp,1,894,nw,nw,nw,1,1.158079,198,894,894,1.516623,1.813744
List3Session1,3,1,2,559,1050,2,DUCK,4,insape,1,498,nw,nw,nw,1,-1.068513,198,498,498,-1.207172,-1.295886
List3Session1,3,1,2,560,1050,1,BUFFALO,2,plain,1,565,other,rel,nw,1,-0.249015,101,565,565,-0.260728,-0.260728
List3Session1,3,1,2,561,1050,2,CANVASS,1,bap,1,581,nw,nw,rel,1,-0.601829,198,581,581,-0.636275,-0.64412
List3Session1,3,1,2,562,1050,2,SMOOTH,2,fob,1,613,nw,nw,nw,1,-0.421902,198,613,613,-0.416171,-0.392837
List3Session1,3,1,2,563,1050,2,WIT,1,turple,1,628,nw,nw,nw,1,-0.337561,198,628,628,-0.312997,-0.275048
List3Session1,3,1,2,564,1050,2,SAUCE,2,antiety,0,674,nw,nw,nw,0,#NULL!,#NULL!,#NULL!,#NULL!,#NULL!,#NULL!
List3Session1,3,1,2,565,1050,1,FATHER,1,mother,1,718,first,rel,nw,1,0.417665,100,718,718,0.975251,0.975251
List3Session1,3,1,2,566,1050,1,POLE,1,vault,1,616,first,rel,rel,1,-0.002803,100,616,616,0.202533,0.202533
List3Session1,3,1,2,567,1050,1,SORRY,1,apology,1,599,first,rel,rel,1,-0.072881,100,599,599,0.073747,0.073747
List3Session1,3,1,2,568,1050,1,POET,1,writer,1,438,first,rel,rel,1,-0.736561,100,438,438,-1.145935,-1.145935
List3Session1,3,1,2,569,1050,2,SALTINE,1,pash,1,507,nw,nw,rel,1,-1.017909,198,507,507,-1.145267,-1.225212
List3Session1,3,1,2,570,1050,2,SEEM,1,loofs,1,606,nw,nw,nw,1,-0.461261,198,606,606,-0.464319,-0.447805
List3Session1,3,1,2,571,1050,2,SHRUB,1,lantasy,1,845,nw,nw,nw,1,0.882566,198,845,845,1.179588,1.428967
List3Session1,3,1,2,572,1050,2,STEWARDESS,4,beptile,1,594,nw,nw,nw,1,-0.528733,198,594,594,-0.546858,-0.542036
List3Session1,3,1,2,573,1050,1,CUCUMBER,3,tea,1,610,first,un,nw,1,-0.027537,100,610,610,0.157079,0.157079
List3Session1,3,1,2,574,1050,2,SYSTEM,1,bidy,1,688,nw,nw,un,1,-0.000199,198,688,688,0.099699,0.196108
List3Session1,3,1,2,575,1050,2,LIVER,1,pigher,1,604,nw,nw,nw,1,-0.472506,198,604,604,-0.478075,-0.46351
List3Session1,3,1,2,576,1050,1,VARIETY,1,many,1,699,first,rel,nw,1,0.339342,100,699,699,0.831313,0.831313
List3Session1,3,1,2,577,1050,1,LUGGAGE,4,explode,1,1126,other,un,rel,1,2.328522,101,1126,1126,4.918298,4.918298
List3Session1,3,1,2,578,1050,1,MASSAGE,1,relax,1,561,first,rel,un,1,-0.229526,100,561,561,-0.214129,-0.214129
List3Session1,3,1,2,579,1050,2,NEEDLE,3,upple,1,529,nw,nw,rel,1,-0.894209,198,529,529,-0.993945,-1.052455
List3Session1,3,1,2,580,1050,2,COURAGEOUS,4,gound,0,532,nw,nw,nw,0,#NULL!,#NULL!,#NULL!,#NULL!,#NULL!,#NULL!
List3Session1,3,1,2,581,1050,1,DUNK,1,basketball,1,550,first,rel,nw,1,-0.274871,100,550,550,-0.297461,-0.297461
List3Session1,3,1,2,582,1050,2,INDEPENDENT,3,jaik,1,695,nw,nw,rel,1,0.03916,198,695,695,0.147847,0.251077
List3Session1,3,1,2,583,1050,1,NAP,1,sleep,1,467,first,rel,nw,1,-0.617016,100,467,467,-0.926241,-0.926241
List3Session1,3,1,2,584,1050,2,KNAPSACK,1,opion,1,902,nw,nw,rel,1,1.203061,198,902,902,1.571649,1.876565
List3Session1,3,1,2,585,1050,1,COMBINE,4,irregular,1,665,other,un,nw,1,0.210439,101,665,665,0.66245,0.66245
List3Session1,3,1,2,586,1050,2,CUB,3,speeg,1,582,nw,nw,un,1,-0.596206,198,582,582,-0.629397,-0.636267
List3Session1,3,1,2,587,1050,1,CHRIST,3,on,1,870,first,un,nw,1,1.044244,100,870,870,2.126752,2.126752
List3Session1,3,1,2,588,1050,2,ATTIC,2,janket,1,778,nw,nw,un,1,0.505845,198,778,778,0.718744,0.902842
List3Session1,3,1,2,589,1050,2,JUNIOR,4,mesys,1,818,nw,nw,nw,1,0.730753,198,818,818,0.993875,1.216946
List3Session1,3,1,2,590,1050,2,CONTRACTOR,3,prike,1,632,nw,nw,nw,1,-0.31507,198,632,632,-0.285484,-0.243637
List3Session1,3,1,2,591,1050,2,INSIDE,2,seck,1,582,nw,nw,nw,1,-0.596206,198,582,582,-0.629397,-0.636267
List3Session1,3,1,2,592,1050,2,STALL,2,pross,1,678,nw,nw,nw,1,-0.056426,198,678,678,0.030917,0.117582
List3Session1,3,1,2,593,1050,2,AFFAIR,1,inprease,1,626,nw,nw,nw,1,-0.348807,198,626,626,-0.326753,-0.290753
List3Session1,3,1,2,594,1050,1,FRIENDS,3,fad,0,561,first,un,nw,0,#NULL!,#NULL!,#NULL!,#NULL!,#NULL!,#NULL!
List3Session1,3,1,2,595,1050,2,CAPABILITY,1,sepret,1,1682,nw,nw,un,1,5.588773,198,#NULL!,#NULL!,#NULL!,#NULL!
List3Session1,3,1,2,596,1050,2,MAP,2,amility,1,662,nw,nw,nw,1,-0.146389,198,662,662,-0.079136,-0.008059
List3Session1,3,1,2,597,1050,2,OBNOXIOUS,2,comlent,1,724,nw,nw,nw,1,0.202219,198,724,724,0.347317,0.478802
List3Session1,3,1,2,598,1050,2,WHY,2,nuscle,1,605,nw,nw,nw,1,-0.466884,198,605,605,-0.471197,-0.455657
List3Session1,3,1,2,599,1050,2,CONDITIONER,3,wront,1,556,nw,nw,nw,1,-0.742396,198,556,556,-0.808232,-0.840435
List3Session1,3,1,2,600,1050,2,MONK,3,nuck,1,524,nw,nw,nw,1,-0.922323,198,524,524,-1.028337,-1.091718
List3Session1,3,1,2,601,1050,1,MUSTACHE,3,dolphin,1,603,first,un,nw,1,-0.056392,100,603,603,0.104049,0.104049
List3Session1,3,1,2,602,1050,1,SOW,1,pig,1,490,first,rel,un,1,-0.522205,100,490,490,-0.752001,-0.752001
List3Session1,3,1,2,603,1050,1,BOLD,2,daring,1,845,other,rel,rel,1,1.037456,101,845,845,2.324169,2.324169
List3Session1,3,1,2,604,1050,1,BEAVER,1,dam,1,580,first,rel,rel,1,-0.151204,100,580,580,-0.070191,-0.070191
List3Session1,3,1,2,605,1050,2,SURE,3,tocket,1,595,nw,nw,rel,1,-0.523111,198,595,595,-0.53998,-0.534183
List3Session1,3,1,2,606,1050,2,EMBRACE,3,parvest,1,642,nw,nw,nw,1,-0.258843,198,642,642,-0.216701,-0.165111
List3Session1,3,1,2,607,1050,2,BREATHE,4,floner,1,688,nw,nw,nw,1,-0.000199,198,688,688,0.099699,0.196108
List3Session1,3,1,2,608,1050,1,CRUNCHY,4,foresight,1,2235,other,un,nw,1,7.423866,101,#NULL!,#NULL!,#NULL!,#NULL!
List3Session1,3,1,2,609,1050,1,BRAND,2,kind,1,553,other,rel,un,1,-0.304149,101,553,553,-0.371509,-0.371509
List3Session1,3,1,2,610,1050,1,THRESHOLD,1,marriage,1,521,first,rel,rel,1,-0.394415,100,521,521,-0.517155,-0.517155
List3Session1,3,1,2,611,1050,2,PRESENCE,2,graldma,1,876,nw,nw,rel,1,1.05687,198,876,876,1.392814,1.672397
List3Session1,3,1,2,612,1050,1,GRAIN,1,wheat,1,400,first,rel,nw,1,-0.893206,100,400,400,-1.433811,-1.433811
List3Session1,3,1,2,613,1050,1,REFRAIN,2,talking,1,455,other,rel,rel,1,-0.754414,101,455,455,-1.276223,-1.276223
List3Session1,3,1,2,614,1050,2,CHILDISH,3,gair,1,732,nw,nw,rel,1,0.2472,198,732,732,0.402343,0.541623
List3Session1,3,1,2,615,1050,1,SATIN,3,enemy,1,597,first,un,nw,1,-0.081126,100,597,597,0.058595,0.058595
List3Session1,3,1,2,616,1050,2,STAND,2,priend,1,741,nw,nw,un,1,0.297805,198,741,741,0.464248,0.612296
List3Session1,3,1,2,617,1050,2,PAY,4,melf,1,591,nw,nw,nw,1,-0.545602,198,591,591,-0.567493,-0.565594
List3Session1,3,1,2,618,1050,2,HURRICANE,3,mawn,1,574,nw,nw,nw,1,-0.641188,198,574,574,-0.684423,-0.699088
List3Session1,3,1,2,619,1050,2,DISTINCT,2,daith,1,654,nw,nw,nw,1,-0.191371,198,654,654,-0.134162,-0.07088
List3Session1,3,1,2,620,1050,1,LASH,2,hurt,1,507,other,rel,nw,1,-0.515498,101,507,507,-0.796171,-0.796171
List3Session1,3,1,2,621,1050,2,TUB,4,lipten,1,445,nw,nw,rel,1,-1.366517,198,445,445,-1.57172,-1.712073
List3Session1,3,1,2,622,1050,2,MEXICO,4,senlence,1,483,nw,nw,nw,1,-1.152854,198,483,483,-1.310346,-1.413675
List3Session1,3,1,2,623,1050,1,EXCELLENT,2,superior,1,790,other,rel,nw,1,0.784756,101,790,790,1.816422,1.816422
List3Session1,3,1,2,624,1050,1,DIMINISH,1,lesson,1,559,first,rel,rel,1,-0.23777,100,559,559,-0.22928,-0.22928
List3Session1,3,1,2,625,1050,1,KANGAROO,3,shallow,1,607,first,un,rel,1,-0.039903,100,607,607,0.134352,0.134352
List3Session1,3,1,2,626,1050,1,AGENCY,1,company,1,494,first,rel,un,1,-0.505716,100,494,494,-0.721698,-0.721698
List3Session1,3,1,2,627,1050,2,ASCENT,4,schoom,1,1186,nw,nw,rel,1,2.79991,198,#NULL!,1186,#NULL!,3.525078
List3Session1,3,1,2,628,1050,2,HEEL,4,shantoo,1,681,nw,nw,nw,1,-0.039558,198,681,681,0.051552,0.14114
List3Session1,3,1,2,629,1050,1,MATTER,4,boxer,1,469,other,un,nw,1,-0.690091,101,469,469,-1.146978,-1.146978
List3Session1,3,1,2,630,1050,2,PRISONER,1,imon,1,457,nw,nw,un,1,-1.299044,198,457,457,-1.489181,-1.617842
List3Session1,3,1,2,631,1050,2,PLUMBER,4,regative,0,1021,nw,nw,nw,0,#NULL!,#NULL!,#NULL!,#NULL!,#NULL!,#NULL!
List3Session1,3,1,2,632,1050,2,VIOLA,3,shoa,1,508,nw,nw,nw,1,-1.012286,198,508,508,-1.138389,-1.21736
List3Session1,3,1,2,633,1050,1,SKI,2,jump,1,559,other,rel,nw,1,-0.276582,101,559,559,-0.316118,-0.316118
List3Session1,3,1,2,634,1050,2,PUSHY,2,smeln,1,511,nw,nw,rel,1,-0.995418,198,511,511,-1.117754,-1.193802
List3Session1,3,1,2,635,1050,2,ALLEGIANCE,3,helt,1,995,nw,nw,nw,1,1.725973,198,995,995,2.211328,2.606857
List3Session1,3,1,2,636,1050,1,INSTRUCT,4,motion,1,562,other,un,nw,1,-0.262799,101,562,562,-0.288423,-0.288423
List3Session1,3,1,2,637,1050,1,GARBAGE,1,trash,1,643,first,rel,un,1,0.108497,100,643,643,0.407076,0.407076
List3Session1,3,1,2,638,1050,1,OFFICIAL,3,cereal,1,960,first,un,rel,1,1.415245,100,960,960,2.808562,2.808562
List3Session1,3,1,2,639,1050,2,TRAMP,1,sut,1,849,nw,nw,un,1,0.905057,198,849,849,1.207101,1.460377
List3Session1,3,1,2,640,1050,2,BOW,1,brinch,1,1079,nw,nw,nw,1,2.19828,198,1079,1079,2.789103,3.266475
List3Session1,3,1,2,641,1050,2,OBSERVE,1,denert,1,578,nw,nw,nw,1,-0.618697,198,578,578,-0.65691,-0.667678
List3Session1,3,1,2,642,1050,1,OFTEN,4,ax,0,499,other,un,nw,0,#NULL!,#NULL!,#NULL!,#NULL!,#NULL!,#NULL!
List3Session1,3,1,2,643,1050,2,PEROXIDE,2,rhybe,1,566,nw,nw,un,1,-0.686169,198,566,566,-0.739449,-0.761909
List3Session1,3,1,2,644,1050,1,NEIGHBORHOOD,4,frightened,1,775,other,un,nw,1,0.715838,101,775,775,1.677945,1.677945
List3Session1,3,1,2,645,1050,2,EXPLAIN,2,oxpentive,1,734,nw,nw,un,1,0.258446,198,734,734,0.4161,0.557328
List3Session1,3,1,2,646,1050,1,WARNING,2,stop,1,440,other,rel,nw,1,-0.823332,101,440,440,-1.4147,-1.4147
List3Session1,3,1,2,647,1050,1,FAR,3,bedroom,1,527,first,un,rel,1,-0.369682,100,527,527,-0.471701,-0.471701
List3Session1,3,1,2,648,1050,2,BOWLING,1,chanke,1,593,nw,nw,un,1,-0.534356,198,593,593,-0.553736,-0.549889
List3Session1,3,1,2,649,1050,2,DEPOSIT,4,grick,1,624,nw,nw,nw,1,-0.360052,198,624,624,-0.34051,-0.306458
List3Session1,3,1,2,650,1050,2,MARY,3,pirlfliend,1,590,nw,nw,nw,1,-0.551224,198,590,590,-0.574371,-0.573446
List3Session1,3,1,2,651,1050,1,DATA,2,base,1,573,other,rel,nw,1,-0.212259,101,573,573,-0.186874,-0.186874
List3Session1,3,1,2,652,1050,1,CAUTIOUS,1,careful,1,621,first,rel,rel,1,0.017808,100,621,621,0.240411,0.240411
List3Session1,3,1,2,653,1050,1,TORN,2,hole,1,539,other,rel,rel,1,-0.368473,101,539,539,-0.500754,-0.500754
List3Session1,3,1,2,654,1050,1,LEGISLATURE,2,senate,1,668,other,rel,rel,1,0.224223,101,668,668,0.690145,0.690145
List3Session1,3,1,2,655,1050,1,GRANDPARENTS,4,rope,1,441,other,un,rel,1,-0.818738,101,441,441,-1.405468,-1.405468
List3Session1,3,1,2,656,1050,1,INFLUENCE,2,persuade,1,623,other,rel,un,1,0.017468,101,623,623,0.274715,0.274715
List3Session1,3,1,2,657,1050,2,ESCALATOR,3,povel,1,668,nw,nw,rel,1,-0.112653,198,668,668,-0.037866,0.039056
List3Session1,3,1,2,658,1050,1,CASTLE,1,sand,1,537,first,rel,nw,1,-0.32846,100,537,537,-0.395944,-0.395944
List3Session1,3,1,2,659,1050,1,LIMOUSINE,2,prom,1,714,other,rel,rel,1,0.435571,101,714,714,1.114807,1.114807
List3Session1,3,1,2,660,1050,1,FACULTY,1,staff,1,533,first,rel,rel,1,-0.344949,100,533,533,-0.426247,-0.426247
List3Session1,3,1,2,661,1050,2,EVIDENCE,3,walt,1,1271,nw,nw,rel,1,3.27784,198,#NULL!,#NULL!,#NULL!,#NULL!
List3Session1,3,1,2,662,1050,2,TOUCH,1,rounp,1,619,nw,nw,nw,1,-0.388166,198,619,619,-0.374901,-0.345721
List3Session1,3,1,2,663,1050,2,JUICE,4,vo,1,553,nw,nw,nw,1,-0.759264,198,553,553,-0.828867,-0.863993
List3Session1,3,1,2,664,1050,1,NOTHING,1,something,1,473,first,rel,nw,1,-0.592283,100,473,473,-0.880787,-0.880787
List3Session1,3,1,2,665,1050,1,OCTOPUS,3,extinct,1,686,first,un,rel,1,0.285753,100,686,686,0.73283,0.73283
List3Session1,3,1,2,666,1050,2,ASIA,2,guens,1,570,nw,nw,un,1,-0.663678,198,570,570,-0.711936,-0.730498
List3Session1,3,1,2,667,1050,1,UNDERWEAR,1,bra,1,649,first,rel,nw,1,0.133231,100,649,649,0.45253,0.45253
List3Session1,3,1,2,668,1050,2,RELIABLE,3,brish,1,870,nw,nw,rel,1,1.023134,198,870,870,1.351545,1.625282
List3Session1,3,1,2,669,1050,1,PANEL,1,wood,1,458,first,rel,nw,1,-0.654116,100,458,458,-0.994422,-0.994422
List3Session1,3,1,2,670,1050,1,TEAM,2,baseball,1,688,other,rel,rel,1,0.316113,101,688,688,0.874781,0.874781
List3Session1,3,1,2,671,1050,2,FRAGRANCE,4,thepe,1,651,nw,nw,rel,1,-0.208239,198,651,651,-0.154797,-0.094438
List3Session1,3,1,2,672,1050,1,PERCEIVE,4,bother,1,456,other,un,nw,1,-0.74982,101,456,456,-1.266991,-1.266991
List3Session1,3,1,2,673,1050,2,CONSEQUENCE,4,spob,1,654,nw,nw,un,1,-0.191371,198,654,654,-0.134162,-0.07088
List3Session1,3,1,2,674,1050,1,PRICE,2,amount,1,554,other,rel,nw,1,-0.299555,101,554,554,-0.362277,-0.362277
List3Session1,3,1,2,675,1050,2,FLEET,4,welpome,1,892,nw,nw,rel,1,1.146834,198,892,892,1.502866,1.798039
List3Session1,3,1,2,676,1050,2,HORN,4,groph,1,558,nw,nw,nw,1,-0.731151,198,558,558,-0.794476,-0.82473
List3Session1,3,1,2,677,1050,2,PIKE,2,hain,1,1232,nw,nw,nw,1,3.058555,198,#NULL!,#NULL!,#NULL!,#NULL!
List3Session1,3,1,2,678,1050,2,EDUCATION,4,sukar,1,502,nw,nw,nw,1,-1.046023,198,502,502,-1.179659,-1.264475
List3Session1,3,1,2,679,1050,2,BULLY,4,lafe,1,713,nw,nw,nw,1,0.140369,198,713,713,0.271656,0.392423
List3Session1,3,1,2,680,1050,2,SCARE,1,mussia,1,836,nw,nw,nw,1,0.831962,198,836,836,1.117683,1.358293
List3Session1,3,1,2,681,1050,2,BLESS,4,spow,1,697,nw,nw,nw,1,0.050406,198,697,697,0.161604,0.266782
List3Session1,3,1,2,682,1050,1,TREASURE,3,argue,0,580,first,un,nw,0,#NULL!,#NULL!,#NULL!,#NULL!,#NULL!,#NULL!
List3Session1,3,1,2,683,1050,2,AGENDA,3,selper,1,612,nw,nw,un,1,-0.427525,198,612,612,-0.423049,-0.400689
List3Session1,3,1,2,684,1050,2,FAIL,1,holn,1,803,nw,nw,nw,1,0.646413,198,803,803,0.8907,1.099157
List3Session1,3,1,2,685,1050,1,LAY,1,down,1,457,first,rel,nw,1,-0.658238,100,457,457,-1.001998,-1.001998
List3Session1,3,1,2,686,1050,1,STRAIGHT,2,narrow,1,575,other,rel,rel,1,-0.20307,101,575,575,-0.16841,-0.16841
List3Session1,3,1,2,687,1050,1,VALVE,3,hotel,1,463,first,un,rel,1,-0.633505,100,463,463,-0.956544,-0.956544
List3Session1,3,1,2,688,1050,2,SCIENCE,3,apone,1,500,nw,nw,un,1,-1.057268,198,500,500,-1.193415,-1.28018
List3Session1,3,1,2,689,1050,2,PRETEND,4,geach,1,647,nw,nw,nw,1,-0.23073,198,647,647,-0.18231,-0.125848
List3Session1,3,1,2,690,1050,2,HARSH,1,excume,1,948,nw,nw,nw,1,1.461705,198,948,948,1.88805,2.237784
List3Session1,3,1,2,691,1050,2,TART,4,larpet,1,677,nw,nw,nw,1,-0.062049,198,677,677,0.024038,0.10973
List3Session1,3,1,2,692,1050,1,CAFFEINE,3,pickles,1,818,first,un,nw,1,0.829888,100,818,818,1.732818,1.732818
List3Session1,3,1,2,693,1050,2,BLUNT,4,pront,1,696,nw,nw,un,1,0.044783,198,696,696,0.154726,0.258929
List3Session1,3,1,2,694,1050,1,HUNGRY,2,full,1,627,other,rel,nw,1,0.035847,101,627,627,0.311642,0.311642
List3Session1,3,1,2,695,1050,1,FEAR,3,biology,1,562,first,un,rel,1,-0.225404,100,562,562,-0.206553,-0.206553
List3Session1,3,1,2,696,1050,2,WITCH,1,tero,1,563,nw,nw,un,1,-0.703037,198,563,563,-0.760084,-0.785467
List3Session1,3,1,2,697,1050,1,TELL,3,purple,1,2436,first,un,nw,1,7.499663,100,#NULL!,#NULL!,#NULL!,#NULL!
List3Session1,3,1,2,698,1050,2,UNNATURAL,3,niller,1,600,nw,nw,un,1,-0.494997,198,600,600,-0.505588,-0.49492
List3Session1,3,1,2,699,1050,2,RELISH,4,ingoors,1,823,nw,nw,nw,1,0.758867,198,823,823,1.028266,1.256209
List3Session1,3,1,2,700,1050,2,PEPPERONI,1,pater,1,701,nw,nw,nw,1,0.072896,198,701,701,0.189117,0.298192
List3Session1,3,1,2,701,1050,1,TRAITOR,1,liar,1,575,first,rel,nw,1,-0.171815,100,575,575,-0.108069,-0.108069
List3Session1,3,1,2,702,1050,1,FIELD,2,corn,1,543,other,rel,rel,1,-0.350095,101,543,543,-0.463827,-0.463827
List3Session1,3,1,2,703,1050,1,VEST,3,hands,1,593,first,un,rel,1,-0.097615,100,593,593,0.028293,0.028293
List3Session1,3,1,2,704,1050,1,CHARACTER,3,talk,1,719,first,un,un,1,0.421787,100,719,719,0.982827,0.982827
List3Session1,3,1,2,705,1050,1,WEAR,4,exact,1,617,other,un,un,1,-0.010099,101,617,617,0.219325,0.219325
List3Session1,3,1,2,706,1050,1,CONVICT,4,more,1,679,other,un,un,1,0.274763,101,679,679,0.791695,0.791695
List3Session1,3,1,2,707,1050,1,BROAD,3,surgery,1,595,first,un,un,1,-0.08937,100,595,595,0.043444,0.043444
List3Session1,3,1,2,708,1050,2,CAP,1,scritch,1,772,nw,nw,un,1,0.472109,198,772,772,0.677474,0.855727
List3Session1,3,1,2,709,1050,1,NOUN,1,verb,1,716,first,rel,nw,1,0.40942,100,716,716,0.9601,0.9601
List3Session1,3,1,2,710,1050,1,CHIMPANZEE,4,snake,1,534,other,un,rel,1,-0.391446,101,534,534,-0.546913,-0.546913
List3Session1,3,1,2,711,1050,2,REALITY,1,douth,1,647,nw,nw,un,1,-0.23073,198,647,647,-0.18231,-0.125848
List3Session1,3,1,2,712,1050,2,BOYFRIEND,1,hab,1,1140,nw,nw,nw,1,2.541265,198,#NULL!,1140,#NULL!,3.208677
List3Session1,3,1,2,713,1050,1,CALL,2,yell,1,510,other,rel,nw,1,-0.501715,101,510,510,-0.768475,-0.768475
List3Session1,3,1,2,714,1050,1,STORM,2,lightning,1,546,other,rel,rel,1,-0.336311,101,546,546,-0.436131,-0.436131
List3Session1,3,1,2,715,1050,1,CLAM,3,flakes,1,675,first,un,rel,1,0.240409,100,675,675,0.649497,0.649497
List3Session1,3,1,2,716,1050,2,CYLINDER,1,conprol,1,608,nw,nw,un,1,-0.450015,198,608,608,-0.450562,-0.4321
List3Session1,3,1,2,717,1050,1,SOCKET,2,plug,1,463,other,rel,nw,1,-0.717658,101,463,463,-1.202369,-1.202369
List3Session1,3,1,2,718,1050,2,CHIP,3,adpective,1,1204,nw,nw,rel,1,2.901119,198,#NULL!,1204,#NULL!,3.648887
List3Session1,3,1,2,719,1050,2,CORRECT,1,sheve,1,618,nw,nw,nw,1,-0.393788,198,618,618,-0.381779,-0.353574
List3Session1,3,1,2,720,1050,1,PYRAMID,3,object,1,504,first,un,nw,1,-0.464493,100,504,504,-0.645941,-0.645941
List3Session1,3,1,2,721,1050,2,MYSTERY,1,knowmedge,0,539,nw,nw,un,0,#NULL!,#NULL!,#NULL!,#NULL!,#NULL!,#NULL!
List3Session1,3,1,2,722,1050,2,HUSTLE,2,soothlaste,1,796,nw,nw,nw,1,0.607054,198,796,796,0.842553,1.044189
List3Session1,3,1,2,723,1050,1,DRACULA,2,frankenstei,1,772,other,rel,nw,1,0.702055,101,772,772,1.65025,1.65025
List3Session1,3,1,2,724,1050,2,MELT,4,ferl,1,700,nw,nw,rel,1,0.067274,198,700,700,0.182239,0.29034
List3Session1,3,1,2,725,1050,2,MOIST,3,poffee,1,599,nw,nw,nw,1,-0.50062,198,599,599,-0.512467,-0.502773
List3Session1,3,1,2,726,1050,1,SCOTCH,1,tape,1,613,first,rel,nw,1,-0.01517,100,613,613,0.179806,0.179806
List3Session1,3,1,2,727,1050,2,POETRY,4,spart,1,628,nw,nw,rel,1,-0.337561,198,628,628,-0.312997,-0.275048
List3Session1,3,1,2,728,1050,2,OYSTER,3,nass,1,851,nw,nw,nw,1,0.916303,198,851,851,1.220857,1.476082
List3Session1,3,1,2,729,1050,1,SISTER,3,hula,0,488,first,un,nw,0,#NULL!,#NULL!,#NULL!,#NULL!,#NULL!,#NULL!
List3Session1,3,1,2,730,1050,2,PRANK,1,prash,1,843,nw,nw,un,1,0.871321,198,843,843,1.165831,1.413261
List3Session1,3,1,2,731,1050,1,DENT,4,close,1,528,other,un,nw,1,-0.419013,101,528,528,-0.602303,-0.602303
List3Session1,3,1,2,732,1050,1,GREEK,1,fraternity,1,819,first,rel,un,1,0.83401,100,819,819,1.740393,1.740393
List3Session1,3,1,2,733,1050,2,TWIN,3,holp,1,505,nw,nw,rel,1,-1.029154,198,505,505,-1.159024,-1.240917
List3Session1,3,1,2,734,1050,2,FORMULA,2,solite,0,683,nw,nw,nw,0,#NULL!,#NULL!,#NULL!,#NULL!,#NULL!,#NULL!
List3Session1,3,1,2,735,1050,2,REFRESHING,1,tasher,1,598,nw,nw,nw,1,-0.506243,198,598,598,-0.519345,-0.510626
List3Session1,3,1,2,736,1050,2,MEDICINE,2,blonpe,1,981,nw,nw,nw,1,1.647255,198,981,981,2.115032,2.49692
List3Session1,3,1,2,737,1050,1,CON,3,fun,1,486,first,un,nw,1,-0.538694,100,486,486,-0.782303,-0.782303
List3Session1,3,1,2,738,1050,2,USA,3,nootsall,1,521,nw,nw,un,1,-0.939191,198,521,521,-1.048972,-1.115276
List3Session1,3,1,2,739,1050,1,VAIN,1,conceited,1,1484,first,rel,nw,1,3.575296,100,#NULL!,#NULL!,#NULL!,#NULL!
List3Session1,3,1,2,740,1050,2,CURIOSITY,4,pind,1,616,nw,nw,rel,1,-0.405034,198,616,616,-0.395536,-0.369279
List3Session1,3,1,2,741,1050,1,NOVICE,1,beginner,1,598,first,rel,nw,1,-0.077003,100,598,598,0.066171,0.066171
List3Session1,3,1,2,742,1050,1,BRAKE,2,go,1,565,other,rel,rel,1,-0.249015,101,565,565,-0.260728,-0.260728
List3Session1,3,1,2,743,1050,2,BUD,4,corl,0,773,nw,nw,rel,0,#NULL!,#NULL!,#NULL!,#NULL!,#NULL!,#NULL!
List3Session1,3,1,2,744,1050,2,SPRAY,3,nom,1,541,nw,nw,nw,1,-0.826737,198,541,541,-0.911406,-0.958224
List3Session1,3,1,2,745,1050,1,AWAY,4,grape,1,559,other,un,nw,1,-0.276582,101,559,559,-0.316118,-0.316118
List3Session1,3,1,2,746,1050,1,SMASH,2,glass,1,752,other,rel,un,1,0.610164,101,752,752,1.465614,1.465614
List3Session1,3,1,2,747,1050,2,ABDOMEN,2,roung,1,794,nw,nw,rel,1,0.595808,198,794,794,0.828796,1.028484
List3Session1,3,1,2,748,1050,1,KEYBOARD,1,piano,1,529,first,rel,nw,1,-0.361437,100,529,529,-0.45655,-0.45655
List3Session1,3,1,2,749,1050,2,LEAF,2,trime,1,866,nw,nw,rel,1,1.000643,198,866,866,1.324031,1.593871
List3Session1,3,1,2,750,1050,1,CAMERA,3,clay,1,518,first,un,nw,1,-0.406782,100,518,518,-0.539882,-0.539882
List3Session1,3,1,2,751,1050,2,DEEP,3,spetific,1,953,nw,nw,un,1,1.489819,198,953,953,1.922441,2.277047
List3Session1,3,1,2,752,1050,1,TILL,2,then,1,554,other,rel,nw,1,-0.299555,101,554,554,-0.362277,-0.362277
List3Session1,3,1,2,753,1050,1,CHAOS,3,bag,1,619,first,un,rel,1,0.009564,100,619,619,0.22526,0.22526
List3Session1,3,1,2,754,1050,1,DOMINANT,4,scary,1,520,other,un,un,1,-0.455769,101,520,520,-0.676158,-0.676158
List3Session1,3,1,2,755,1050,2,BECAUSE,3,upatairs,1,891,nw,nw,un,1,1.141211,198,891,891,1.495988,1.790186
List3Session1,3,1,2,756,1050,1,COMMUNITY,3,dependable,1,639,first,un,nw,1,0.092008,100,639,639,0.376773,0.376773
List3Session1,3,1,2,757,1050,2,PALACE,4,lork,1,651,nw,nw,un,1,-0.208239,198,651,651,-0.154797,-0.094438
List3Session1,3,1,2,758,1050,2,MANNERS,1,stoiled,1,792,nw,nw,nw,1,0.584563,198,792,792,0.81504,1.012779
List3Session1,3,1,2,759,1050,2,SOLO,2,arrobant,1,671,nw,nw,nw,1,-0.095785,198,671,671,-0.017231,0.062614
List3Session1,3,1,2,760,1050,1,CENTER,1,middle,1,523,first,rel,nw,1,-0.386171,100,523,523,-0.502004,-0.502004
List3Session1,3,1,2,761,1050,1,GEOLOGY,4,security,1,590,other,un,rel,1,-0.134151,101,590,590,-0.029933,-0.029933
List3Session1,3,1,2,762,1050,2,BEND,4,dailure,1,526,nw,nw,un,1,-0.911078,198,526,526,-1.01458,-1.076013
List3Session1,3,1,2,763,1050,1,MAFIA,3,spill,0,816,first,un,nw,0,#NULL!,#NULL!,#NULL!,#NULL!,#NULL!,#NULL!
List3Session1,3,1,2,764,1050,2,BLADE,3,pracker,1,725,nw,nw,un,1,0.207841,198,725,725,0.354195,0.486655
List3Session1,3,1,2,765,1050,1,KEY,1,lock,1,464,first,rel,nw,1,-0.629383,100,464,464,-0.948968,-0.948968
List3Session1,3,1,2,766,1050,1,FOLD,2,tear,1,516,other,rel,rel,1,-0.474147,101,516,516,-0.713085,-0.713085
List3Session1,3,1,2,767,1050,2,WASHCLOTH,3,comluter,1,631,nw,nw,rel,1,-0.320693,198,631,631,-0.292362,-0.25149
List3Session1,3,1,2,768,1050,1,VISION,2,see,1,485,other,rel,nw,1,-0.616578,101,485,485,-0.99927,-0.99927
List3Session1,3,1,2,769,1050,1,STAIN,3,artist,1,681,first,un,rel,1,0.265142,100,681,681,0.694951,0.694951
List3Session1,3,1,2,770,1050,1,MCDONALD'S,3,worry,1,614,first,un,un,1,-0.011048,100,614,614,0.187382,0.187382
List3Session1,3,1,2,771,1050,1,FOSSIL,3,machine,1,517,first,un,un,1,-0.410904,100,517,517,-0.547458,-0.547458
List3Session1,3,1,2,772,1050,1,JUMPY,4,cactus,1,614,other,un,un,1,-0.023883,101,614,614,0.191629,0.191629
List3Session1,3,1,2,773,1050,1,GRAMMAR,4,blush,1,789,other,un,un,1,0.780162,101,789,789,1.80719,1.80719
List3Session1,3,1,2,774,1050,1,WALLET,1,money,1,492,first,rel,un,1,-0.51396,100,492,492,-0.736849,-0.736849
List3Session1,3,1,2,775,1050,2,HEAR,3,migor,1,769,nw,nw,rel,1,0.455241,198,769,769,0.656839,0.832169
List3Session1,3,1,2,776,1050,2,AGE,1,imiot,1,697,nw,nw,nw,1,0.050406,198,697,697,0.161604,0.266782
List3Session1,3,1,2,777,1050,2,PLATFORM,2,olp,1,596,nw,nw,nw,1,-0.517488,198,596,596,-0.533101,-0.526331
List3Session1,3,1,2,778,1050,1,MORON,3,slippery,1,532,first,un,nw,1,-0.349071,100,532,532,-0.433823,-0.433823
List3Session1,3,1,2,779,1050,2,KING,3,hoptess,1,710,nw,nw,un,1,0.123501,198,710,710,0.251021,0.368866
List3Session1,3,1,2,780,1050,2,MOONLIGHT,1,aspear,1,704,nw,nw,nw,1,0.089765,198,704,704,0.209752,0.32175
List3Session1,3,1,2,781,1050,1,ADVANCE,1,forward,1,474,first,rel,nw,1,-0.58816,100,474,474,-0.873211,-0.873211
List3Session1,3,1,2,782,1050,1,CROOK,1,thief,1,447,first,rel,rel,1,-0.699461,100,447,447,-1.077754,-1.077754
List3Session1,3,1,2,783,1050,2,PERIOD,2,dotch,1,533,nw,nw,rel,1,-0.871719,198,533,533,-0.966432,-1.021045
List3Session1,3,1,2,784,1050,1,CANVAS,4,award,1,614,other,un,nw,1,-0.023883,101,614,614,0.191629,0.191629
List3Session1,3,1,2,785,1050,1,COURAGE,4,quick,1,582,other,un,un,1,-0.170908,101,582,582,-0.103788,-0.103788
List3Session1,3,1,2,786,1050,1,TRANQUIL,4,here,1,774,other,un,un,1,0.711244,101,774,774,1.668713,1.668713
List3Session1,3,1,2,787,1050,2,UNEVEN,3,shise,1,797,nw,nw,un,1,0.612676,198,797,797,0.849431,1.052042
List3Session1,3,1,2,788,1050,1,INQUIRE,1,ask,1,564,first,rel,nw,1,-0.217159,100,564,564,-0.191402,-0.191402
List3Session1,3,1,2,789,1050,1,DECAY,1,rot,1,597,first,rel,rel,1,-0.081126,100,597,597,0.058595,0.058595
List3Session1,3,1,2,790,1050,1,FIVE,1,six,1,469,first,rel,rel,1,-0.608772,100,469,469,-0.91109,-0.91109
List3Session1,3,1,2,791,1050,2,DECISION,2,frighn,1,601,nw,nw,rel,1,-0.489374,198,601,601,-0.49871,-0.487068
List3Session1,3,1,2,792,1050,1,TALL,3,flute,1,537,first,un,nw,1,-0.32846,100,537,537,-0.395944,-0.395944
List3Session1,3,1,2,793,1050,1,OPTION,4,loving,1,506,other,un,un,1,-0.520093,101,506,506,-0.805402,-0.805402
List3Session1,3,1,2,794,1050,1,PLANE,4,future,1,765,other,un,un,1,0.669893,101,765,765,1.585627,1.585627
List3Session1,3,1,2,795,1050,2,POSITIVE,1,dundred,1,772,nw,nw,un,1,0.472109,198,772,772,0.677474,0.855727
List3Session1,3,1,2,796,1050,2,LESS,2,mosp,1,525,nw,nw,nw,1,-0.9167,198,525,525,-1.021459,-1.083865
List3Session1,3,1,2,797,1050,2,LOSS,1,beag,1,543,nw,nw,nw,1,-0.815492,198,543,543,-0.89765,-0.942519
List3Session1,3,1,2,798,1050,1,DEAF,4,grill,1,577,other,un,nw,1,-0.19388,101,577,577,-0.149946,-0.149946
List3Session1,3,1,2,799,1050,2,RAP,2,sken,1,545,nw,nw,un,1,-0.804246,198,545,545,-0.883893,-0.926813
List3Session1,3,1,2,800,1050,2,SCENT,4,chilpren,1,738,nw,nw,nw,1,0.280937,198,738,738,0.443613,0.588738
List3Session1,3,1,2,801,1050,1,BASEMENT,3,tile,1,460,first,un,nw,1,-0.645872,100,460,460,-0.979271,-0.979271
List3Session1,3,1,2,802,1050,2,DRUGS,2,nighp,1,528,nw,nw,un,1,-0.899832,198,528,528,-1.000824,-1.060308
List3Session1,3,1,2,803,1050,2,CLARINET,3,whek,1,578,nw,nw,nw,1,-0.618697,198,578,578,-0.65691,-0.667678
List3Session1,3,1,2,804,1050,1,SHATTER,3,bomb,1,562,first,un,nw,1,-0.225404,100,562,562,-0.206553,-0.206553
List3Session1,3,1,2,805,1050,1,POOL,2,hall,1,771,other,rel,un,1,0.69746,101,771,771,1.641018,1.641018
List3Session1,3,1,2,806,1050,1,FORM,3,law,1,428,first,un,rel,1,-0.777783,100,428,428,-1.221692,-1.221692
List3Session1,3,1,2,807,1050,1,CRYSTAL,2,clear,1,514,other,rel,un,1,-0.483336,101,514,514,-0.731548,-0.731548
List3Session1,3,1,2,808,1050,1,SECURE,1,safe,1,436,first,rel,rel,1,-0.744805,100,436,436,-1.161087,-1.161087
List3Session1,3,1,2,809,1050,2,LINE,4,rean,1,746,nw,nw,rel,1,0.325918,198,746,746,0.498639,0.651559
List3Session1,3,1,2,810,1050,1,ENVIRONMENT,4,leaves,1,516,other,un,nw,1,-0.474147,101,516,516,-0.713085,-0.713085
List3Session1,3,1,2,811,1050,1,REACH,2,grasp,0,758,other,rel,un,0,#NULL!,#NULL!,#NULL!,#NULL!,#NULL!,#NULL!
List3Session1,3,1,2,812,1050,2,SUBTRACT,2,chep,1,783,nw,nw,rel,1,0.533959,198,783,783,0.753135,0.942105
List3Session1,3,1,2,813,1050,2,COLD,2,parge,1,663,nw,nw,nw,1,-0.140766,198,663,663,-0.072257,-0.000207
List3Session1,3,1,2,814,1050,1,TELEVISION,3,trees,1,579,first,un,nw,1,-0.155326,100,579,579,-0.077767,-0.077767
List3Session1,3,1,2,815,1050,2,MICROPHONE,4,banklack,1,723,nw,nw,un,1,0.196596,198,723,723,0.340439,0.470949
List3Session1,3,1,2,816,1050,1,SCALPEL,2,operation,1,574,other,rel,nw,1,-0.207664,101,574,574,-0.177642,-0.177642
List3Session1,3,1,2,817,1050,2,LEFT,3,golor,1,414,nw,nw,rel,1,-1.540821,198,414,414,-1.784946,-1.955504
List3Session1,3,1,2,818,1050,2,ACTOR,3,sorpow,1,517,nw,nw,nw,1,-0.961682,198,517,517,-1.076485,-1.146686
List3Session1,3,1,2,819,1050,2,POTATO,2,bepow,1,503,nw,nw,nw,1,-1.0404,198,503,503,-1.17278,-1.256623
List3Session1,3,1,2,820,1050,2,JUNGLE,4,mutlipy,1,842,nw,nw,nw,1,0.865698,198,842,842,1.158953,1.405409
List3Session1,3,1,2,821,1050,2,SPRING,3,painling,1,415,nw,nw,nw,1,-1.535198,198,415,415,-1.778068,-1.947651
List3Session1,3,1,2,822,1050,2,FOAM,1,prave,0,854,nw,nw,nw,0,#NULL!,#NULL!,#NULL!,#NULL!,#NULL!,#NULL!
List3Session1,3,1,2,823,1050,2,FLOOR,3,pav,1,1386,nw,nw,nw,1,3.924452,198,#NULL!,#NULL!,#NULL!,#NULL!
List3Session1,3,1,2,824,1050,2,WELL,2,stige,1,778,nw,nw,nw,1,0.505845,198,778,778,0.718744,0.902842
List3Session1,3,1,2,825,1050,2,LET,2,sulmer,1,626,nw,nw,nw,1,-0.348807,198,626,626,-0.326753,-0.290753
List3Session1,3,1,2,826,1050,1,WIPE,4,tupperware,0,576,other,un,nw,0,#NULL!,#NULL!,#NULL!,#NULL!,#NULL!,#NULL!
List3Session1,3,1,2,827,1050,1,FEDERAL,4,gone,1,544,other,un,un,1,-0.3455,101,544,544,-0.454595,-0.454595
List3Session1,3,1,2,828,1050,2,ALTER,1,pongress,1,689,nw,nw,un,1,0.005424,198,689,689,0.106578,0.203961
List3Session1,3,1,2,829,1050,1,ZEBRA,4,vanish,1,605,other,un,nw,1,-0.065233,101,605,605,0.108543,0.108543
List3Session1,3,1,2,830,1050,2,BENEATH,3,hustand,1,861,nw,nw,un,1,0.97253,198,861,861,1.28964,1.554608
List3Session2,3,2,2,1,50,1,ROMAN,1,empire,1,476,first,rel,nw,1,-0.391428,98,476,476,-0.394296,-0.382099
List3Session2,3,2,2,2,50,2,JELLY,4,thream,1,823,nw,nw,rel,1,1.322873,196,823,823,1.779085,1.957745
List3Session2,3,2,2,3,50,1,DILEMMA,2,decision,1,740,other,rel,nw,1,2.216978,95,740,740,2.830066,3.042317
List3Session2,3,2,2,4,50,2,PLAIN,3,litchmike,1,790,nw,nw,rel,1,1.100371,196,790,790,1.498114,1.655217
List3Session2,3,2,2,5,50,1,CLOAK,1,dagger,1,694,first,rel,nw,1,1.148621,98,694,694,1.665058,1.828929
List3Session2,3,2,2,6,50,1,ADVERTISEMENT,2,newspaper,1,569,other,rel,rel,1,0.560744,95,569,569,0.81209,0.900556
List3Session2,3,2,2,7,50,2,KID,1,pard,1,545,nw,nw,rel,1,-0.551544,196,545,545,-0.587884,-0.590822
List3Session2,3,2,2,8,50,2,MOST,3,matient,1,795,nw,nw,nw,1,1.134083,196,795,795,1.540686,1.701055
List3Session2,3,2,2,9,50,1,LOTS,1,little,1,490,first,rel,nw,1,-0.292526,98,490,490,-0.262044,-0.240106
List3Session2,3,2,2,10,50,2,BOUQUET,1,leat,1,661,nw,nw,rel,1,0.230587,196,661,661,0.399772,0.472609
List3Session2,3,2,2,11,50,2,MATCH,2,geath,1,539,nw,nw,nw,1,-0.591999,196,539,539,-0.63897,-0.645827
List3Session2,3,2,2,12,50,2,OBLIGATION,1,stanish,1,915,nw,nw,nw,1,1.943184,196,915,915,2.562399,2.801155
List3Session2,3,2,2,13,50,2,ACCURATE,4,ip,1,526,nw,nw,nw,1,-0.679652,196,526,526,-0.749656,-0.765004
List3Session2,3,2,2,14,50,2,SHOCK,1,margain,1,905,nw,nw,nw,1,1.875759,196,905,905,2.477256,2.70948
List3Session2,3,2,2,15,50,1,SECURITY,2,tight,1,532,other,rel,nw,1,0.202378,95,532,532,0.375452,0.437134
List3Session2,3,2,2,16,50,2,CLIMATE,3,beven,1,574,nw,nw,rel,1,-0.356011,196,574,574,-0.34097,-0.324964
List3Session2,3,2,2,17,50,1,PIG,3,radio,1,614,first,un,nw,1,0.583465,98,614,614,0.909332,1.017542
List3Session2,3,2,2,18,50,2,GENE,1,chapacteris,1,813,nw,nw,un,1,1.255448,196,813,813,1.693943,1.86607
List3Session2,3,2,2,19,50,2,SASH,3,oggs,1,603,nw,nw,nw,1,-0.160479,196,603,603,-0.094056,-0.059106
List3Session2,3,2,2,20,50,1,STOLEN,2,property,1,610,other,rel,nw,1,0.957853,95,610,610,1.295933,1.414077
List3Session2,3,2,2,21,50,2,PLAZA,1,nyramid,1,825,nw,nw,rel,1,1.336358,196,825,825,1.796114,1.97608
List3Session2,3,2,2,22,50,2,LINGERIE,3,kun,1,631,nw,nw,nw,1,0.028312,196,631,631,0.144344,0.197584
List3Session2,3,2,2,23,50,2,BOLT,4,epectric,1,781,nw,nw,nw,1,1.039688,196,781,781,1.421486,1.57271
List3Session2,3,2,2,24,50,2,TURN,3,lut,1,589,nw,nw,nw,1,-0.254874,196,589,589,-0.213256,-0.187451
List3Session2,3,2,2,25,50,1,UNDERGROUND,4,guard,1,580,other,un,nw,1,0.667285,95,580,580,0.941902,1.03833
List3Session2,3,2,2,26,50,1,CURVE,1,straight,1,493,first,rel,un,1,-0.271332,98,493,493,-0.233704,-0.209679
List3Session2,3,2,2,27,50,2,TITLE,2,sry,1,569,nw,nw,rel,1,-0.389724,196,569,569,-0.383542,-0.370801
List3Session2,3,2,2,28,50,1,NOTE,3,knight,1,513,first,un,nw,1,-0.130043,98,513,513,-0.044773,-0.006833
List3Session2,3,2,2,29,50,1,SURROUNDINGS,1,environment,1,763,first,rel,un,1,1.636068,98,763,763,2.316872,2.528749
List3Session2,3,2,2,30,50,2,SPOUSE,3,re,1,493,nw,nw,rel,1,-0.902155,196,493,493,-1.030627,-1.067532
List3Session2,3,2,2,31,50,1,PRONOUN,4,butter,1,503,other,un,nw,1,-0.078504,95,503,503,0.033222,0.073911
List3Session2,3,2,2,32,50,2,GRAPE,3,alnoy,1,483,nw,nw,un,1,-0.96958,196,483,483,-1.11577,-1.159207
List3Session2,3,2,2,33,50,1,BEAUTIFUL,1,pretty,1,494,first,rel,nw,1,-0.264268,98,494,494,-0.224258,-0.199537
List3Session2,3,2,2,34,50,1,LEAVES,4,toast,1,458,other,un,rel,1,-0.514355,95,458,458,-0.497824,-0.489711
List3Session2,3,2,2,35,50,1,SICKLE,1,cell,1,584,first,rel,un,1,0.371532,98,584,584,0.625934,0.713273
List3Session2,3,2,2,36,50,1,CENTRAL,2,center,1,383,other,rel,rel,1,-1.240773,95,383,383,-1.382901,-1.42908
List3Session2,3,2,2,37,50,1,TOWEL,4,trait,1,431,other,un,rel,1,-0.775866,95,431,431,-0.816452,-0.827884
List3Session2,3,2,2,38,50,1,RIGHTS,3,station,1,845,first,un,un,1,2.215352,98,845,845,3.091492,3.36042
List3Session2,3,2,2,39,50,1,CHAMBER,3,present,1,475,first,un,un,1,-0.398492,98,475,475,-0.403743,-0.392241
List3Session2,3,2,2,40,50,1,MULE,4,britain,0,600,other,un,un,0,#NULL!,#NULL!,#NULL!,#NULL!,#NULL!,#NULL!
List3Session2,3,2,2,41,50,1,AUTUMN,2,spring,1,430,other,rel,un,1,-0.785551,95,430,430,-0.828253,-0.840408
List3Session2,3,2,2,42,50,2,FEED,1,whe,1,668,nw,nw,rel,1,0.277784,196,668,668,0.459372,0.536782
List3Session2,3,2,2,43,50,2,HELMET,1,anay,1,576,nw,nw,nw,1,-0.342526,196,576,576,-0.323942,-0.306629
List3Session2,3,2,2,44,50,1,ALONE,3,movement,1,904,first,un,nw,1,2.632154,98,#NULL!,904,#NULL!,3.64884
List3Session2,3,2,2,45,50,2,RAZOR,3,necay,1,547,nw,nw,un,1,-0.538059,196,547,547,-0.570856,-0.572487
List3Session2,3,2,2,46,50,1,HARVEST,1,crops,1,445,first,rel,nw,1,-0.610426,98,445,445,-0.68714,-0.696511
List3Session2,3,2,2,47,50,1,SIREN,2,emergency,1,459,other,rel,rel,1,-0.50467,95,459,459,-0.486023,-0.477186
List3Session2,3,2,2,48,50,1,GRADUATION,2,ceremony,1,519,other,rel,rel,1,0.076465,95,519,519,0.222039,0.27431
List3Session2,3,2,2,49,50,1,MENTAL,1,health,1,482,first,rel,rel,1,-0.349041,98,482,482,-0.337617,-0.321245
List3Session2,3,2,2,50,50,1,LEVEL,3,hug,0,845,first,un,rel,0,#NULL!,#NULL!,#NULL!,#NULL!,#NULL!,#NULL!
List3Session2,3,2,2,51,50,2,ABILITY,1,fim,1,666,nw,nw,un,1,0.264299,196,666,666,0.442343,0.518447
List3Session2,3,2,2,52,50,1,AGRICULTURE,3,carry,1,447,first,un,nw,1,-0.596297,98,447,447,-0.668247,-0.676226
List3Session2,3,2,2,53,50,1,DAIRY,3,belt,1,428,first,un,un,1,-0.730521,98,428,428,-0.847732,-0.868931
List3Session2,3,2,2,54,50,2,COP,4,amuminum,0,522,nw,nw,un,0,#NULL!,#NULL!,#NULL!,#NULL!,#NULL!,#NULL!
List3Session2,3,2,2,55,50,2,MOW,3,reeb,1,517,nw,nw,nw,1,-0.740334,196,517,517,-0.826284,-0.847512
List3Session2,3,2,2,56,50,2,COFFEE,3,bature,1,687,nw,nw,nw,1,0.405892,196,687,687,0.621143,0.710964
List3Session2,3,2,2,57,50,2,CABOOSE,4,canera,1,707,nw,nw,nw,1,0.540742,196,707,707,0.791429,0.894314
List3Session2,3,2,2,58,50,2,JOINT,2,slanet,1,549,nw,nw,nw,1,-0.524574,196,549,549,-0.553827,-0.554152
List3Session2,3,2,2,59,50,2,DELICIOUS,1,tamble,1,591,nw,nw,nw,1,-0.241389,196,591,591,-0.196228,-0.169116
List3Session2,3,2,2,60,50,1,YOUNG,4,ketchup,1,630,other,un,nw,1,1.151564,95,630,630,1.531953,1.664576
List3Session2,3,2,2,61,50,1,DISSOLVE,2,salt,1,476,other,rel,un,1,-0.340015,95,476,476,-0.285405,-0.264262
List3Session2,3,2,2,62,50,1,INVENT,1,create,1,552,first,rel,rel,1,0.14547,98,552,552,0.323644,0.388718
List3Session2,3,2,2,63,50,1,PARTY,2,naked,1,561,other,rel,rel,1,0.483259,95,561,561,0.717682,0.800356
List3Session2,3,2,2,64,50,1,BLOOD,4,rules,1,538,other,un,rel,1,0.260491,95,538,538,0.446258,0.512283
List3Session2,3,2,2,65,50,1,PRODUCER,2,maker,1,387,other,rel,un,1,-1.202031,95,387,387,-1.335697,-1.37898
List3Session2,3,2,2,66,50,1,EXTINCT,2,basic,1,483,other,rel,rel,1,-0.272216,95,483,483,-0.202798,-0.176588
List3Session2,3,2,2,67,50,1,SOUTHERN,2,states,1,430,other,rel,rel,1,-0.785551,95,430,430,-0.828253,-0.840408
List3Session2,3,2,2,68,50,2,EVACUATE,2,ponely,1,589,nw,nw,rel,1,-0.254874,196,589,589,-0.213256,-0.187451
List3Session2,3,2,2,69,50,2,UNCOOKED,3,spress,1,996,nw,nw,nw,1,2.489327,196,996,996,3.252056,3.543723
List3Session2,3,2,2,70,50,2,STAG,4,bepin,1,571,nw,nw,nw,1,-0.376239,196,571,571,-0.366513,-0.352466
List3Session2,3,2,2,71,50,2,THIRSTY,2,juggage,1,691,nw,nw,nw,1,0.432862,196,691,691,0.6552,0.747634
List3Session2,3,2,2,72,50,2,PICKLES,3,fode,1,582,nw,nw,nw,1,-0.302071,196,582,582,-0.272856,-0.251624
List3Session2,3,2,2,73,50,1,GROVE,4,data,1,478,other,un,nw,1,-0.320644,95,478,478,-0.261803,-0.239212
List3Session2,3,2,2,74,50,1,CRAFT,2,trade,1,442,other,rel,un,1,-0.669324,95,442,442,-0.68664,-0.690109
List3Session2,3,2,2,75,50,2,GATE,3,fie,1,584,nw,nw,rel,1,-0.288586,196,584,584,-0.255828,-0.233289
List3Session2,3,2,2,76,50,2,SALE,1,neek,1,561,nw,nw,nw,1,-0.443664,196,561,561,-0.451656,-0.444141
List3Session2,3,2,2,77,50,1,JOURNAL,3,hamburger,1,521,first,un,nw,1,-0.073528,98,521,521,0.0308,0.074306
List3Session2,3,2,2,78,50,2,BREAK,4,mirry,1,500,nw,nw,un,1,-0.854957,196,500,500,-0.971027,-1.003359
List3Session2,3,2,2,79,50,2,SUPER,2,atia,1,511,nw,nw,nw,1,-0.780789,196,511,511,-0.87737,-0.902517
List3Session2,3,2,2,80,50,1,EXPLOSION,3,potato,1,505,first,un,nw,1,-0.186559,98,505,505,-0.120345,-0.087971
List3Session2,3,2,2,81,50,2,LOFT,3,prue,1,565,nw,nw,un,1,-0.416694,196,565,565,-0.417599,-0.407471
List3Session2,3,2,2,82,50,1,MASTERY,1,skill,1,461,first,rel,nw,1,-0.497395,98,461,461,-0.535995,-0.534234
List3Session2,3,2,2,83,50,2,INTEGRATE,4,bave,1,763,nw,nw,rel,1,0.918323,196,763,763,1.268229,1.407694
List3Session2,3,2,2,84,50,2,DEMOCRAT,1,mont,1,524,nw,nw,nw,1,-0.693137,196,524,524,-0.766684,-0.783339
List3Session2,3,2,2,85,50,1,BAGEL,2,shop,1,822,other,rel,nw,1,3.011195,95,#NULL!,#NULL!,#NULL!,#NULL!
List3Session2,3,2,2,86,50,2,SOIL,3,halnway,1,564,nw,nw,rel,1,-0.423436,196,564,564,-0.426113,-0.416639
List3Session2,3,2,2,87,50,1,ENTERTAINMENT,1,television,1,493,first,rel,nw,1,-0.271332,98,493,493,-0.233704,-0.209679
List3Session2,3,2,2,88,50,2,RIDER,2,ofbense,1,552,nw,nw,rel,1,-0.504347,196,552,552,-0.528284,-0.526649
List3Session2,3,2,2,89,50,1,SKINNY,1,fat,1,448,first,rel,nw,1,-0.589232,98,448,448,-0.658801,-0.666084
List3Session2,3,2,2,90,50,2,PIMPLE,3,vattle,1,573,nw,nw,rel,1,-0.362754,196,573,573,-0.349485,-0.334131
List3Session2,3,2,2,91,50,1,BRAVADO,2,great,1,421,other,rel,nw,1,-0.872722,95,421,421,-0.934462,-0.953133
List3Session2,3,2,2,92,50,1,SOUND,1,noise,1,468,first,rel,rel,1,-0.447943,98,468,468,-0.469869,-0.463238
List3Session2,3,2,2,93,50,2,DETACH,3,ald,1,448,nw,nw,rel,1,-1.205567,196,448,448,-1.41377,-1.48007
List3Session2,3,2,2,94,50,2,CRICKET,3,guilp,1,1054,nw,nw,nw,1,2.880393,196,#NULL!,1054,#NULL!,3.745884
List3Session2,3,2,2,95,50,1,WEED,3,song,1,466,first,un,nw,1,-0.462072,98,466,466,-0.488762,-0.483522
List3Session2,3,2,2,96,50,2,HARP,2,mapic,1,687,nw,nw,un,1,0.405892,196,687,687,0.621143,0.710964
List3Session2,3,2,2,97,50,2,THERAPY,4,hiln,1,483,nw,nw,nw,1,-0.96958,196,483,483,-1.11577,-1.159207
List3Session2,3,2,2,98,50,2,PLATE,2,slan,1,526,nw,nw,nw,1,-0.679652,196,526,526,-0.749656,-0.765004
List3Session2,3,2,2,99,50,2,SPHINX,2,doy,1,553,nw,nw,nw,1,-0.497604,196,553,553,-0.51977,-0.517482
List3Session2,3,2,2,100,50,2,SAILING,4,pift,1,513,nw,nw,nw,1,-0.767304,196,513,513,-0.860341,-0.884182
List3Session2,3,2,2,101,50,2,SPILL,2,dra,1,515,nw,nw,nw,1,-0.753819,196,515,515,-0.843313,-0.865847
List3Session2,3,2,2,102,50,1,IDENTIFICATIO,4,volcano,1,494,other,un,nw,1,-0.165674,95,494,494,-0.072987,-0.038813
List3Session2,3,2,2,103,50,1,BUSY,3,taxi,1,602,first,un,un,1,0.498692,98,602,602,0.795973,0.895834
List3Session2,3,2,2,104,50,2,FELT,2,monorcyple,1,673,nw,nw,un,1,0.311497,196,673,673,0.501943,0.582619
List3Session2,3,2,2,105,50,2,PHYSICIAN,2,danlerous,1,645,nw,nw,nw,1,0.122707,196,645,645,0.263544,0.325929
List3Session2,3,2,2,106,50,2,SEA,3,lill,1,554,nw,nw,nw,1,-0.490861,196,554,554,-0.511256,-0.508314
List3Session2,3,2,2,107,50,1,CONSCIENCE,2,awake,1,450,other,rel,nw,1,-0.59184,95,450,450,-0.592232,-0.58991
List3Session2,3,2,2,108,50,1,SPREAD,2,apart,1,575,other,rel,rel,1,0.618857,95,575,575,0.882897,0.975705
List3Session2,3,2,2,109,50,2,CABBAGE,2,bish,1,582,nw,nw,rel,1,-0.302071,196,582,582,-0.272856,-0.251624
List3Session2,3,2,2,110,50,1,DECEPTION,2,honesty,1,431,other,rel,nw,1,-0.775866,95,431,431,-0.816452,-0.827884
List3Session2,3,2,2,111,50,1,WELCOME,1,home,1,381,first,rel,rel,1,-1.06255,98,381,381,-1.291721,-1.34562
List3Session2,3,2,2,112,50,2,CACTUS,2,nirgin,1,829,nw,nw,rel,1,1.363328,196,829,829,1.830171,2.01275
List3Session2,3,2,2,113,50,1,AHEAD,3,armor,1,715,first,un,nw,1,1.296974,98,715,715,1.863436,2.041918
List3Session2,3,2,2,114,50,2,RHYTHM,1,munus,1,606,nw,nw,un,1,-0.140251,196,606,606,-0.068513,-0.031604
List3Session2,3,2,2,115,50,2,ROMANCE,2,oufnoors,1,677,nw,nw,nw,1,0.338467,196,677,677,0.536001,0.619289
List3Session2,3,2,2,116,50,2,HUSKY,2,anbel,1,569,nw,nw,nw,1,-0.389724,196,569,569,-0.383542,-0.370801
List3Session2,3,2,2,117,50,1,TOYS,3,five,1,496,first,un,nw,1,-0.250139,98,496,496,-0.205365,-0.179252
List3Session2,3,2,2,118,50,2,SPAGHETTI,1,eccount,1,540,nw,nw,un,1,-0.585257,196,540,540,-0.630456,-0.636659
List3Session2,3,2,2,119,50,1,LUST,4,not,1,517,other,un,nw,1,0.057094,95,517,517,0.198437,0.24926
List3Session2,3,2,2,120,50,2,MAGICIAN,1,mard,1,607,nw,nw,un,1,-0.133509,196,607,607,-0.059999,-0.022436
List3Session2,3,2,2,121,50,2,BURDEN,2,sasple,1,582,nw,nw,nw,1,-0.302071,196,582,582,-0.272856,-0.251624
List3Session2,3,2,2,122,50,1,BLOT,4,earth,1,478,other,un,nw,1,-0.320644,95,478,478,-0.261803,-0.239212
List3Session2,3,2,2,123,50,1,LEAST,3,bath,1,442,first,un,un,1,-0.631619,98,442,442,-0.71548,-0.726938
List3Session2,3,2,2,124,50,1,EXPENSIVE,1,cheap,1,439,first,rel,un,1,-0.652812,98,439,439,-0.74382,-0.757365
List3Session2,3,2,2,125,50,2,NUMBERS,2,clurch,1,533,nw,nw,rel,1,-0.632454,196,533,533,-0.690056,-0.700832
List3Session2,3,2,2,126,50,1,SHOW,1,tell,1,400,first,rel,nw,1,-0.928326,98,400,400,-1.112236,-1.152916
List3Session2,3,2,2,127,50,1,STUDY,4,catholic,0,430,other,un,rel,0,#NULL!,#NULL!,#NULL!,#NULL!,#NULL!,#NULL!
List3Session2,3,2,2,128,50,1,SOMETHING,2,good,1,380,other,rel,un,1,-1.26983,95,380,380,-1.418304,-1.466655
List3Session2,3,2,2,129,50,2,FRIENDLINESS,1,ditease,1,508,nw,nw,rel,1,-0.801017,196,508,508,-0.902913,-0.930019
List3Session2,3,2,2,130,50,2,HIKER,1,prand,1,615,nw,nw,nw,1,-0.079568,196,615,615,0.008115,0.050904
List3Session2,3,2,2,131,50,2,BELOW,1,dupy,1,558,nw,nw,nw,1,-0.463891,196,558,558,-0.477199,-0.471644
List3Session2,3,2,2,132,50,1,SELFISH,3,dive,1,406,first,un,nw,1,-0.885939,98,406,406,-1.055557,-1.092062
List3Session2,3,2,2,133,50,2,CUSTARD,1,neriod,1,470,nw,nw,un,1,-1.057232,196,470,470,-1.226455,-1.278384
List3Session2,3,2,2,134,50,1,FLUSH,4,american,1,418,other,un,nw,1,-0.901778,95,418,418,-0.969865,-0.990708
List3Session2,3,2,2,135,50,2,GUMS,1,redumlican,1,464,nw,nw,un,1,-1.097687,196,464,464,-1.277541,-1.333389
List3Session2,3,2,2,136,50,1,MARIJUANA,4,wind,1,477,other,un,nw,1,-0.330329,95,477,477,-0.273604,-0.251737
List3Session2,3,2,2,137,50,2,DIRECTION,4,hearn,1,600,nw,nw,un,1,-0.180706,196,600,600,-0.119599,-0.086609
List3Session2,3,2,2,138,50,1,VIOLIN,2,bow,1,447,other,rel,nw,1,-0.620897,95,447,447,-0.627635,-0.627485
List3Session2,3,2,2,139,50,2,FREEZER,2,geal,0,396,nw,nw,rel,0,#NULL!,#NULL!,#NULL!,#NULL!,#NULL!,#NULL!
List3Session2,3,2,2,140,50,2,TREES,4,cloming,1,683,nw,nw,nw,1,0.378922,196,683,683,0.587086,0.674294
List3Session2,3,2,2,141,50,2,CENTURY,3,kimnap,1,655,nw,nw,nw,1,0.190132,196,655,655,0.348686,0.417604
List3Session2,3,2,2,142,50,1,CROSS,4,ass,1,596,other,un,nw,1,0.822255,95,596,596,1.130718,1.238728
List3Session2,3,2,2,143,50,1,LEASE,3,small,1,491,first,un,un,1,-0.285461,98,491,491,-0.252598,-0.229964
List3Session2,3,2,2,144,50,1,CABINET,3,push,1,439,first,un,un,1,-0.652812,98,439,439,-0.74382,-0.757365
List3Session2,3,2,2,145,50,2,PASS,3,gasty,1,596,nw,nw,un,1,-0.207676,196,596,596,-0.153656,-0.123279
List3Session2,3,2,2,146,50,2,NEGATIVE,2,pand,0,412,nw,nw,nw,0,#NULL!,#NULL!,#NULL!,#NULL!,#NULL!,#NULL!
List3Session2,3,2,2,147,50,1,BLOOM,4,fungus,1,649,other,un,nw,1,1.33559,95,649,649,1.756173,1.902549
List3Session2,3,2,2,148,50,1,HUE,3,different,1,542,first,un,un,1,0.074825,98,542,542,0.229178,0.287295
List3Session2,3,2,2,149,50,2,BISON,3,vib,1,504,nw,nw,un,1,-0.827987,196,504,504,-0.93697,-0.966689
List3Session2,3,2,2,150,50,1,DECIDE,2,choice,1,499,other,rel,nw,1,-0.117246,95,499,499,-0.013982,0.023811
List3Session2,3,2,2,151,50,1,PAGE,2,call,1,462,other,rel,rel,1,-0.475613,95,462,462,-0.45062,-0.439611
List3Session2,3,2,2,152,50,2,INFERNO,4,chiln,1,667,nw,nw,rel,1,0.271042,196,667,667,0.450858,0.527614
List3Session2,3,2,2,153,50,2,VOTE,3,plarets,1,655,nw,nw,nw,1,0.190132,196,655,655,0.348686,0.417604
List3Session2,3,2,2,154,50,1,MATURE,2,age,1,404,other,rel,nw,1,-1.037376,95,404,404,-1.135079,-1.166056
List3Session2,3,2,2,155,50,2,CRISIS,2,fudding,1,675,nw,nw,rel,1,0.324982,196,675,675,0.518972,0.600954
List3Session2,3,2,2,156,50,2,PUT,2,lale,1,742,nw,nw,nw,1,0.77673,196,742,742,1.089429,1.215177
List3Session2,3,2,2,157,50,2,FAIRYTALE,4,sitan,1,487,nw,nw,nw,1,-0.94261,196,487,487,-1.081713,-1.122537
List3Session2,3,2,2,158,50,1,BANKER,2,bank,1,355,other,rel,nw,1,-1.51197,95,355,355,-1.71333,-1.779778
List3Session2,3,2,2,159,50,1,TABLET,3,warm,1,421,first,un,rel,1,-0.779972,98,421,421,-0.913858,-0.939927
List3Session2,3,2,2,160,50,2,FRIDAY,1,laver,1,627,nw,nw,un,1,0.001342,196,627,627,0.110287,0.160914
List3Session2,3,2,2,161,50,2,COFFIN,2,agaim,0,393,nw,nw,nw,0,#NULL!,#NULL!,#NULL!,#NULL!,#NULL!,#NULL!
List3Session2,3,2,2,162,50,1,ACHIEVE,4,math,1,440,other,un,nw,1,-0.688696,95,440,440,-0.710242,-0.715159
List3Session2,3,2,2,163,50,1,FORESIGHT,4,secretary,0,486,other,un,un,0,#NULL!,#NULL!,#NULL!,#NULL!,#NULL!,#NULL!
List3Session2,3,2,2,164,50,2,ANGRY,4,meach,0,401,nw,nw,un,0,#NULL!,#NULL!,#NULL!,#NULL!,#NULL!,#NULL!
List3Session2,3,2,2,165,50,1,BIBLE,2,holy,1,432,other,rel,nw,1,-0.76618,95,432,432,-0.804651,-0.815359
List3Session2,3,2,2,166,50,1,HAPPENING,1,now,1,430,first,rel,rel,1,-0.716392,98,430,430,-0.828839,-0.848646
List3Session2,3,2,2,167,50,1,OPENER,1,can,1,475,first,rel,rel,1,-0.398492,98,475,475,-0.403743,-0.392241
List3Session2,3,2,2,168,50,2,FILTHY,2,nou,1,504,nw,nw,rel,1,-0.827987,196,504,504,-0.93697,-0.966689
List3Session2,3,2,2,169,50,2,ATTENTION,1,pexy,1,563,nw,nw,nw,1,-0.430179,196,563,563,-0.434627,-0.425806
List3Session2,3,2,2,170,50,2,TUSK,3,anvice,1,524,nw,nw,nw,1,-0.693137,196,524,524,-0.766684,-0.783339
List3Session2,3,2,2,171,50,2,HOSTAGE,4,aif,1,470,nw,nw,nw,1,-1.057232,196,470,470,-1.226455,-1.278384
List3Session2,3,2,2,172,50,2,DISOWN,3,togger,1,578,nw,nw,nw,1,-0.329041,196,578,578,-0.306913,-0.288294
List3Session2,3,2,2,173,50,1,SEE,2,hear,1,442,other,rel,nw,1,-0.669324,95,442,442,-0.68664,-0.690109
List3Session2,3,2,2,174,50,2,SPRINKLE,4,beeth,1,567,nw,nw,rel,1,-0.403209,196,567,567,-0.40057,-0.389136
List3Session2,3,2,2,175,50,2,UNTRUTHFUL,2,poys,0,496,nw,nw,nw,0,#NULL!,#NULL!,#NULL!,#NULL!,#NULL!,#NULL!
List3Session2,3,2,2,176,50,1,RESPOND,4,syrup,0,507,other,un,nw,0,#NULL!,#NULL!,#NULL!,#NULL!,#NULL!,#NULL!
List3Session2,3,2,2,177,50,1,RUSSIA,1,communist,1,629,first,rel,un,1,0.689432,98,629,629,1.05103,1.169677
List3Session2,3,2,2,178,50,1,LION,3,religion,1,507,first,un,rel,1,-0.17243,98,507,507,-0.101452,-0.067687
List3Session2,3,2,2,179,50,2,CANE,3,spibe,1,630,nw,nw,un,1,0.021569,196,630,630,0.135829,0.188416
List3Session2,3,2,2,180,50,1,IMPEDIMENT,4,beginning,1,781,other,un,nw,1,2.614086,95,#NULL!,781,#NULL!,3.313909
List3Session2,3,2,2,181,50,2,HYGIENE,4,plup,1,589,nw,nw,un,1,-0.254874,196,589,589,-0.213256,-0.187451
List3Session2,3,2,2,182,50,1,GUESS,1,question,1,532,first,rel,nw,1,0.004181,98,532,532,0.134712,0.185872
List3Session2,3,2,2,183,50,1,SIDEWALK,2,walkway,1,463,other,rel,rel,1,-0.465927,95,463,463,-0.438819,-0.427086
List3Session2,3,2,2,184,50,2,NATION,4,bapability,1,620,nw,nw,rel,1,-0.045856,196,620,620,0.050687,0.096741
List3Session2,3,2,2,185,50,2,SCUBA,3,cleak,1,1538,nw,nw,nw,1,6.143767,196,#NULL!,#NULL!,#NULL!,#NULL!
List3Session2,3,2,2,186,50,2,CHOP,4,pords,1,563,nw,nw,nw,1,-0.430179,196,563,563,-0.434627,-0.425806
List3Session2,3,2,2,187,50,1,POPCORN,4,slave,1,523,other,un,nw,1,0.115207,95,523,523,0.269243,0.324409
List3Session2,3,2,2,188,50,2,LAUNCH,3,noetry,1,934,nw,nw,un,1,2.071292,196,934,934,2.72417,2.975338
List3Session2,3,2,2,189,50,2,FOIL,3,geperal,1,736,nw,nw,nw,1,0.736275,196,736,736,1.038343,1.160172
List3Session2,3,2,2,190,50,1,FOE,4,ape,0,545,other,un,nw,0,#NULL!,#NULL!,#NULL!,#NULL!,#NULL!,#NULL!
List3Session2,3,2,2,191,50,2,EVER,1,poda,1,1082,nw,nw,un,1,3.069183,196,#NULL!,#NULL!,#NULL!,#NULL!
List3Session2,3,2,2,192,50,2,BRING,4,rofes,1,510,nw,nw,nw,1,-0.787532,196,510,510,-0.885884,-0.911684
List3Session2,3,2,2,193,50,2,ROUGH,1,yeal,1,1161,nw,nw,nw,1,3.601841,196,#NULL!,#NULL!,#NULL!,#NULL!
List3Session2,3,2,2,194,50,1,SECTION,2,eight,1,507,other,rel,nw,1,-0.039762,95,507,507,0.080427,0.12401
List3Session2,3,2,2,195,50,2,PAN,3,dypnotize,1,614,nw,nw,rel,1,-0.086311,196,614,614,-0.000399,0.041736
List3Session2,3,2,2,196,50,2,STIMULUS,4,keaf,1,571,nw,nw,nw,1,-0.376239,196,571,571,-0.366513,-0.352466
List3Session2,3,2,2,197,50,1,OASIS,4,move,1,500,other,un,nw,1,-0.107561,95,500,500,-0.002181,0.036336
List3Session2,3,2,2,198,50,1,BELONG,4,bride,1,510,other,un,un,1,-0.010705,95,510,510,0.11583,0.161585
List3Session2,3,2,2,199,50,1,RING,2,bell,1,458,other,rel,un,1,-0.514355,95,458,458,-0.497824,-0.489711
List3Session2,3,2,2,200,50,2,MODERN,4,leton,1,534,nw,nw,rel,1,-0.625712,196,534,534,-0.681541,-0.691664
List3Session2,3,2,2,201,50,2,DOORWAY,2,elt,1,548,nw,nw,nw,1,-0.531317,196,548,548,-0.562342,-0.563319
List3Session2,3,2,2,202,50,2,BRAVERY,2,aptive,1,478,nw,nw,nw,1,-1.003292,196,478,478,-1.158341,-1.205044
List3Session2,3,2,2,203,50,1,HOOP,3,success,1,522,first,un,nw,1,-0.066463,98,522,522,0.040246,0.084448
List3Session2,3,2,2,204,50,2,MINUTES,3,buv,1,485,nw,nw,un,1,-0.956095,196,485,485,-1.098741,-1.140872
List3Session2,3,2,2,205,50,1,CHANGE,3,chicken,1,433,first,un,nw,1,-0.695199,98,433,433,-0.800499,-0.818219
List3Session2,3,2,2,206,50,1,WEAVE,1,sew,0,478,first,rel,un,0,#NULL!,#NULL!,#NULL!,#NULL!,#NULL!,#NULL!
List3Session2,3,2,2,207,50,1,GUN,3,meaning,1,490,first,un,rel,1,-0.292526,98,490,490,-0.262044,-0.240106
List3Session2,3,2,2,208,50,2,SENATOR,4,georme,1,549,nw,nw,un,1,-0.524574,196,549,549,-0.553827,-0.554152
List3Session2,3,2,2,209,50,1,STEAK,4,fiction,1,559,other,un,nw,1,0.463888,95,559,559,0.69408,0.775306
List3Session2,3,2,2,210,50,2,LAUGH,1,dound,1,535,nw,nw,un,1,-0.618969,196,535,535,-0.673027,-0.682497
List3Session2,3,2,2,211,50,2,VISIT,4,dore,1,610,nw,nw,nw,1,-0.113281,196,610,610,-0.034456,0.005066
List3Session2,3,2,2,212,50,1,TRUCK,2,driver,1,520,other,rel,nw,1,0.086151,95,520,520,0.23384,0.286834
List3Session2,3,2,2,213,50,1,CEREAL,1,breakfast,1,499,first,rel,rel,1,-0.228946,98,499,499,-0.177025,-0.148825
List3Session2,3,2,2,214,50,1,HORNET,4,drive,1,494,other,un,rel,1,-0.165674,95,494,494,-0.072987,-0.038813
List3Session2,3,2,2,215,50,1,EYEBALL,3,sly,1,634,first,un,un,1,0.724754,98,634,634,1.098263,1.220389
List3Session2,3,2,2,216,50,1,GOOSE,1,gander,0,623,first,rel,un,0,#NULL!,#NULL!,#NULL!,#NULL!,#NULL!,#NULL!
List3Session2,3,2,2,217,50,1,CORPORATION,1,business,1,486,first,rel,rel,1,-0.320783,98,486,486,-0.299831,-0.280676
List3Session2,3,2,2,218,50,2,TOUCHDOWN,2,vemetable,1,737,nw,nw,rel,1,0.743018,196,737,737,1.046857,1.169339
List3Session2,3,2,2,219,50,2,BRUSH,4,colobne,1,578,nw,nw,nw,1,-0.329041,196,578,578,-0.306913,-0.288294
List3Session2,3,2,2,220,50,2,ETHICS,2,fauce,1,666,nw,nw,nw,1,0.264299,196,666,666,0.442343,0.518447
List3Session2,3,2,2,221,50,2,POP,1,quank,1,815,nw,nw,nw,1,1.268933,196,815,815,1.710971,1.884405
List3Session2,3,2,2,222,50,1,REBEL,2,wild,1,446,other,rel,nw,1,-0.630582,95,446,446,-0.639436,-0.64001
List3Session2,3,2,2,223,50,2,FLYING,3,siln,1,651,nw,nw,rel,1,0.163162,196,651,651,0.314629,0.380934
List3Session2,3,2,2,224,50,1,POSSIBLE,4,castle,1,512,other,un,nw,1,0.008666,95,512,512,0.139432,0.186635
List3Session2,3,2,2,225,50,2,SLAY,3,perponality,1,891,nw,nw,un,1,1.781364,196,891,891,2.358056,2.581135
List3Session2,3,2,2,226,50,2,ROCK,1,schedume,1,838,nw,nw,nw,1,1.424011,196,838,838,1.9068,2.095257
List3Session2,3,2,2,227,50,1,FLU,2,sneeze,1,627,other,rel,nw,1,1.122507,95,627,627,1.49655,1.627001
List3Session2,3,2,2,228,50,1,COMPONENT,3,apartment,1,536,first,un,rel,1,0.032439,98,536,536,0.172498,0.226441
List3Session2,3,2,2,229,50,1,HELP,4,funny,1,450,other,un,un,1,-0.59184,95,450,450,-0.592232,-0.58991
List3Session2,3,2,2,230,50,2,ALBUM,1,tarthquame,1,623,nw,nw,un,1,-0.025628,196,623,623,0.076229,0.124244
List3Session2,3,2,2,231,50,2,OPENING,1,inpurance,1,501,nw,nw,nw,1,-0.848214,196,501,501,-0.962513,-0.994192
List3Session2,3,2,2,232,50,2,LUCK,4,wao,1,464,nw,nw,nw,1,-1.097687,196,464,464,-1.277541,-1.333389
List3Session2,3,2,2,233,50,1,SNAP,1,crackle,1,492,first,rel,nw,1,-0.278397,98,492,492,-0.243151,-0.219822
List3Session2,3,2,2,234,50,1,SCALE,3,tumble,1,441,first,un,rel,1,-0.638683,98,441,441,-0.724927,-0.73708
List3Session2,3,2,2,235,50,2,VEGETABLES,2,whab,1,550,nw,nw,un,1,-0.517832,196,550,550,-0.545313,-0.544984
List3Session2,3,2,2,236,50,1,BOOTS,4,itch,1,623,other,un,nw,1,1.083765,95,623,623,1.449346,1.576901
List3Session2,3,2,2,237,50,2,BIRTHDAY,4,burnifure,1,676,nw,nw,un,1,0.331725,196,676,676,0.527486,0.610122
List3Session2,3,2,2,238,50,1,POST,1,office,1,456,first,rel,nw,1,-0.532717,98,456,456,-0.583228,-0.584945
List3Session2,3,2,2,239,50,2,SHIP,4,retridenato,1,597,nw,nw,rel,1,-0.200934,196,597,597,-0.145142,-0.114111
List3Session2,3,2,2,240,50,2,FUN,4,weemend,1,540,nw,nw,nw,1,-0.585257,196,540,540,-0.630456,-0.636659
List3Session2,3,2,2,241,50,1,LOUD,2,pain,1,470,other,rel,nw,1,-0.398128,95,470,470,-0.356211,-0.339412
List3Session2,3,2,2,242,50,1,SCIENTIST,2,science,1,450,other,rel,rel,1,-0.59184,95,450,450,-0.592232,-0.58991
List3Session2,3,2,2,243,50,2,RESCUE,2,betner,1,575,nw,nw,rel,1,-0.349269,196,575,575,-0.332456,-0.315796
List3Session2,3,2,2,244,50,1,PLAYGROUND,2,slide,1,439,other,rel,nw,1,-0.698381,95,439,439,-0.722043,-0.727684
List3Session2,3,2,2,245,50,1,DRUG,2,cocaine,1,405,other,rel,rel,1,-1.027691,95,405,405,-1.123278,-1.153531
List3Session2,3,2,2,246,50,1,LUBRICATE,4,eyes,1,436,other,un,rel,1,-0.727438,95,436,436,-0.757446,-0.765259
List3Session2,3,2,2,247,50,1,BIRTH,4,ten,1,513,other,un,un,1,0.018352,95,513,513,0.151233,0.19916
List3Session2,3,2,2,248,50,2,TOUR,4,brate,1,540,nw,nw,un,1,-0.585257,196,540,540,-0.630456,-0.636659
List3Session2,3,2,2,249,50,1,WOOL,4,know,1,437,other,un,nw,1,-0.717752,95,437,437,-0.745645,-0.752734
List3Session2,3,2,2,250,50,1,UNDECIDED,4,vacation,1,500,other,un,un,1,-0.107561,95,500,500,-0.002181,0.036336
List3Session2,3,2,2,251,50,2,STICKER,4,naze,1,831,nw,nw,un,1,1.376813,196,831,831,1.8472,2.031085
List3Session2,3,2,2,252,50,2,JAIL,3,whibe,1,685,nw,nw,nw,1,0.392407,196,685,685,0.604115,0.692629
List3Session2,3,2,2,253,50,1,COMMANDER,1,chief,1,465,first,rel,nw,1,-0.469137,98,465,465,-0.498209,-0.493664
List3Session2,3,2,2,254,50,2,SECRETIVE,3,pruth,1,589,nw,nw,rel,1,-0.254874,196,589,589,-0.213256,-0.187451
List3Session2,3,2,2,255,50,1,TALK,3,rabbit,1,597,first,un,nw,1,0.46337,98,597,597,0.74874,0.845123
List3Session2,3,2,2,256,50,1,MUG,1,beer,1,429,first,rel,un,1,-0.723457,98,429,429,-0.838286,-0.858788
List3Session2,3,2,2,257,50,1,LASTING,1,long,1,395,first,rel,rel,1,-0.963648,98,395,395,-1.159469,-1.203627
List3Session2,3,2,2,258,50,2,BONDAGE,4,bree,1,571,nw,nw,rel,1,-0.376239,196,571,571,-0.366513,-0.352466
List3Session2,3,2,2,259,50,2,COMEDY,4,owp,1,452,nw,nw,nw,1,-1.178597,196,452,452,-1.379712,-1.443399
List3Session2,3,2,2,260,50,1,FIGHT,1,fist,1,401,first,rel,nw,1,-0.921261,98,401,401,-1.10279,-1.142773
List3Session2,3,2,2,261,50,1,STUMP,4,billy,1,416,other,un,rel,1,-0.921149,95,416,416,-0.993467,-1.015757
List3Session2,3,2,2,262,50,2,COMMA,2,lofe,1,558,nw,nw,un,1,-0.463891,196,558,558,-0.477199,-0.471644
List3Session2,3,2,2,263,50,1,MINOR,3,sharp,1,407,first,un,nw,1,-0.878875,98,407,407,-1.04611,-1.08192
List3Session2,3,2,2,264,50,1,CHESS,2,king,1,502,other,rel,un,1,-0.08819,95,502,502,0.021421,0.061386
List3Session2,3,2,2,265,50,2,NO,3,jigh,1,529,nw,nw,rel,1,-0.659424,196,529,529,-0.724113,-0.737502
List3Session2,3,2,2,266,50,1,SPLINTER,2,foot,1,475,other,rel,nw,1,-0.3497,95,475,475,-0.297206,-0.276787
List3Session2,3,2,2,267,50,2,DOWN,4,nore,1,678,nw,nw,rel,1,0.34521,196,678,678,0.544515,0.628457
List3Session2,3,2,2,268,50,1,BEGINNER,1,novice,0,778,first,rel,nw,0,#NULL!,#NULL!,#NULL!,#NULL!,#NULL!,#NULL!
List3Session2,3,2,2,269,50,2,STAMP,2,maln,1,490,nw,nw,rel,1,-0.922382,196,490,490,-1.05617,-1.095034
List3Session2,3,2,2,270,50,1,CONQUEST,4,fries,1,870,other,un,nw,1,3.476103,95,#NULL!,#NULL!,#NULL!,#NULL!
List3Session2,3,2,2,271,50,1,STEAL,2,beg,1,386,other,rel,un,1,-1.211717,95,386,386,-1.347498,-1.391505
List3Session2,3,2,2,272,50,2,CONTEXT,4,loab,1,433,nw,nw,rel,1,-1.306705,196,433,433,-1.541484,-1.617582
List3Session2,3,2,2,273,50,1,OPERATION,3,valuable,0,847,first,un,nw,0,#NULL!,#NULL!,#NULL!,#NULL!,#NULL!,#NULL!
List3Session2,3,2,2,274,50,2,CORAL,1,bramelet,1,700,nw,nw,un,1,0.493545,196,700,700,0.731829,0.830142
List3Session2,3,2,2,275,50,1,SPOILED,1,rotten,1,783,first,rel,nw,1,1.777356,98,783,783,2.505804,2.731596
List3Session2,3,2,2,276,50,2,TREATMENT,2,epotion,1,576,nw,nw,rel,1,-0.342526,196,576,576,-0.323942,-0.306629
List3Session2,3,2,2,277,50,1,PERCEPTION,3,values,1,455,first,un,nw,1,-0.539781,98,455,455,-0.592674,-0.595088
List3Session2,3,2,2,278,50,2,TRUTHFUL,3,poter,1,515,nw,nw,un,1,-0.753819,196,515,515,-0.843313,-0.865847
List3Session2,3,2,2,279,50,1,LENS,1,glasses,1,734,first,rel,nw,1,1.431199,98,734,734,2.042921,2.234622
List3Session2,3,2,2,280,50,2,VENUS,1,styre,1,496,nw,nw,rel,1,-0.881927,196,496,496,-1.005084,-1.040029
List3Session2,3,2,2,281,50,2,FAKE,1,attib,1,444,nw,nw,nw,1,-1.232537,196,444,444,-1.447827,-1.51674
List3Session2,3,2,2,282,50,1,TWIST,3,treat,1,553,first,un,nw,1,0.152534,98,553,553,0.33309,0.39886
List3Session2,3,2,2,283,50,1,ENTRY,4,sheep,1,466,other,un,un,1,-0.436871,95,466,466,-0.403416,-0.389511
List3Session2,3,2,2,284,50,2,BLANKET,3,slone,1,878,nw,nw,un,1,1.693711,196,878,878,2.247371,2.461958
List3Session2,3,2,2,285,50,1,DUMP,1,garbage,1,442,first,rel,nw,1,-0.631619,98,442,442,-0.71548,-0.726938
List3Session2,3,2,2,286,50,2,GALAXY,2,unplear,1,1048,nw,nw,rel,1,2.839938,196,#NULL!,1048,#NULL!,3.694798
List3Session2,3,2,2,287,50,1,JUSTICE,4,rose,1,365,other,un,nw,1,-1.415114,95,365,365,-1.59532,-1.654528
List3Session2,3,2,2,288,50,1,WATCH,4,plane,1,397,other,un,un,1,-1.105175,95,397,397,-1.217687,-1.253731
List3Session2,3,2,2,289,50,2,FAILURE,3,fice,0,381,nw,nw,un,0,#NULL!,#NULL!,#NULL!,#NULL!,#NULL!,#NULL!
List3Session2,3,2,2,290,50,1,SNOT,1,nose,1,445,first,rel,nw,1,-0.610426,98,445,445,-0.68714,-0.696511
List3Session2,3,2,2,291,50,1,GRAVY,4,exhale,0,539,other,un,rel,0,#NULL!,#NULL!,#NULL!,#NULL!,#NULL!,#NULL!
List3Session2,3,2,2,292,50,2,PROFESSOR,2,prepident,1,692,nw,nw,un,1,0.439605,196,692,692,0.663715,0.756802
List3Session2,3,2,2,293,50,1,POPE,2,god,1,456,other,rel,nw,1,-0.533726,95,456,456,-0.521426,-0.51476
List3Session2,3,2,2,294,50,2,COVER,1,dod,1,565,nw,nw,rel,1,-0.416694,196,565,565,-0.417599,-0.407471
List3Session2,3,2,2,295,50,2,UNCOMMON,4,broncoli,0,717,nw,nw,nw,0,#NULL!,#NULL!,#NULL!,#NULL!,#NULL!,#NULL!
List3Session2,3,2,2,296,50,2,LIME,1,hald,1,816,nw,nw,nw,1,1.275676,196,816,816,1.719485,1.893572
List3Session2,3,2,2,297,50,1,ATOMIC,4,crab,1,846,other,un,nw,1,3.243649,95,#NULL!,#NULL!,#NULL!,#NULL!
List3Session2,3,2,2,298,50,1,HUNGER,2,africa,1,523,other,rel,un,1,0.115207,95,523,523,0.269243,0.324409
List3Session2,3,2,2,299,50,2,FRILL,1,coof,1,662,nw,nw,rel,1,0.237329,196,662,662,0.408286,0.481776
List3Session2,3,2,2,300,50,2,POLYESTER,1,koss,1,763,nw,nw,nw,1,0.918323,196,763,763,1.268229,1.407694
List3Session2,3,2,2,301,50,2,COOL,2,porl,1,548,nw,nw,nw,1,-0.531317,196,548,548,-0.562342,-0.563319
List3Session2,3,2,2,302,50,1,ROCKET,2,sky,1,477,other,rel,nw,1,-0.330329,95,477,477,-0.273604,-0.251737
List3Session2,3,2,2,303,50,1,BANDAID,3,honest,1,457,first,un,rel,1,-0.525652,98,457,457,-0.573781,-0.574803
List3Session2,3,2,2,304,50,1,HEAVEN,3,dust,1,405,first,un,un,1,-0.893003,98,405,405,-1.065003,-1.102204
List3Session2,3,2,2,305,50,2,HUSBAND,3,dever,0,709,nw,nw,un,0,#NULL!,#NULL!,#NULL!,#NULL!,#NULL!,#NULL!
List3Session2,3,2,2,306,50,2,RENT,3,sopority,1,1175,nw,nw,nw,1,3.696236,196,#NULL!,#NULL!,#NULL!,#NULL!
List3Session2,3,2,2,307,50,2,HEIGHT,4,tave,1,599,nw,nw,nw,1,-0.187449,196,599,599,-0.128113,-0.095776
List3Session2,3,2,2,308,50,1,LOVING,1,caring,1,447,first,rel,nw,1,-0.596297,98,447,447,-0.668247,-0.676226
List3Session2,3,2,2,309,50,1,DROWN,4,plant,1,429,other,un,rel,1,-0.795237,95,429,429,-0.840054,-0.852933
List3Session2,3,2,2,310,50,1,LIBERTY,3,bathroom,1,459,first,un,un,1,-0.511523,98,459,459,-0.554888,-0.554518
List3Session2,3,2,2,311,50,1,WHEN,1,where,1,536,first,rel,un,1,0.032439,98,536,536,0.172498,0.226441
List3Session2,3,2,2,312,50,2,HEROIN,4,strile,1,832,nw,nw,rel,1,1.383556,196,832,832,1.855714,2.040252
List3Session2,3,2,2,313,50,2,MEMORIAL,1,neelde,1,510,nw,nw,nw,1,-0.787532,196,510,510,-0.885884,-0.911684
List3Session2,3,2,2,314,50,2,PENDULUM,4,toet,1,505,nw,nw,nw,1,-0.821244,196,505,505,-0.928456,-0.957522
List3Session2,3,2,2,315,50,2,SNAKE,2,bence,1,548,nw,nw,nw,1,-0.531317,196,548,548,-0.562342,-0.563319
List3Session2,3,2,2,316,50,2,ORIENT,2,dervice,1,717,nw,nw,nw,1,0.608167,196,717,717,0.876572,0.985989
List3Session2,3,2,2,317,50,1,SUMMER,1,winter,1,447,first,rel,nw,1,-0.596297,98,447,447,-0.668247,-0.676226
List3Session2,3,2,2,318,50,2,BRICK,2,enplish,1,557,nw,nw,rel,1,-0.470634,196,557,557,-0.485713,-0.480811
List3Session2,3,2,2,319,50,1,ROAR,3,dependent,1,581,first,un,nw,1,0.350339,98,581,581,0.597595,0.682846
List3Session2,3,2,2,320,50,2,BILLBOARD,1,anpwer,1,558,nw,nw,un,1,-0.463891,196,558,558,-0.477199,-0.471644
List3Session2,3,2,2,321,50,1,ELEMENTS,3,chain,1,454,first,un,nw,1,-0.546846,98,454,454,-0.602121,-0.60523
List3Session2,3,2,2,322,50,2,THIGH,2,freelom,0,451,nw,nw,un,0,#NULL!,#NULL!,#NULL!,#NULL!,#NULL!,#NULL!
List3Session2,3,2,2,323,50,1,COUPLE,4,christmas,1,607,other,un,nw,1,0.928796,95,607,607,1.260529,1.376503
List3Session2,3,2,2,324,50,2,BOARD,4,bix,1,550,nw,nw,un,1,-0.517832,196,550,550,-0.545313,-0.544984
List3Session2,3,2,2,325,50,2,DUPLICATE,4,troumle,1,719,nw,nw,nw,1,0.621652,196,719,719,0.8936,1.004324
List3Session2,3,2,2,326,50,1,OUTRAGEOUS,4,snail,1,529,other,un,nw,1,0.173321,95,529,529,0.340049,0.399559
List3Session2,3,2,2,327,50,1,WRAP,2,around,1,507,other,rel,un,1,-0.039762,95,507,507,0.080427,0.12401
List3Session2,3,2,2,328,50,1,PENNY,2,dime,1,582,other,rel,rel,1,0.686656,95,582,582,0.965504,1.06338
List3Session2,3,2,2,329,50,1,FAVORITE,1,best,1,1198,first,rel,rel,1,4.709101,98,#NULL!,#NULL!,#NULL!,#NULL!
List3Session2,3,2,2,330,50,1,KILL,3,chemistry,1,589,first,un,rel,1,0.406854,98,589,589,0.673167,0.763984
List3Session2,3,2,2,331,50,2,SIGHT,2,thurmday,1,629,nw,nw,un,1,0.014827,196,629,629,0.127315,0.179249
List3Session2,3,2,2,332,50,1,LAB,1,experiment,1,459,first,rel,nw,1,-0.511523,98,459,459,-0.554888,-0.554518
List3Session2,3,2,2,333,50,1,TOMATO,3,out,1,679,first,un,rel,1,1.042654,98,679,679,1.523359,1.676794
List3Session2,3,2,2,334,50,1,LATE,1,early,1,476,first,rel,un,1,-0.391428,98,476,476,-0.394296,-0.382099
List3Session2,3,2,2,335,50,2,TEMPLE,1,anuse,1,600,nw,nw,rel,1,-0.180706,196,600,600,-0.119599,-0.086609
List3Session2,3,2,2,336,50,1,CHOOSE,3,monkey,1,447,first,un,nw,1,-0.596297,98,447,447,-0.668247,-0.676226
List3Session2,3,2,2,337,50,1,APPRAISE,1,value,1,685,first,rel,un,1,1.085041,98,685,685,1.580039,1.737648
List3Session2,3,2,2,338,50,1,ANISETTE,4,chair,1,497,other,un,rel,1,-0.136618,95,497,497,-0.037584,-0.001239
List3Session2,3,2,2,339,50,2,TOURIST,1,mald,1,604,nw,nw,un,1,-0.153736,196,604,604,-0.085542,-0.049939
List3Session2,3,2,2,340,50,2,GOURMET,2,ebect,1,579,nw,nw,nw,1,-0.322299,196,579,579,-0.298399,-0.279126
List3Session2,3,2,2,341,50,2,LITERATURE,2,sipter,1,682,nw,nw,nw,1,0.37218,196,682,682,0.578572,0.665127
List3Session2,3,2,2,342,50,2,WHEAT,4,neef,1,718,nw,nw,nw,1,0.61491,196,718,718,0.885086,0.995157
List3Session2,3,2,2,343,50,1,CERAMICS,2,crafts,1,560,other,rel,nw,1,0.473574,95,560,560,0.705881,0.787831
List3Session2,3,2,2,344,50,1,BENEFIT,3,idea,1,1177,first,un,rel,1,4.560747,98,#NULL!,#NULL!,#NULL!,#NULL!
List3Session2,3,2,2,345,50,1,INTAKE,4,adventure,0,441,other,un,un,0,#NULL!,#NULL!,#NULL!,#NULL!,#NULL!,#NULL!
List3Session2,3,2,2,346,50,1,COUGH,1,cold,1,486,first,rel,un,1,-0.320783,98,486,486,-0.299831,-0.280676
List3Session2,3,2,2,347,50,2,SHEETS,2,drot,1,546,nw,nw,rel,1,-0.544802,196,546,546,-0.57937,-0.581654
List3Session2,3,2,2,348,50,2,SOON,4,scave,0,555,nw,nw,nw,0,#NULL!,#NULL!,#NULL!,#NULL!,#NULL!,#NULL!
List3Session2,3,2,2,349,50,2,HISTORY,2,jace,1,596,nw,nw,nw,1,-0.207676,196,596,596,-0.153656,-0.123279
List3Session2,3,2,2,350,50,2,CANYON,1,lasp,1,635,nw,nw,nw,1,0.055282,196,635,635,0.178401,0.234254
List3Session2,3,2,2,351,50,1,PERSUADE,2,con,0,513,other,rel,nw,0,#NULL!,#NULL!,#NULL!,#NULL!,#NULL!,#NULL!
List3Session2,3,2,2,352,50,2,TROT,3,finter,1,667,nw,nw,rel,1,0.271042,196,667,667,0.450858,0.527614
List3Session2,3,2,2,353,50,1,OVEN,4,sad,1,463,other,un,nw,1,-0.465927,95,463,463,-0.438819,-0.427086
List3Session2,3,2,2,354,50,2,SUITCASE,4,wrine,1,621,nw,nw,un,1,-0.039113,196,621,621,0.059201,0.105909
List3Session2,3,2,2,355,50,2,SUPERIOR,3,frowers,0,531,nw,nw,nw,0,#NULL!,#NULL!,#NULL!,#NULL!,#NULL!,#NULL!
List3Session2,3,2,2,356,50,1,INSECURE,1,secure,1,589,first,rel,nw,1,0.406854,98,589,589,0.673167,0.763984
List3Session2,3,2,2,357,50,1,ROOST,3,toy,1,517,first,un,rel,1,-0.101786,98,517,517,-0.006987,0.033737
List3Session2,3,2,2,358,50,1,TWILIGHT,3,being,1,463,first,un,un,1,-0.483266,98,463,463,-0.517102,-0.513949
List3Session2,3,2,2,359,50,2,HAIRCUT,4,una,1,540,nw,nw,un,1,-0.585257,196,540,540,-0.630456,-0.636659
List3Session2,3,2,2,360,50,2,MUMMY,1,faib,1,597,nw,nw,nw,1,-0.200934,196,597,597,-0.145142,-0.114111
List3Session2,3,2,2,361,50,1,FADE,2,jeans,1,732,other,rel,nw,1,2.139493,95,732,732,2.735658,2.942118
List3Session2,3,2,2,362,50,2,RIGHTEOUS,3,nid,1,494,nw,nw,rel,1,-0.895412,196,494,494,-1.022113,-1.058364
List3Session2,3,2,2,363,50,2,LOSE,4,gime,1,569,nw,nw,nw,1,-0.389724,196,569,569,-0.383542,-0.370801
List3Session2,3,2,2,364,50,1,LOW,3,breathe,1,706,first,un,nw,1,1.233394,98,706,706,1.778417,1.950637
List3Session2,3,2,2,365,50,1,IN,3,inferior,1,694,first,un,un,1,1.148621,98,694,694,1.665058,1.828929
List3Session2,3,2,2,366,50,2,FAD,1,befeat,1,585,nw,nw,un,1,-0.281844,196,585,585,-0.247313,-0.224121
List3Session2,3,2,2,367,50,2,JAWS,3,meather,1,593,nw,nw,nw,1,-0.227904,196,593,593,-0.179199,-0.150781
List3Session2,3,2,2,368,50,2,INDOORS,1,dashion,1,488,nw,nw,nw,1,-0.935867,196,488,488,-1.073198,-1.113369
List3Session2,3,2,2,369,50,1,OBJECT,4,backward,1,451,other,un,nw,1,-0.582154,95,451,451,-0.580431,-0.577385
List3Session2,3,2,2,370,50,1,ELABORATE,1,explain,1,528,first,rel,un,1,-0.024077,98,528,528,0.096926,0.145302
List3Session2,3,2,2,371,50,1,DISTANCE,1,far,1,442,first,rel,rel,1,-0.631619,98,442,442,-0.71548,-0.726938
List3Session2,3,2,2,372,50,1,EXAMPLE,3,bleach,0,647,first,un,rel,0,#NULL!,#NULL!,#NULL!,#NULL!,#NULL!,#NULL!
List3Session2,3,2,2,373,50,2,COLONEL,4,agove,1,781,nw,nw,un,1,1.039688,196,781,781,1.421486,1.57271
List3Session2,3,2,2,374,50,1,CHISEL,4,climb,1,510,other,un,nw,1,-0.010705,95,510,510,0.11583,0.161585
List3Session2,3,2,2,375,50,2,LOST,1,suy,1,728,nw,nw,un,1,0.682335,196,728,728,0.970229,1.086832
List3Session2,3,2,2,376,50,1,AWARD,3,draw,1,443,first,un,nw,1,-0.624555,98,443,443,-0.706033,-0.716796
List3Session2,3,2,2,377,50,1,MEADOW,1,field,1,489,first,rel,un,1,-0.29959,98,489,489,-0.271491,-0.250249
List3Session2,3,2,2,378,50,1,CROCHET,3,sex,1,468,first,un,rel,1,-0.447943,98,468,468,-0.469869,-0.463238
List3Session2,3,2,2,379,50,1,TENOR,2,soprano,1,672,other,rel,un,1,1.558358,95,672,672,2.027596,2.190622
List3Session2,3,2,2,380,50,2,FRATERNITY,1,ambutance,1,819,nw,nw,rel,1,1.295903,196,819,819,1.745028,1.921075
List3Session2,3,2,2,381,50,2,SOLDIER,2,leate,1,642,nw,nw,nw,1,0.102479,196,642,642,0.238001,0.298426
List3Session2,3,2,2,382,50,1,DISINTEGRATE,4,important,1,615,other,un,nw,1,1.006281,95,615,615,1.354938,1.476702
List3Session2,3,2,2,383,50,1,NUMBER,1,one,1,463,first,rel,un,1,-0.483266,98,463,463,-0.517102,-0.513949
List3Session2,3,2,2,384,50,2,TRICK,3,manute,1,620,nw,nw,rel,1,-0.045856,196,620,620,0.050687,0.096741
List3Session2,3,2,2,385,50,1,BUSH,4,clue,1,674,other,un,nw,1,1.57773,95,674,674,2.051198,2.215672
List3Session2,3,2,2,386,50,2,DEBATE,3,perbon,1,806,nw,nw,un,1,1.208251,196,806,806,1.634343,1.801897
List3Session2,3,2,2,387,50,1,MOUNTAIN,2,top,1,469,other,rel,nw,1,-0.407814,95,469,469,-0.368013,-0.351937
List3Session2,3,2,2,388,50,1,DATE,3,raw,1,401,first,un,rel,1,-0.921261,98,401,401,-1.10279,-1.142773
List3Session2,3,2,2,389,50,2,THRIFT,1,learp,1,591,nw,nw,un,1,-0.241389,196,591,591,-0.196228,-0.169116
List3Session2,3,2,2,390,50,2,ADDICTION,4,snooth,1,615,nw,nw,nw,1,-0.079568,196,615,615,0.008115,0.050904
List3Session2,3,2,2,391,50,2,SLUG,4,voap,1,525,nw,nw,nw,1,-0.686394,196,525,525,-0.75817,-0.774172
List3Session2,3,2,2,392,50,2,IRRITATE,4,booke,1,568,nw,nw,nw,1,-0.396466,196,568,568,-0.392056,-0.379969
List3Session2,3,2,2,393,50,2,BOY,2,baucer,1,528,nw,nw,nw,1,-0.666167,196,528,528,-0.732627,-0.746669
List3Session2,3,2,2,394,50,1,OUNCE,3,headache,1,618,first,un,nw,1,0.611723,98,618,618,0.947118,1.058112
List3Session2,3,2,2,395,50,2,HAVE,1,stral,1,561,nw,nw,un,1,-0.443664,196,561,561,-0.451656,-0.444141
List3Session2,3,2,2,396,50,2,BROKEN,4,cotlon,1,586,nw,nw,nw,1,-0.275101,196,586,586,-0.238799,-0.214954
List3Session2,3,2,2,397,50,2,START,2,repord,1,769,nw,nw,nw,1,0.958778,196,769,769,1.319314,1.4627
List3Session2,3,2,2,398,50,1,FROWN,3,taste,1,466,first,un,nw,1,-0.462072,98,466,466,-0.488762,-0.483522
List3Session2,3,2,2,399,50,2,CHARM,1,wocks,1,510,nw,nw,un,1,-0.787532,196,510,510,-0.885884,-0.911684
List3Session2,3,2,2,400,50,1,BUY,1,sell,1,505,first,rel,nw,1,-0.186559,98,505,505,-0.120345,-0.087971
List3Session2,3,2,2,401,50,1,ANXIETY,1,nervous,1,550,first,rel,rel,1,0.131341,98,550,550,0.304751,0.368433
List3Session2,3,2,2,402,50,2,DICE,1,anpually,1,591,nw,nw,rel,1,-0.241389,196,591,591,-0.196228,-0.169116
List3Session2,3,2,2,403,50,2,STEREOTYPE,3,powdoy,1,472,nw,nw,nw,1,-1.043747,196,472,472,-1.209427,-1.260049
List3Session2,3,2,2,404,50,2,ADJECTIVE,2,manerial,1,500,nw,nw,nw,1,-0.854957,196,500,500,-0.971027,-1.003359
List3Session2,3,2,2,405,50,1,COMPUTER,2,disc,1,623,other,rel,nw,1,1.083765,95,623,623,1.449346,1.576901
List3Session2,3,2,2,406,50,2,HYPER,1,vigion,1,485,nw,nw,rel,1,-0.956095,196,485,485,-1.098741,-1.140872
List3Session2,3,2,2,407,50,1,INCLINE,4,tired,0,497,other,un,nw,0,#NULL!,#NULL!,#NULL!,#NULL!,#NULL!,#NULL!
List3Session2,3,2,2,408,50,1,ENTRANCE,1,exit,1,477,first,rel,un,1,-0.384363,98,477,477,-0.38485,-0.371957
List3Session2,3,2,2,409,50,2,TOMB,3,poeb,1,504,nw,nw,rel,1,-0.827987,196,504,504,-0.93697,-0.966689
List3Session2,3,2,2,410,50,2,QUALITY,2,tubtract,1,548,nw,nw,nw,1,-0.531317,196,548,548,-0.562342,-0.563319
List3Session2,3,2,2,411,50,2,ASPHALT,3,teavs,1,589,nw,nw,nw,1,-0.254874,196,589,589,-0.213256,-0.187451
List3Session2,3,2,2,412,50,1,ALCOHOL,2,drink,1,454,other,rel,nw,1,-0.553097,95,454,454,-0.545028,-0.53981
List3Session2,3,2,2,413,50,2,AGREEMENT,3,croth,1,498,nw,nw,rel,1,-0.868442,196,498,498,-0.988056,-1.021694
List3Session2,3,2,2,414,50,2,SHAME,1,talf,1,574,nw,nw,nw,1,-0.356011,196,574,574,-0.34097,-0.324964
List3Session2,3,2,2,415,50,1,SMELL,3,positive,1,774,first,un,nw,1,1.713776,98,774,774,2.420784,2.640315
List3Session2,3,2,2,416,50,1,BECOME,4,search,1,551,other,un,un,1,0.386404,95,551,551,0.599672,0.675107
List3Session2,3,2,2,417,1050,2,FUMES,4,tob,1,597,nw,nw,un,1,-0.249551,192,597,597,-0.202052,-0.202052
List3Session2,3,2,2,418,1050,2,PAPERCLIP,2,elemator,0,420,nw,nw,nw,0,#NULL!,#NULL!,#NULL!,#NULL!,#NULL!,#NULL!
List3Session2,3,2,2,419,1050,2,CAREER,2,lentuce,1,555,nw,nw,nw,1,-0.525408,192,555,555,-0.541644,-0.541644
List3Session2,3,2,2,420,1050,1,SUN,3,zit,0,476,first,un,nw,0,#NULL!,#NULL!,#NULL!,#NULL!,#NULL!,#NULL!
List3Session2,3,2,2,421,1050,1,CUT,3,strength,1,511,first,un,un,1,-0.312329,97,511,511,-0.277728,-0.256708
List3Session2,3,2,2,422,1050,2,APATHETIC,1,reamon,1,691,nw,nw,un,1,0.367844,192,691,691,0.557987,0.557987
List3Session2,3,2,2,423,1050,2,BORROW,1,grol,1,478,nw,nw,nw,1,-1.031146,192,478,478,-1.164229,-1.164229
List3Session2,3,2,2,424,1050,1,WOODS,2,dark,1,513,other,rel,nw,1,-0.397489,100,513,513,-0.369551,-0.337485
List3Session2,3,2,2,425,1050,1,MORALS,3,buffalo,1,516,first,un,rel,1,-0.276854,97,516,516,-0.234743,-0.210763
List3Session2,3,2,2,426,1050,1,EASTER,1,sunday,1,486,first,rel,un,1,-0.489706,97,486,486,-0.492653,-0.486436
List3Session2,3,2,2,427,1050,1,AMAZE,3,all,1,730,first,un,rel,1,1.24149,97,730,730,1.605015,1.755705
List3Session2,3,2,2,428,1050,2,CABIN,3,whabe,1,660,nw,nw,un,1,0.164235,192,660,660,0.307336,0.307336
List3Session2,3,2,2,429,1050,1,JESUS,1,christ,1,418,first,rel,nw,1,-0.97217,97,418,418,-1.077249,-1.111295
List3Session2,3,2,2,430,1050,1,LIGHTHEADED,4,oil,1,440,other,un,rel,1,-1.013685,100,440,440,-1.051462,-1.085461
List3Session2,3,2,2,431,1050,1,CAKE,4,cans,1,445,other,un,un,1,-0.97148,100,445,445,-1.004756,-1.03423
List3Session2,3,2,2,432,1050,1,VICTORY,2,winner,1,418,other,rel,un,1,-1.199388,100,418,418,-1.25697,-1.310878
List3Session2,3,2,2,433,1050,1,DISCREET,2,cautious,1,537,other,rel,rel,1,-0.194904,100,537,537,-0.145361,-0.091576
List3Session2,3,2,2,434,1050,2,SURVEY,3,pon,1,411,nw,nw,rel,1,-1.471203,192,411,411,-1.70596,-1.70596
List3Session2,3,2,2,435,1050,2,KNIFE,1,pamer,1,627,nw,nw,nw,1,-0.05251,192,627,627,0.040514,0.040514
List3Session2,3,2,2,436,1050,1,QUIZ,1,test,1,401,first,rel,nw,1,-1.092786,97,401,401,-1.223398,-1.267509
List3Session2,3,2,2,437,1050,2,ARCHITECT,1,shabe,1,600,nw,nw,rel,1,-0.229847,192,600,600,-0.177796,-0.177796
List3Session2,3,2,2,438,1050,1,PLATES,1,dishes,1,487,first,rel,nw,1,-0.482611,97,487,487,-0.484056,-0.477247
List3Session2,3,2,2,439,1050,1,HINGE,2,swing,1,459,other,rel,rel,1,-0.853305,100,459,459,-0.873979,-0.890782
List3Session2,3,2,2,440,1050,1,LEGEND,1,story,1,430,first,rel,rel,1,-0.887029,97,430,430,-0.974085,-1.001025
List3Session2,3,2,2,441,1050,2,DISLIKE,1,leb,1,518,nw,nw,rel,1,-0.768425,192,518,518,-0.840808,-0.840808
List3Session2,3,2,2,442,1050,2,PROTEIN,2,rufer,1,584,nw,nw,nw,1,-0.334935,192,584,584,-0.307164,-0.307164
List3Session2,3,2,2,443,1050,2,ANARCHY,2,kog,1,472,nw,nw,nw,1,-1.070554,192,472,472,-1.212743,-1.212743
List3Session2,3,2,2,444,1050,2,LOYAL,4,tinse,1,556,nw,nw,nw,1,-0.51884,192,556,556,-0.533559,-0.533559
List3Session2,3,2,2,445,1050,2,BUYER,3,unfaip,1,508,nw,nw,nw,1,-0.834105,192,508,508,-0.921664,-0.921664
List3Session2,3,2,2,446,1050,1,SKETCH,3,right,1,576,first,un,nw,1,0.14885,97,576,576,0.281077,0.340583
List3Session2,3,2,2,447,1050,1,PERMIT,2,let,0,688,other,rel,un,0,#NULL!,#NULL!,#NULL!,#NULL!,#NULL!,#NULL!
List3Session2,3,2,2,448,1050,1,SHAPE,3,smile,1,522,first,un,rel,1,-0.234283,97,522,522,-0.183161,-0.155628
List3Session2,3,2,2,449,1050,2,SHRINK,2,stinach,1,909,nw,nw,un,1,1.799673,192,909,909,2.320631,2.320631
List3Session2,3,2,2,450,1050,1,LICENSE,2,driving,1,415,other,rel,nw,1,-1.224711,100,415,415,-1.284994,-1.341617
List3Session2,3,2,2,451,1050,2,INCREASE,2,wark,1,583,nw,nw,rel,1,-0.341503,192,583,583,-0.315249,-0.315249
List3Session2,3,2,2,452,1050,2,HIVE,1,pon't,1,423,nw,nw,nw,1,-1.392387,192,423,423,-1.608933,-1.608933
List3Session2,3,2,2,453,1050,2,HOSTESS,1,nocket,1,749,nw,nw,nw,1,0.748789,192,749,749,1.026948,1.026948
List3Session2,3,2,2,454,1050,2,MACHINE,3,nours,1,518,nw,nw,nw,1,-0.768425,192,518,518,-0.840808,-0.840808
List3Session2,3,2,2,455,1050,1,NEUTRON,3,square,1,520,first,un,nw,1,-0.248474,97,520,520,-0.200355,-0.174006
List3Session2,3,2,2,456,1050,1,LOVER,4,inhale,1,682,other,un,un,1,1.029048,100,682,682,1.20912,1.394129
List3Session2,3,2,2,457,1050,2,MEAN,2,tash,0,518,nw,nw,un,0,#NULL!,#NULL!,#NULL!,#NULL!,#NULL!,#NULL!
List3Session2,3,2,2,458,1050,2,BORDER,3,eyo,1,616,nw,nw,nw,1,-0.124758,192,616,616,-0.048427,-0.048427
List3Session2,3,2,2,459,1050,1,BREAKABLE,2,item,1,583,other,rel,nw,1,0.193384,100,583,583,0.284336,0.379751
List3Session2,3,2,2,460,1050,1,CANDY,2,gum,1,663,other,rel,rel,1,0.868668,100,663,663,1.031636,1.19945
List3Session2,3,2,2,461,1050,1,ACTRESS,1,actor,1,500,first,rel,rel,1,-0.390375,97,500,500,-0.372295,-0.357788
List3Session2,3,2,2,462,1050,1,PEST,4,coke,1,711,other,un,rel,1,1.273838,100,711,711,1.480016,1.69127
List3Session2,3,2,2,463,1050,1,PORK,4,belief,1,642,other,un,un,1,0.691406,100,642,642,0.83547,0.984279
List3Session2,3,2,2,464,1050,1,SENSITIVE,4,thought,1,559,other,un,un,1,-0.009201,100,559,559,0.060146,0.133841
List3Session2,3,2,2,465,1050,2,BLUFF,2,forb,1,511,nw,nw,un,1,-0.814401,192,511,511,-0.897407,-0.897407
List3Session2,3,2,2,466,1050,1,TRICYCLE,3,under,1,595,first,un,nw,1,0.283656,97,595,595,0.44442,0.515176
List3Session2,3,2,2,467,1050,2,AUTHORITY,4,airtlane,1,882,nw,nw,un,1,1.622336,192,882,882,2.102322,2.102322
List3Session2,3,2,2,468,1050,2,DIPLOMA,3,morry,1,567,nw,nw,nw,1,-0.446591,192,567,567,-0.444618,-0.444618
List3Session2,3,2,2,469,1050,2,SALAD,1,plame,1,887,nw,nw,nw,1,1.655177,192,887,887,2.14275,2.14275
List3Session2,3,2,2,470,1050,2,CONCLUDE,4,gefore,1,507,nw,nw,nw,1,-0.840673,192,507,507,-0.929749,-0.929749
List3Session2,3,2,2,471,1050,2,DINOSAUR,3,zome,1,607,nw,nw,nw,1,-0.18387,192,607,607,-0.121197,-0.121197
List3Session2,3,2,2,472,1050,2,UNEQUAL,2,serond,1,669,nw,nw,nw,1,0.223347,192,669,669,0.380106,0.380106
List3Session2,3,2,2,473,1050,1,PIECE,1,pie,1,522,first,rel,nw,1,-0.234283,97,522,522,-0.183161,-0.155628
List3Session2,3,2,2,474,1050,1,TECHNOLOGY,4,dream,1,427,other,un,rel,1,-1.123418,100,427,427,-1.172899,-1.218662
List3Session2,3,2,2,475,1050,1,IDIOT,4,same,1,529,other,un,un,1,-0.262432,100,529,529,-0.220091,-0.173546
List3Session2,3,2,2,476,1050,2,GLORY,1,hean,1,627,nw,nw,un,1,-0.05251,192,627,627,0.040514,0.040514
List3Session2,3,2,2,477,1050,1,CRAZY,3,letter,1,449,first,un,nw,1,-0.752223,97,449,449,-0.810742,-0.826432
List3Session2,3,2,2,478,1050,2,SONIC,4,bime,1,535,nw,nw,un,1,-0.656768,192,535,535,-0.703355,-0.703355
List3Session2,3,2,2,479,1050,1,GREET,2,meet,1,504,other,rel,nw,1,-0.473458,100,504,504,-0.453622,-0.429702
List3Session2,3,2,2,480,1050,2,ROYAL,2,bindow,1,619,nw,nw,rel,1,-0.105054,192,619,619,-0.024171,-0.024171
List3Session2,3,2,2,481,1050,2,EMPEROR,2,theng,1,616,nw,nw,nw,1,-0.124758,192,616,616,-0.048427,-0.048427
List3Session2,3,2,2,482,1050,2,IMPATIENCE,3,fipish,1,567,nw,nw,nw,1,-0.446591,192,567,567,-0.444618,-0.444618
List3Session2,3,2,2,483,1050,1,FANCY,2,like,1,519,other,rel,nw,1,-0.346842,100,519,519,-0.313504,-0.276008
List3Session2,3,2,2,484,1050,1,GLOBE,3,milk,1,505,first,un,rel,1,-0.3549,97,505,505,-0.32931,-0.311843
List3Session2,3,2,2,485,1050,1,KETTLE,4,dancer,1,572,other,un,un,1,0.100533,100,572,572,0.181582,0.267043
List3Session2,3,2,2,486,1050,1,PRIMATE,3,bear,1,444,first,un,un,1,-0.787699,97,444,444,-0.853727,-0.872378
List3Session2,3,2,2,487,1050,2,TRACE,2,reptaurant,1,721,nw,nw,un,1,0.564884,192,721,721,0.800553,0.800553
List3Session2,3,2,2,488,1050,1,JOKER,4,candle,1,523,other,un,nw,1,-0.313078,100,523,523,-0.276139,-0.235023
List3Session2,3,2,2,489,1050,1,DISCOURAGE,1,encourage,1,509,first,rel,un,1,-0.326519,97,509,509,-0.294922,-0.275086
List3Session2,3,2,2,490,1050,2,MONGOOSE,2,thamps,1,496,nw,nw,rel,1,-0.912921,192,496,496,-1.01869,-1.01869
List3Session2,3,2,2,491,1050,2,CAPTAIN,4,hanter,1,627,nw,nw,nw,1,-0.05251,192,627,627,0.040514,0.040514
List3Session2,3,2,2,492,1050,1,GOO,2,sticky,1,465,other,rel,nw,1,-0.802659,100,465,465,-0.817931,-0.829305
List3Session2,3,2,2,493,1050,2,SPLIT,2,pungry,1,550,nw,nw,rel,1,-0.558248,192,550,550,-0.582072,-0.582072
List3Session2,3,2,2,494,1050,2,OFF,3,glastic,0,599,nw,nw,nw,0,#NULL!,#NULL!,#NULL!,#NULL!,#NULL!,#NULL!
List3Session2,3,2,2,495,1050,1,MUNCH,4,sink,1,566,other,un,nw,1,0.049887,100,566,566,0.125535,0.205565
List3Session2,3,2,2,496,1050,1,TANGERINE,1,orange,1,486,first,rel,un,1,-0.489706,97,486,486,-0.492653,-0.486436
List3Session2,3,2,2,497,1050,1,PRIVATE,1,public,1,506,first,rel,rel,1,-0.347804,97,506,506,-0.320713,-0.302654
List3Session2,3,2,2,498,1050,2,REMOVE,1,pankage,1,557,nw,nw,rel,1,-0.512272,192,557,557,-0.525473,-0.525473
List3Session2,3,2,2,499,1050,2,GOAT,4,rin,1,526,nw,nw,nw,1,-0.715881,192,526,526,-0.776124,-0.776124
List3Session2,3,2,2,500,1050,2,SPOT,1,amerage,1,560,nw,nw,nw,1,-0.492568,192,560,560,-0.501216,-0.501216
List3Session2,3,2,2,501,1050,1,VACATE,3,mind,1,488,first,un,nw,1,-0.475516,97,488,488,-0.475459,-0.468058
List3Session2,3,2,2,502,1050,1,RACKET,1,tennis,1,491,first,rel,un,1,-0.45423,97,491,491,-0.449668,-0.44049
List3Session2,3,2,2,503,1050,1,WEAKNESS,3,pound,1,670,first,un,rel,1,0.815786,97,670,670,1.089195,1.204359
List3Session2,3,2,2,504,1050,2,DOVE,4,diany,1,939,nw,nw,un,1,1.996714,192,939,939,2.563197,2.563197
List3Session2,3,2,2,505,1050,2,CHECK,2,trint,1,541,nw,nw,nw,1,-0.61736,192,541,541,-0.654841,-0.654841
List3Session2,3,2,2,506,1050,2,BRAT,3,thint,1,544,nw,nw,nw,1,-0.597656,192,544,544,-0.630585,-0.630585
List3Session2,3,2,2,507,1050,2,AMP,2,elg,1,545,nw,nw,nw,1,-0.591088,192,545,545,-0.622499,-0.622499
List3Session2,3,2,2,508,1050,1,ROOM,3,trophy,1,1074,first,un,nw,1,3.682193,97,#NULL!,#NULL!,#NULL!,#NULL!
List3Session2,3,2,2,509,1050,2,TUESDAY,1,goam,1,591,nw,nw,un,1,-0.288959,192,591,591,-0.250565,-0.250565
List3Session2,3,2,2,510,1050,2,TRENCH,3,marrot,1,799,nw,nw,nw,1,1.07719,192,799,799,1.431224,1.431224
List3Session2,3,2,2,511,1050,2,CELSIUS,1,ilm,1,502,nw,nw,nw,1,-0.873513,192,502,502,-0.970177,-0.970177
List3Session2,3,2,2,512,1050,1,ANTLER,2,horn,1,538,other,rel,nw,1,-0.186463,100,538,538,-0.13602,-0.08133
List3Session2,3,2,2,513,1050,2,DOLL,1,helk,1,779,nw,nw,rel,1,0.94583,192,779,779,1.269513,1.269513
List3Session2,3,2,2,514,1050,1,SCOOP,2,shovel,1,723,other,rel,nw,1,1.37513,100,723,723,1.592111,1.814225
List3Session2,3,2,2,515,1050,1,INTOXICATED,1,drunk,1,429,first,rel,rel,1,-0.894125,97,429,429,-0.982682,-1.010214
List3Session2,3,2,2,516,1050,1,REPRIMAND,3,girls,1,563,first,un,rel,1,0.056614,97,563,563,0.169316,0.221125
List3Session2,3,2,2,517,1050,1,HONEYMOON,1,wedding,1,469,first,rel,un,1,-0.610322,97,469,469,-0.638802,-0.64265
List3Session2,3,2,2,518,1050,1,EXTENSION,4,precise,1,633,other,un,rel,1,0.615436,100,633,633,0.751399,0.892063
List3Session2,3,2,2,519,1050,1,RUNNING,2,sweat,1,518,other,rel,un,1,-0.355283,100,518,518,-0.322845,-0.286254
List3Session2,3,2,2,520,1050,1,HAUL,3,team,1,584,first,un,rel,1,0.205611,97,584,584,0.349853,0.414096
List3Session2,3,2,2,521,1050,1,ANTIDOTE,1,cure,1,647,first,rel,un,1,0.6526,97,647,647,0.891464,0.993009
List3Session2,3,2,2,522,1050,1,BEEF,3,bug,1,550,first,un,rel,1,-0.035622,97,550,550,0.057555,0.101667
List3Session2,3,2,2,523,1050,1,PREPARE,1,ready,1,455,first,rel,un,1,-0.709653,97,455,455,-0.75916,-0.771298
List3Session2,3,2,2,524,1050,2,DIAL,3,panent,1,556,nw,nw,rel,1,-0.51884,192,556,556,-0.533559,-0.533559
List3Session2,3,2,2,525,1050,1,FUEL,1,gas,1,413,first,rel,nw,1,-1.007646,97,413,413,-1.120234,-1.15724
List3Session2,3,2,2,526,1050,2,MUSCLE,4,dorse,1,755,nw,nw,rel,1,0.788197,192,755,755,1.075461,1.075461
List3Session2,3,2,2,527,1050,2,BATHTUB,3,stiple,0,732,nw,nw,nw,0,#NULL!,#NULL!,#NULL!,#NULL!,#NULL!,#NULL!
List3Session2,3,2,2,528,1050,1,DESERT,4,prisoner,1,646,other,un,nw,1,0.72517,100,646,646,0.872835,1.025264
List3Session2,3,2,2,529,1050,2,ABSTRACT,4,vogit,1,612,nw,nw,un,1,-0.15103,192,612,612,-0.080769,-0.080769
List3Session2,3,2,2,530,1050,2,TRACTOR,3,cleck,1,594,nw,nw,nw,1,-0.269255,192,594,594,-0.226309,-0.226309
List3Session2,3,2,2,531,1050,2,EINSTEIN,4,upknowb,1,467,nw,nw,nw,1,-1.103394,192,467,467,-1.25317,-1.25317
List3Session2,3,2,2,532,1050,1,PATTERN,4,touch,1,503,other,un,nw,1,-0.481899,100,503,503,-0.462964,-0.439948
List3Session2,3,2,2,533,1050,1,VAN,4,bend,1,522,other,un,un,1,-0.321519,100,522,522,-0.28548,-0.245269
List3Session2,3,2,2,534,1050,2,GYMNASTICS,3,rax,1,539,nw,nw,un,1,-0.630496,192,539,539,-0.671012,-0.671012
List3Session2,3,2,2,535,1050,1,ATOM,4,shy,1,573,other,un,nw,1,0.108974,100,573,573,0.190924,0.277289
List3Session2,3,2,2,536,1050,2,TURNIP,2,floon,1,716,nw,nw,un,1,0.532044,192,716,716,0.760125,0.760125
List3Session2,3,2,2,537,1050,2,TUPPERWARE,1,sharl,1,711,nw,nw,nw,1,0.499204,192,711,711,0.719698,0.719698
List3Session2,3,2,2,538,1050,1,SAP,4,together,1,450,other,un,nw,1,-0.929274,100,450,450,-0.95805,-0.982999
List3Session2,3,2,2,539,1050,1,CHRISTIAN,4,enough,1,535,other,un,un,1,-0.211786,100,535,535,-0.164044,-0.112068
List3Session2,3,2,2,540,1050,1,MINIMUM,4,unemploymen,1,857,other,un,un,1,2.50623,100,#NULL!,857,#NULL!,2.843838
List3Session2,3,2,2,541,1050,2,ENEMY,4,prient,1,493,nw,nw,un,1,-0.932625,192,493,493,-1.042947,-1.042947
List3Session2,3,2,2,542,1050,2,DESIGNER,2,boughmut,1,545,nw,nw,nw,1,-0.591088,192,545,545,-0.622499,-0.622499
List3Session2,3,2,2,543,1050,2,ADDITION,4,waimer,1,1314,nw,nw,nw,1,4.459723,192,#NULL!,#NULL!,#NULL!,#NULL!
List3Session2,3,2,2,544,1050,2,GRIND,2,epivence,1,837,nw,nw,nw,1,1.326775,192,837,837,1.738474,1.738474
List3Session2,3,2,2,545,1050,2,PSYCHOLOGY,3,keem,1,490,nw,nw,nw,1,-0.952329,192,490,490,-1.067203,-1.067203
List3Session2,3,2,2,546,1050,2,AGAINST,3,bephew,1,638,nw,nw,nw,1,0.019738,192,638,638,0.129454,0.129454
List3Session2,3,2,2,547,1050,2,RAFT,3,monshly,1,701,nw,nw,nw,1,0.433524,192,701,701,0.638842,0.638842
List3Session2,3,2,2,548,1050,1,VIKING,2,princess,1,615,other,rel,nw,1,0.463498,100,615,615,0.583256,0.707631
List3Session2,3,2,2,549,1050,1,FASTEN,1,seatbelt,1,614,first,rel,rel,1,0.418463,97,614,614,0.607763,0.689769
List3Session2,3,2,2,550,1050,1,CLEANER,1,maid,1,805,first,rel,rel,1,1.77362,97,805,805,2.24979,2.444887
List3Session2,3,2,2,551,1050,2,PEOPLE,2,mudge,1,555,nw,nw,rel,1,-0.525408,192,555,555,-0.541644,-0.541644
List3Session2,3,2,2,552,1050,1,FABRIC,4,smash,1,749,other,un,nw,1,1.594597,100,749,749,1.834983,2.080627
List3Session2,3,2,2,553,1050,1,SCREAM,2,fear,1,662,other,rel,un,1,0.860227,100,662,662,1.022295,1.189204
List3Session2,3,2,2,554,1050,1,HANDSOME,2,boyfriend,1,531,other,rel,rel,1,-0.24555,100,531,531,-0.201409,-0.153053
List3Session2,3,2,2,555,1050,2,SYNOPSIS,1,wheebclair,1,821,nw,nw,rel,1,1.221687,192,821,821,1.609105,1.609105
List3Session2,3,2,2,556,1050,1,ROPE,2,ladder,1,572,other,rel,nw,1,0.100533,100,572,572,0.181582,0.267043
List3Session2,3,2,2,557,1050,2,ANOTHER,4,proon,1,588,nw,nw,rel,1,-0.308663,192,588,588,-0.274822,-0.274822
List3Session2,3,2,2,558,1050,1,LAP,1,sit,1,603,first,rel,nw,1,0.340417,97,603,603,0.513196,0.588689
List3Session2,3,2,2,559,1050,2,OODLES,1,nate,1,825,nw,nw,rel,1,1.247959,192,825,825,1.641447,1.641447
List3Session2,3,2,2,560,1050,1,FOG,1,mist,1,400,first,rel,nw,1,-1.099881,97,400,400,-1.231995,-1.276698
List3Session2,3,2,2,561,1050,2,PRUNE,1,immalure,1,616,nw,nw,rel,1,-0.124758,192,616,616,-0.048427,-0.048427
List3Session2,3,2,2,562,1050,1,CARDBOARD,4,space,1,454,other,un,nw,1,-0.89551,100,454,454,-0.920685,-0.942014
List3Session2,3,2,2,563,1050,2,RAT,4,oflen,1,539,nw,nw,un,1,-0.630496,192,539,539,-0.671012,-0.671012
List3Session2,3,2,2,564,1050,2,ROD,1,folg,1,572,nw,nw,nw,1,-0.413751,192,572,572,-0.40419,-0.40419
List3Session2,3,2,2,565,1050,2,MEETING,1,enectripity,1,667,nw,nw,nw,1,0.210211,192,667,667,0.363935,0.363935
List3Session2,3,2,2,566,1050,1,EXPLODE,2,erupt,1,712,other,rel,nw,1,1.282279,100,712,712,1.489357,1.701516
List3Session2,3,2,2,567,1050,2,OINTMENT,1,sumlary,1,723,nw,nw,rel,1,0.57802,192,723,723,0.816724,0.816724
List3Session2,3,2,2,568,1050,1,FIG,3,weight,1,477,first,un,nw,1,-0.553561,97,477,477,-0.570026,-0.569138
List3Session2,3,2,2,569,1050,2,CULTURE,1,weirn,1,577,nw,nw,un,1,-0.380911,192,577,577,-0.363763,-0.363763
List3Session2,3,2,2,570,1050,2,SCULPTURE,3,torm,0,609,nw,nw,nw,0,#NULL!,#NULL!,#NULL!,#NULL!,#NULL!,#NULL!
List3Session2,3,2,2,571,1050,1,CIRCLE,3,wimp,0,480,first,un,nw,0,#NULL!,#NULL!,#NULL!,#NULL!,#NULL!,#NULL!
List3Session2,3,2,2,572,1050,1,REVOLUTION,4,fair,1,484,other,un,un,1,-0.642279,100,484,484,-0.640447,-0.634626
List3Session2,3,2,2,573,1050,2,MONTH,4,claff,1,455,nw,nw,un,1,-1.18221,192,455,455,-1.350197,-1.350197
List3Session2,3,2,2,574,1050,2,ESSAY,3,inlependemt,1,635,nw,nw,nw,1,0.000034,192,635,635,0.105198,0.105198
List3Session2,3,2,2,575,1050,1,STEW,2,soup,1,409,other,rel,nw,1,-1.275357,100,409,409,-1.341041,-1.403094
List3Session2,3,2,2,576,1050,1,FOREVER,1,always,1,385,first,rel,rel,1,-1.206307,97,385,385,-1.360951,-1.414535
List3Session2,3,2,2,577,1050,1,GRACE,2,aunt,1,521,other,rel,rel,1,-0.32996,100,521,521,-0.294821,-0.255516
List3Session2,3,2,2,578,1050,1,ZEST,3,sports,1,667,first,un,rel,1,0.794501,97,667,667,1.063404,1.176791
List3Session2,3,2,2,579,1050,1,INSANE,2,mad,1,439,other,rel,un,1,-1.022126,100,439,439,-1.060804,-1.095707
List3Session2,3,2,2,580,1050,1,DECORATION,4,father,1,492,other,un,rel,1,-0.574751,100,492,492,-0.565717,-0.552657
List3Session2,3,2,2,581,1050,1,COCKY,3,wet,1,415,first,un,un,1,-0.993455,97,415,415,-1.10304,-1.138862
List3Session2,3,2,2,582,1050,1,LAW,3,cow,1,630,first,un,un,1,0.531984,97,630,630,0.745315,0.836795
List3Session2,3,2,2,583,1050,1,LICK,1,tongue,1,421,first,rel,un,1,-0.950885,97,421,421,-1.051458,-1.083727
List3Session2,3,2,2,584,1050,1,SWATTER,2,bat,1,395,other,rel,rel,1,-1.393532,100,395,395,-1.471819,-1.546542
List3Session2,3,2,2,585,1050,2,INFLATION,2,dillars,1,595,nw,nw,rel,1,-0.262687,192,595,595,-0.218223,-0.218223
List3Session2,3,2,2,586,1050,2,PLIERS,1,smort,1,834,nw,nw,nw,1,1.307071,192,834,834,1.714217,1.714217
List3Session2,3,2,2,587,1050,1,HANDS,1,feet,1,615,first,rel,nw,1,0.425558,97,615,615,0.61636,0.698958
List3Session2,3,2,2,588,1050,1,GONE,1,left,1,485,first,rel,rel,1,-0.496801,97,485,485,-0.50125,-0.495625
List3Session2,3,2,2,589,1050,2,MORE,1,sporm,1,889,nw,nw,rel,1,1.668313,192,889,889,2.158921,2.158921
List3Session2,3,2,2,590,1050,2,INLET,2,donpey,1,669,nw,nw,nw,1,0.223347,192,669,669,0.380106,0.380106
List3Session2,3,2,2,591,1050,1,WORST,2,terrible,1,570,other,rel,nw,1,0.083651,100,570,570,0.1629,0.24655
List3Session2,3,2,2,592,1050,1,DISBELIEVE,1,believe,1,442,first,rel,rel,1,-0.801889,97,442,442,-0.870921,-0.890756
List3Session2,3,2,2,593,1050,2,CORD,4,sotiety,0,608,nw,nw,rel,0,#NULL!,#NULL!,#NULL!,#NULL!,#NULL!,#NULL!
List3Session2,3,2,2,594,1050,1,GUYS,3,questions,1,544,first,un,nw,1,-0.078192,97,544,544,0.005973,0.046532
List3Session2,3,2,2,595,1050,1,GRACEFUL,4,ear,1,433,other,un,un,1,-1.072772,100,433,433,-1.116851,-1.157185
List3Session2,3,2,2,596,1050,2,BOOT,4,balmoon,1,743,nw,nw,un,1,0.709381,192,743,743,0.978434,0.978434
List3Session2,3,2,2,597,1050,2,FLORIDA,4,kead,1,560,nw,nw,nw,1,-0.492568,192,560,560,-0.501216,-0.501216
List3Session2,3,2,2,598,1050,2,LINEN,3,smadge,1,866,nw,nw,nw,1,1.517248,192,866,866,1.972954,1.972954
List3Session2,3,2,2,599,1050,2,OFFEND,4,vich,1,662,nw,nw,nw,1,0.177371,192,662,662,0.323507,0.323507
List3Session2,3,2,2,600,1050,1,MANY,3,concrete,1,578,first,un,nw,1,0.16304,97,578,578,0.298271,0.358961
List3Session2,3,2,2,601,1050,2,QUILL,1,ger,1,516,nw,nw,un,1,-0.781561,192,516,516,-0.85698,-0.85698
List3Session2,3,2,2,602,1050,2,ALARM,4,enpland,1,582,nw,nw,nw,1,-0.348071,192,582,582,-0.323335,-0.323335
List3Session2,3,2,2,603,1050,2,BAIT,2,pemperanure,1,518,nw,nw,nw,1,-0.768425,192,518,518,-0.840808,-0.840808
List3Session2,3,2,2,604,1050,2,LEG,2,synkathepic,1,632,nw,nw,nw,1,-0.01967,192,632,632,0.080941,0.080941
List3Session2,3,2,2,605,1050,2,MOP,1,pecklace,1,646,nw,nw,nw,1,0.072282,192,646,646,0.194139,0.194139
List3Session2,3,2,2,606,1050,1,CASUAL,2,comfortable,1,659,other,rel,nw,1,0.834904,100,659,659,0.994271,1.158465
List3Session2,3,2,2,607,1050,2,IMAGE,2,silpy,1,785,nw,nw,rel,1,0.985238,192,785,785,1.318026,1.318026
List3Session2,3,2,2,608,1050,1,DISTURB,4,club,1,456,other,un,nw,1,-0.878628,100,456,456,-0.902002,-0.921521
List3Session2,3,2,2,609,1050,1,EAGER,4,tissue,1,540,other,un,un,1,-0.169581,100,540,540,-0.117338,-0.060837
List3Session2,3,2,2,610,1050,2,PATIO,3,neighlorgoo,0,669,nw,nw,un,0,#NULL!,#NULL!,#NULL!,#NULL!,#NULL!,#NULL!
List3Session2,3,2,2,611,1050,1,RAIN,4,shoelace,0,442,other,un,nw,0,#NULL!,#NULL!,#NULL!,#NULL!,#NULL!,#NULL!
List3Session2,3,2,2,612,1050,1,OATH,1,promise,1,463,first,rel,un,1,-0.652892,97,463,463,-0.690384,-0.697785
List3Session2,3,2,2,613,1050,2,SHINGLE,1,gend,1,564,nw,nw,rel,1,-0.466296,192,564,564,-0.468874,-0.468874
List3Session2,3,2,2,614,1050,1,POISON,4,evil,1,438,other,un,nw,1,-1.030567,100,438,438,-1.070145,-1.105953
List3Session2,3,2,2,615,1050,2,BREED,3,guilpy,1,747,nw,nw,un,1,0.735653,192,747,747,1.010777,1.010777
List3Session2,3,2,2,616,1050,1,TERM,2,definition,1,534,other,rel,nw,1,-0.220227,100,534,534,-0.173385,-0.122314
List3Session2,3,2,2,617,1050,1,TUBE,3,america,1,534,first,un,rel,1,-0.149143,97,534,534,-0.079997,-0.045359
List3Session2,3,2,2,618,1050,2,TWICE,3,pompact,1,984,nw,nw,un,1,2.292275,192,984,984,2.927046,2.927046
List3Session2,3,2,2,619,1050,1,SURVIVE,1,live,1,407,first,rel,nw,1,-1.050216,97,407,407,-1.171816,-1.212375
List3Session2,3,2,2,620,1050,2,ANTELOPE,2,shunder,1,527,nw,nw,rel,1,-0.709312,192,527,527,-0.768039,-0.768039
List3Session2,3,2,2,621,1050,1,FOGGY,3,wear,1,385,first,un,nw,1,-1.206307,97,385,385,-1.360951,-1.414535
List3Session2,3,2,2,622,1050,2,NAPKIN,2,conpom,1,665,nw,nw,un,1,0.197075,192,665,665,0.347764,0.347764
List3Session2,3,2,2,623,1050,1,STRAIN,2,back,1,389,other,rel,nw,1,-1.444178,100,389,389,-1.527866,-1.608019
List3Session2,3,2,2,624,1050,2,EVERYDAY,1,dothing,1,606,nw,nw,rel,1,-0.190439,192,606,606,-0.129282,-0.129282
List3Session2,3,2,2,625,1050,1,PREDATOR,4,continent,1,619,other,un,nw,1,0.497262,100,619,619,0.620621,0.748616
List3Session2,3,2,2,626,1050,2,POPEYE,3,hon,1,490,nw,nw,un,1,-0.952329,192,490,490,-1.067203,-1.067203
List3Session2,3,2,2,627,1050,1,TWIG,3,crack,1,493,first,un,nw,1,-0.44004,97,493,493,-0.432474,-0.422112
List3Session2,3,2,2,628,1050,2,SIDE,3,walyer,1,594,nw,nw,un,1,-0.269255,192,594,594,-0.226309,-0.226309
List3Session2,3,2,2,629,1050,1,PLEDGE,4,marker,1,625,other,un,nw,1,0.547908,100,625,625,0.676669,0.810093
List3Session2,3,2,2,630,1050,2,CARTON,3,paily,1,479,nw,nw,un,1,-1.024578,192,479,479,-1.156144,-1.156144
List3Session2,3,2,2,631,1050,2,TASK,1,vump,1,548,nw,nw,nw,1,-0.571384,192,548,548,-0.598243,-0.598243
List3Session2,3,2,2,632,1050,2,ARENA,3,syptom,1,501,nw,nw,nw,1,-0.880081,192,501,501,-0.978262,-0.978262
List3Session2,3,2,2,633,1050,1,MYTHOLOGY,4,perfume,1,808,other,un,nw,1,2.092619,100,808,808,2.386117,2.685155
List3Session2,3,2,2,634,1050,2,MUFFIN,4,franpe,1,895,nw,nw,un,1,1.707721,192,895,895,2.207434,2.207434
List3Session2,3,2,2,635,1050,2,PROFESSIONAL,2,congerence,1,674,nw,nw,nw,1,0.256187,192,674,674,0.420533,0.420533
List3Session2,3,2,2,636,1050,1,FRIGHT,2,ghost,1,526,other,rel,nw,1,-0.287755,100,526,526,-0.248115,-0.204284
List3Session2,3,2,2,637,1050,1,TAG,1,grab,1,417,first,rel,rel,1,-0.979265,97,417,417,-1.085846,-1.120484
List3Session2,3,2,2,638,1050,1,SOUTH,4,bake,1,391,other,un,rel,1,-1.427296,100,391,391,-1.509184,-1.587527
List3Session2,3,2,2,639,1050,2,STACK,4,lound,1,671,nw,nw,un,1,0.236483,192,671,671,0.396277,0.396277
List3Session2,3,2,2,640,1050,2,PLAYTHING,3,gours,1,507,nw,nw,nw,1,-0.840673,192,507,507,-0.929749,-0.929749
List3Session2,3,2,2,641,1050,2,METHODIST,4,foodles,1,798,nw,nw,nw,1,1.070622,192,798,798,1.423138,1.423138
List3Session2,3,2,2,642,1050,2,GALLON,2,grothers,1,805,nw,nw,nw,1,1.116598,192,805,805,1.479737,1.479737
List3Session2,3,2,2,643,1050,1,SCAPEGOAT,1,blame,1,557,first,rel,nw,1,0.014044,97,557,557,0.117734,0.16599
List3Session2,3,2,2,644,1050,2,ASHES,2,neel,1,734,nw,nw,rel,1,0.650269,192,734,734,0.905665,0.905665
List3Session2,3,2,2,645,1050,1,CITY,2,state,1,423,other,rel,nw,1,-1.157183,100,423,423,-1.210264,-1.259647
List3Session2,3,2,2,646,1050,1,SLOPE,1,ski,1,637,first,rel,rel,1,0.581649,97,637,637,0.805494,0.901118
List3Session2,3,2,2,647,1050,1,COMPOUND,2,mixture,1,923,other,rel,rel,1,3.063339,100,#NULL!,#NULL!,#NULL!,#NULL!
List3Session2,3,2,2,648,1050,1,MOB,3,art,1,477,first,un,rel,1,-0.553561,97,477,477,-0.570026,-0.569138
List3Session2,3,2,2,649,1050,1,COURT,1,judge,1,482,first,rel,un,1,-0.518086,97,482,482,-0.527041,-0.523192
List3Session2,3,2,2,650,1050,2,RATIONALIZE,1,mastache,0,518,nw,nw,rel,0,#NULL!,#NULL!,#NULL!,#NULL!,#NULL!,#NULL!
List3Session2,3,2,2,651,1050,1,NEWS,3,government,1,904,first,un,nw,1,2.476032,97,904,904,3.100893,3.354608
List3Session2,3,2,2,652,1050,1,JOCK,3,accept,1,587,first,un,un,1,0.226896,97,587,587,0.375644,0.441663
List3Session2,3,2,2,653,1050,2,PROCESS,2,timp,1,698,nw,nw,un,1,0.41382,192,698,698,0.614586,0.614586
List3Session2,3,2,2,654,1050,1,AROMA,4,leader,1,502,other,un,nw,1,-0.49034,100,502,502,-0.472305,-0.450194
List3Session2,3,2,2,655,1050,2,WRIST,2,dabit,1,569,nw,nw,un,1,-0.433455,192,569,569,-0.428447,-0.428447
List3Session2,3,2,2,656,1050,2,WORSE,3,bre,1,745,nw,nw,nw,1,0.722517,192,745,745,0.994605,0.994605
List3Session2,3,2,2,657,1050,1,SUNSET,2,moon,1,451,other,rel,nw,1,-0.920833,100,451,451,-0.948709,-0.972752
List3Session2,3,2,2,658,1050,1,TOSS,3,builder,1,553,first,un,rel,1,-0.014336,97,553,553,0.083346,0.129234
List3Session2,3,2,2,659,1050,2,JEWELRY,4,pait,0,538,nw,nw,un,0,#NULL!,#NULL!,#NULL!,#NULL!,#NULL!,#NULL!
List3Session2,3,2,2,660,1050,2,ORNAMENT,4,faimt,0,667,nw,nw,nw,0,#NULL!,#NULL!,#NULL!,#NULL!,#NULL!,#NULL!
List3Session2,3,2,2,661,1050,1,LOSER,4,up,1,727,other,un,nw,1,1.408894,100,727,727,1.629476,1.85521
List3Session2,3,2,2,662,1050,1,PULL,4,cheese,1,593,other,un,un,1,0.277795,100,593,593,0.377749,0.482214
List3Session2,3,2,2,663,1050,2,OCCUPIED,3,gouse,1,658,nw,nw,un,1,0.151099,192,658,658,0.291165,0.291165
List3Session2,3,2,2,664,1050,1,CANDIDATE,3,bed,1,1149,first,un,nw,1,4.214323,97,#NULL!,#NULL!,#NULL!,#NULL!
List3Session2,3,2,2,665,1050,1,LINT,3,chest,1,839,first,un,un,1,2.014852,97,839,839,2.542088,2.757316
List3Session2,3,2,2,666,1050,2,SEAFOOD,4,jound,1,572,nw,nw,un,1,-0.413751,192,572,572,-0.40419,-0.40419
List3Session2,3,2,2,667,1050,2,DONE,4,bood,0,605,nw,nw,nw,0,#NULL!,#NULL!,#NULL!,#NULL!,#NULL!,#NULL!
List3Session2,3,2,2,668,1050,1,PEDAL,1,bike,1,475,first,rel,nw,1,-0.567752,97,475,475,-0.58722,-0.587516
List3Session2,3,2,2,669,1050,1,SOME,4,paint,1,528,other,un,rel,1,-0.270873,100,528,528,-0.229433,-0.183792
List3Session2,3,2,2,670,1050,2,CUSS,3,ciparette,1,1106,nw,nw,un,1,3.093574,192,#NULL!,#NULL!,#NULL!,#NULL!
List3Session2,3,2,2,671,1050,1,APOLOGY,2,mistake,1,524,other,rel,nw,1,-0.304637,100,524,524,-0.266797,-0.224777
List3Session2,3,2,2,672,1050,2,SPIDER,1,spoob,1,542,nw,nw,rel,1,-0.610792,192,542,542,-0.646756,-0.646756
List3Session2,3,2,2,673,1050,1,STRONG,2,arm,1,479,other,rel,nw,1,-0.684484,100,479,479,-0.687154,-0.685858
List3Session2,3,2,2,674,1050,1,INDUSTRY,2,steel,1,452,other,rel,rel,1,-0.912392,100,452,452,-0.939367,-0.962506
List3Session2,3,2,2,675,1050,2,ATLAS,1,fapily,1,458,nw,nw,rel,1,-1.162506,192,458,458,-1.32594,-1.32594
List3Session2,3,2,2,676,1050,2,BEARD,1,munishment,1,591,nw,nw,nw,1,-0.288959,192,591,591,-0.250565,-0.250565
List3Session2,3,2,2,677,1050,1,VILLAGE,1,town,1,414,first,rel,nw,1,-1.000551,97,414,414,-1.111637,-1.148051
List3Session2,3,2,2,678,1050,1,COMPASSION,2,sympathy,0,468,other,rel,rel,0,#NULL!,#NULL!,#NULL!,#NULL!,#NULL!,#NULL!
List3Session2,3,2,2,679,1050,1,AXON,3,knit,0,632,first,un,rel,0,#NULL!,#NULL!,#NULL!,#NULL!,#NULL!,#NULL!
List3Session2,3,2,2,680,1050,2,LEGION,3,ak,1,534,nw,nw,un,1,-0.663336,192,534,534,-0.71144,-0.71144
List3Session2,3,2,2,681,1050,2,SLAB,3,girm,1,584,nw,nw,nw,1,-0.334935,192,584,584,-0.307164,-0.307164
List3Session2,3,2,2,682,1050,1,SUPPORT,4,chip,1,487,other,un,nw,1,-0.616956,100,487,487,-0.612424,-0.603888
List3Session2,3,2,2,683,1050,2,HARM,4,dirny,1,522,nw,nw,un,1,-0.742153,192,522,522,-0.808466,-0.808466
List3Session2,3,2,2,684,1050,1,MUTE,1,deaf,1,653,first,rel,nw,1,0.69517,97,653,653,0.943046,1.048144
List3Session2,3,2,2,685,1050,2,RETAIN,4,pighten,1,666,nw,nw,rel,1,0.203643,192,666,666,0.355849,0.355849
List3Session2,3,2,2,686,1050,2,PARCEL,1,roo,1,502,nw,nw,nw,1,-0.873513,192,502,502,-0.970177,-0.970177
List3Session2,3,2,2,687,1050,1,DISGRACE,3,jungle,1,473,first,un,nw,1,-0.581942,97,473,473,-0.604414,-0.605894
List3Session2,3,2,2,688,1050,1,HEALTHY,4,easy,1,525,other,un,un,1,-0.296196,100,525,525,-0.257456,-0.214531
List3Session2,3,2,2,689,1050,1,JEWISH,3,prison,1,479,first,un,un,1,-0.539371,97,479,479,-0.552832,-0.550759
List3Session2,3,2,2,690,1050,1,TANGY,1,tart,1,563,first,rel,un,1,0.056614,97,563,563,0.169316,0.221125
List3Session2,3,2,2,691,1050,2,ESTIMATE,2,pamp,1,500,nw,nw,rel,1,-0.886649,192,500,500,-0.986348,-0.986348
List3Session2,3,2,2,692,1050,1,HEM,4,brain,1,423,other,un,nw,1,-1.157183,100,423,423,-1.210264,-1.259647
List3Session2,3,2,2,693,1050,1,COPIER,3,whine,1,445,first,un,un,1,-0.780603,97,445,445,-0.84513,-0.863189
List3Session2,3,2,2,694,1050,2,BRITANNICA,4,ress,1,530,nw,nw,un,1,-0.689608,192,530,530,-0.743782,-0.743782
List3Session2,3,2,2,695,1050,2,PLAID,3,snab,1,579,nw,nw,nw,1,-0.367775,192,579,579,-0.347592,-0.347592
List3Session2,3,2,2,696,1050,2,FIRE,1,uply,1,468,nw,nw,nw,1,-1.096826,192,468,468,-1.245085,-1.245085
List3Session2,3,2,2,697,1050,1,MOTION,3,defense,1,552,first,un,nw,1,-0.021431,97,552,552,0.074749,0.120045
List3Session2,3,2,2,698,1050,2,VESSEL,4,boking,1,681,nw,nw,un,1,0.302163,192,681,681,0.477132,0.477132
List3Session2,3,2,2,699,1050,1,RARE,4,thirst,1,517,other,un,nw,1,-0.363725,100,517,517,-0.332186,-0.296501
List3Session2,3,2,2,700,1050,2,HARE,4,dack,1,503,nw,nw,un,1,-0.866945,192,503,503,-0.962091,-0.962091
List3Session2,3,2,2,701,1050,2,STRATEGY,3,guipar,1,710,nw,nw,nw,1,0.492636,192,710,710,0.711612,0.711612
List3Session2,3,2,2,702,1050,2,SUGGESTION,3,foum,1,528,nw,nw,nw,1,-0.702744,192,528,528,-0.759953,-0.759953
List3Session2,3,2,2,703,1050,1,DANDELION,2,yellow,1,643,other,rel,nw,1,0.699847,100,643,643,0.844811,0.994526
List3Session2,3,2,2,704,1050,2,SYMPHONY,2,dassage,1,481,nw,nw,rel,1,-1.011442,192,481,481,-1.139973,-1.139973
List3Session2,3,2,2,705,1050,1,SOAK,4,doctor,1,438,other,un,nw,1,-1.030567,100,438,438,-1.070145,-1.105953
List3Session2,3,2,2,706,1050,2,SICK,1,vays,1,443,nw,nw,un,1,-1.261027,192,443,443,-1.447223,-1.447223
List3Session2,3,2,2,707,1050,2,STRIKE,4,hude,1,464,nw,nw,nw,1,-1.123098,192,464,464,-1.277427,-1.277427
List3Session2,3,2,2,708,1050,2,MULTIPLY,4,ipland,1,469,nw,nw,nw,1,-1.090258,192,469,469,-1.236999,-1.236999
List3Session2,3,2,2,709,1050,2,CHINESE,4,tavement,1,617,nw,nw,nw,1,-0.11819,192,617,617,-0.040342,-0.040342
List3Session2,3,2,2,710,1050,1,SHALLOW,1,deep,1,439,first,rel,nw,1,-0.823174,97,439,439,-0.896712,-0.918323
List3Session2,3,2,2,711,1050,1,WORTH,4,join,1,445,other,un,rel,1,-0.97148,100,445,445,-1.004756,-1.03423
List3Session2,3,2,2,712,1050,2,SLENDER,4,gance,1,514,nw,nw,un,1,-0.794697,192,514,514,-0.873151,-0.873151
List3Session2,3,2,2,713,1050,1,GRANT,2,allow,1,516,other,rel,nw,1,-0.372166,100,516,516,-0.341527,-0.306747
List3Session2,3,2,2,714,1050,2,POINT,4,shirm,1,582,nw,nw,rel,1,-0.348071,192,582,582,-0.323335,-0.323335
List3Session2,3,2,2,715,1050,1,ODD,2,unusual,1,582,other,rel,nw,1,0.184943,100,582,582,0.274995,0.369505
List3Session2,3,2,2,716,1050,1,DISAGREEMENT,1,argument,1,839,first,rel,rel,1,2.014852,97,839,839,2.542088,2.757316
List3Session2,3,2,2,717,1050,2,FLEA,2,pusic,0,556,nw,nw,rel,0,#NULL!,#NULL!,#NULL!,#NULL!,#NULL!,#NULL!
List3Session2,3,2,2,718,1050,2,FRANKENSTEIN,3,deolorant,1,525,nw,nw,nw,1,-0.722449,192,525,525,-0.78421,-0.78421
List3Session2,3,2,2,719,1050,1,RUSH,1,hurry,1,512,first,rel,nw,1,-0.305234,97,512,512,-0.269131,-0.247519
List3Session2,3,2,2,720,1050,1,FIT,2,tantrum,0,515,other,rel,rel,0,#NULL!,#NULL!,#NULL!,#NULL!,#NULL!,#NULL!
List3Session2,3,2,2,721,1050,2,SQUINT,1,floab,1,564,nw,nw,rel,1,-0.466296,192,564,564,-0.468874,-0.468874
List3Session2,3,2,2,722,1050,2,GOODNESS,2,libe,0,1045,nw,nw,nw,0,#NULL!,#NULL!,#NULL!,#NULL!,#NULL!,#NULL!
List3Session2,3,2,2,723,1050,2,STREAM,3,beeling,1,835,nw,nw,nw,1,1.313639,192,835,835,1.722303,1.722303
List3Session2,3,2,2,724,1050,2,GLASS,1,parn,1,521,nw,nw,nw,1,-0.748721,192,521,521,-0.816552,-0.816552
List3Session2,3,2,2,725,1050,1,CHINA,1,dish,0,459,first,rel,nw,0,#NULL!,#NULL!,#NULL!,#NULL!,#NULL!,#NULL!
List3Session2,3,2,2,726,1050,1,ELEPHANT,2,peanut,1,576,other,rel,rel,1,0.134297,100,576,576,0.218947,0.308028
List3Session2,3,2,2,727,1050,1,POUR,3,pot,1,656,first,un,rel,1,0.716455,97,656,656,0.968837,1.075711
List3Session2,3,2,2,728,1050,1,GRATE,4,instrument,1,622,other,un,un,1,0.522585,100,622,622,0.648645,0.779355
List3Session2,3,2,2,729,1050,2,RESPECT,2,shoke,1,714,nw,nw,un,1,0.518908,192,714,714,0.743954,0.743954
List3Session2,3,2,2,730,1050,2,REALIZE,3,ley,1,677,nw,nw,nw,1,0.275891,192,677,677,0.44479,0.44479
List3Session2,3,2,2,731,1050,2,SHE,2,reace,1,721,nw,nw,nw,1,0.564884,192,721,721,0.800553,0.800553
List3Session2,3,2,2,732,1050,2,DEMOCRACY,2,orper,1,539,nw,nw,nw,1,-0.630496,192,539,539,-0.671012,-0.671012
List3Session2,3,2,2,733,1050,2,KILLER,3,builping,1,940,nw,nw,nw,1,2.003282,192,940,940,2.571283,2.571283
List3Session2,3,2,2,734,1050,1,HIDE,1,seek,1,591,first,rel,nw,1,0.255276,97,591,591,0.410032,0.47842
List3Session2,3,2,2,735,1050,1,SUITE,3,desk,1,590,first,un,rel,1,0.248181,97,590,590,0.401435,0.469231
List3Session2,3,2,2,736,1050,2,CARPET,1,dast,1,780,nw,nw,un,1,0.952398,192,780,780,1.277599,1.277599
List3Session2,3,2,2,737,1050,1,POTTERY,3,knee,0,613,first,un,nw,0,#NULL!,#NULL!,#NULL!,#NULL!,#NULL!,#NULL!
List3Session2,3,2,2,738,1050,2,DUSK,4,mox,1,484,nw,nw,un,1,-0.991738,192,484,484,-1.115716,-1.115716
List3Session2,3,2,2,739,1050,2,NAUSEA,2,sreak,1,600,nw,nw,nw,1,-0.229847,192,600,600,-0.177796,-0.177796
List3Session2,3,2,2,740,1050,2,DEGREE,1,staip,1,567,nw,nw,nw,1,-0.446591,192,567,567,-0.444618,-0.444618
List3Session2,3,2,2,741,1050,1,ATTRACTIVE,2,female,1,551,other,rel,nw,1,-0.076729,100,551,551,-0.014584,0.051872
List3Session2,3,2,2,742,1050,2,PHONY,2,enparge,1,584,nw,nw,rel,1,-0.334935,192,584,584,-0.307164,-0.307164
List3Session2,3,2,2,743,1050,2,MAMMAL,1,jone,1,583,nw,nw,nw,1,-0.341503,192,583,583,-0.315249,-0.315249
List3Session2,3,2,2,744,1050,2,BASE,2,steech,1,663,nw,nw,nw,1,0.183939,192,663,663,0.331593,0.331593
List3Session2,3,2,2,745,1050,2,ENGAGE,4,oynter,1,915,nw,nw,nw,1,1.839081,192,915,915,2.369145,2.369145
List3Session2,3,2,2,746,1050,2,OLIGARCHY,3,hurnilane,1,598,nw,nw,nw,1,-0.242983,192,598,598,-0.193967,-0.193967
List3Session2,3,2,2,747,1050,1,OLD,1,new,1,438,first,rel,nw,1,-0.830269,97,438,438,-0.905309,-0.927513
List3Session2,3,2,2,748,1050,2,INNOCENCE,1,oct,1,539,nw,nw,rel,1,-0.630496,192,539,539,-0.671012,-0.671012
List3Session2,3,2,2,749,1050,2,METICULOUS,4,eshpray,1,492,nw,nw,nw,1,-0.939193,192,492,492,-1.051032,-1.051032
List3Session2,3,2,2,750,1050,1,BIT,3,octopus,1,609,first,un,nw,1,0.382987,97,609,609,0.564778,0.643824
List3Session2,3,2,2,751,1050,1,ELIMINATION,1,destruction,1,816,first,rel,un,1,1.851666,97,816,816,2.344357,2.545967
List3Session2,3,2,2,752,1050,1,EMPATHY,4,slow,1,517,other,un,rel,1,-0.363725,100,517,517,-0.332186,-0.296501
List3Session2,3,2,2,753,1050,1,LEADERSHIP,2,follower,1,519,other,rel,un,1,-0.346842,100,519,519,-0.313504,-0.276008
List3Session2,3,2,2,754,1050,2,COMMENT,3,birror,1,442,nw,nw,rel,1,-1.267595,192,442,442,-1.455308,-1.455308
List3Session2,3,2,2,755,1050,1,THEOREM,4,fortune,1,528,other,un,nw,1,-0.270873,100,528,528,-0.229433,-0.183792
List3Session2,3,2,2,756,1050,1,FESTIVAL,2,strawberry,1,562,other,rel,un,1,0.016122,100,562,562,0.08817,0.16458
List3Session2,3,2,2,757,1050,1,SOOTHE,3,flag,1,610,first,un,rel,1,0.390082,97,610,610,0.573375,0.653013
List3Session2,3,2,2,758,1050,1,LODGE,3,vine,1,498,first,un,un,1,-0.404565,97,498,498,-0.389489,-0.376167
List3Session2,3,2,2,759,1050,1,BOXER,2,gloves,1,502,other,rel,un,1,-0.49034,100,502,502,-0.472305,-0.450194
List3Session2,3,2,2,760,1050,2,TROMBONE,2,buice,1,631,nw,nw,rel,1,-0.026238,192,631,631,0.072856,0.072856
List3Session2,3,2,2,761,1050,2,DOUGH,2,ronder,1,534,nw,nw,nw,1,-0.663336,192,534,534,-0.71144,-0.71144
List3Session2,3,2,2,762,1050,1,COSTUME,2,clothes,1,648,other,rel,nw,1,0.742052,100,648,648,0.891517,1.045757
List3Session2,3,2,2,763,1050,1,QUEST,1,journey,1,421,first,rel,rel,1,-0.950885,97,421,421,-1.051458,-1.083727
List3Session2,3,2,2,764,1050,2,ACCOMPLISH,1,mepicine,1,555,nw,nw,rel,1,-0.525408,192,555,555,-0.541644,-0.541644
List3Session2,3,2,2,765,1050,2,HOTEL,3,druns,1,652,nw,nw,nw,1,0.111691,192,652,652,0.242652,0.242652
List3Session2,3,2,2,766,1050,1,RAPE,3,orgasm,0,953,first,un,nw,0,#NULL!,#NULL!,#NULL!,#NULL!,#NULL!,#NULL!
List3Session2,3,2,2,767,1050,1,MEASURE,2,calculate,1,537,other,rel,un,1,-0.194904,100,537,537,-0.145361,-0.091576
List3Session2,3,2,2,768,1050,2,TON,4,ative,1,986,nw,nw,rel,1,2.305411,192,986,986,2.943217,2.943217
List3Session2,3,2,2,769,1050,2,JUGGLER,1,pronect,1,649,nw,nw,nw,1,0.091987,192,649,649,0.218395,0.218395
List3Session2,3,2,2,770,1050,2,IDENTITY,4,talse,1,599,nw,nw,nw,1,-0.236415,192,599,599,-0.185881,-0.185881
List3Session2,3,2,2,771,1050,2,SAFE,2,fap,1,886,nw,nw,nw,1,1.648608,192,886,886,2.134664,2.134664
List3Session2,3,2,2,772,1050,2,GROSS,1,andle,1,570,nw,nw,nw,1,-0.426887,192,570,570,-0.420361,-0.420361
List3Session2,3,2,2,773,1050,2,FINAL,4,onganize,1,762,nw,nw,nw,1,0.834173,192,762,762,1.132059,1.132059
List3Session2,3,2,2,774,1050,1,PRINTER,4,fishing,1,675,other,un,nw,1,0.96996,100,675,675,1.143731,1.322405
List3Session2,3,2,2,775,1050,1,LINK,3,attack,1,574,first,un,un,1,0.13466,97,574,574,0.263883,0.322205
List3Session2,3,2,2,776,1050,1,COMPLAIN,3,grass,1,462,first,un,un,1,-0.659987,97,462,462,-0.698981,-0.706974
List3Session2,3,2,2,777,1050,2,NOTEBOOK,2,alare,0,482,nw,nw,un,0,#NULL!,#NULL!,#NULL!,#NULL!,#NULL!,#NULL!
List3Session2,3,2,2,778,1050,2,HUMAN,3,breab,1,534,nw,nw,nw,1,-0.663336,192,534,534,-0.71144,-0.71144
List3Session2,3,2,2,779,1050,2,PROVISION,3,reast,1,696,nw,nw,nw,1,0.400684,192,696,696,0.598415,0.598415
List3Session2,3,2,2,780,1050,2,AMOUNT,4,comtupism,1,755,nw,nw,nw,1,0.788197,192,755,755,1.075461,1.075461
List3Session2,3,2,2,781,1050,2,BAR,4,rur,1,460,nw,nw,nw,1,-1.14937,192,460,460,-1.309769,-1.309769
List3Session2,3,2,2,782,1050,2,INTENSITY,4,steet,0,592,nw,nw,nw,0,#NULL!,#NULL!,#NULL!,#NULL!,#NULL!,#NULL!
List3Session2,3,2,2,783,1050,2,BURY,2,torl,1,1199,nw,nw,nw,1,3.7044,192,#NULL!,#NULL!,#NULL!,#NULL!
List3Session2,3,2,2,784,1050,2,MINE,1,fighmer,1,646,nw,nw,nw,1,0.072282,192,646,646,0.194139,0.194139
List3Session2,3,2,2,785,1050,2,KNEEL,3,shoom,1,564,nw,nw,nw,1,-0.466296,192,564,564,-0.468874,-0.468874
List3Session2,3,2,2,786,1050,2,SCARCITY,3,fet,1,581,nw,nw,nw,1,-0.354639,192,581,581,-0.33142,-0.33142
List3Session2,3,2,2,787,1050,1,MOTIONLESS,1,still,1,789,first,rel,nw,1,1.660099,97,789,789,2.112238,2.297861
List3Session2,3,2,2,788,1050,1,MINERAL,4,dead,1,557,other,un,rel,1,-0.026083,100,557,557,0.041464,0.113349
List3Session2,3,2,2,789,1050,2,CHEF,4,bircus,1,637,nw,nw,un,1,0.01317,192,637,637,0.121369,0.121369
List3Session2,3,2,2,790,1050,1,GRAVE,2,die,1,507,other,rel,nw,1,-0.448135,100,507,507,-0.425599,-0.398963
List3Session2,3,2,2,791,1050,2,JEALOUSY,2,nisgurting,1,590,nw,nw,rel,1,-0.295527,192,590,590,-0.258651,-0.258651
List3Session2,3,2,2,792,1050,1,ABDUCT,3,australia,1,685,first,un,nw,1,0.922212,97,685,685,1.21815,1.342195
List3Session2,3,2,2,793,1050,2,HEAL,1,gake,1,586,nw,nw,un,1,-0.321799,192,586,586,-0.290993,-0.290993
List3Session2,3,2,2,794,1050,2,THIEF,3,moof,1,553,nw,nw,nw,1,-0.538544,192,553,553,-0.557815,-0.557815
List3Session2,3,2,2,795,1050,1,PRODUCTION,3,prince,1,954,first,un,nw,1,2.830785,97,#NULL!,954,#NULL!,3.530743
List3Session2,3,2,2,796,1050,1,ASSISTANT,1,helper,1,587,first,rel,un,1,0.226896,97,587,587,0.375644,0.441663
List3Session2,3,2,2,797,1050,2,GRIZZLY,4,quarn,1,474,nw,nw,rel,1,-1.057418,192,474,474,-1.196572,-1.196572
List3Session2,3,2,2,798,1050,2,GAL,1,peparate,1,813,nw,nw,nw,1,1.169143,192,813,813,1.544421,1.544421
List3Session2,3,2,2,799,1050,1,IRREGULAR,2,abnormal,1,564,other,rel,nw,1,0.033004,100,564,564,0.106852,0.185073
List3Session2,3,2,2,800,1050,1,NAIL,4,doe,1,852,other,un,rel,1,2.464025,100,852,852,2.797132,3.135989
List3Session2,3,2,2,801,1050,2,CREATION,4,hane,1,730,nw,nw,un,1,0.623997,192,730,730,0.873323,0.873323
List3Session2,3,2,2,802,1050,1,INVENTOR,1,creator,1,580,first,rel,nw,1,0.17723,97,580,580,0.315465,0.37734
List3Session2,3,2,2,803,1050,1,JAZZ,2,ballet,1,884,other,rel,rel,1,2.734138,100,#NULL!,884,#NULL!,3.096052
List3Session2,3,2,2,804,1050,1,DEPARTMENT,2,head,1,423,other,rel,rel,1,-1.157183,100,423,423,-1.210264,-1.259647
List3Session2,3,2,2,805,1050,2,MILLION,2,weknespay,1,590,nw,nw,rel,1,-0.295527,192,590,590,-0.258651,-0.258651
List3Session2,3,2,2,806,1050,1,GIN,1,tonic,1,541,first,rel,nw,1,-0.099477,97,541,541,-0.019818,0.018965
List3Session2,3,2,2,807,1050,2,GRAY,2,tand,1,782,nw,nw,rel,1,0.965534,192,782,782,1.29377,1.29377
List3Session2,3,2,2,808,1050,2,BOTTLE,4,chaom,1,1366,nw,nw,nw,1,4.801261,192,#NULL!,#NULL!,#NULL!,#NULL!
List3Session2,3,2,2,809,1050,1,DROWSY,4,cab,1,935,other,un,nw,1,3.164631,100,#NULL!,#NULL!,#NULL!,#NULL!
List3Session2,3,2,2,810,1050,1,SAND,4,boat,1,536,other,un,un,1,-0.203345,100,536,536,-0.154703,-0.101822
List3Session2,3,2,2,811,1050,2,COMPLIMENT,2,biss,1,891,nw,nw,un,1,1.681449,192,891,891,2.175092,2.175092
List3Session2,3,2,2,812,1050,1,KNEES,3,even,1,558,first,un,nw,1,0.021139,97,558,558,0.126331,0.175179
List3Session2,3,2,2,813,1050,1,ANTEATER,1,ant,1,510,first,rel,un,1,-0.319424,97,510,510,-0.286325,-0.265897
List3Session2,3,2,2,814,1050,2,LATCH,1,amandon,1,721,nw,nw,rel,1,0.564884,192,721,721,0.800553,0.800553
List3Session2,3,2,2,815,1050,1,OUTCOME,1,end,1,442,first,rel,nw,1,-0.801889,97,442,442,-0.870921,-0.890756
List3Session2,3,2,2,816,1050,1,FAUCET,2,drip,1,640,other,rel,rel,1,0.674524,100,640,640,0.816787,0.963787
List3Session2,3,2,2,817,1050,2,UPTIGHT,1,arns,1,622,nw,nw,rel,1,-0.08535,192,622,622,0.000086,0.000086
List3Session2,3,2,2,818,1050,2,BOOK,3,dolder,1,557,nw,nw,nw,1,-0.512272,192,557,557,-0.525473,-0.525473
List3Session2,3,2,2,819,1050,1,ETIQUETTE,1,manners,0,510,first,rel,nw,0,#NULL!,#NULL!,#NULL!,#NULL!,#NULL!,#NULL!
List3Session2,3,2,2,820,1050,2,COMPETITION,1,duperban,1,528,nw,nw,rel,1,-0.702744,192,528,528,-0.759953,-0.759953
List3Session2,3,2,2,821,1050,2,NUN,4,colnege,1,610,nw,nw,nw,1,-0.164166,192,610,610,-0.09694,-0.09694
List3Session2,3,2,2,822,1050,1,SACK,3,clam,1,577,first,un,nw,1,0.155945,97,577,577,0.289674,0.349772
List3Session2,3,2,2,823,1050,2,STARVING,1,streen,1,657,nw,nw,un,1,0.144531,192,657,657,0.283079,0.283079
List3Session2,3,2,2,824,1050,1,CARNIVAL,4,toothbrush,1,606,other,un,nw,1,0.387528,100,606,606,0.499185,0.615415
List3Session2,3,2,2,825,1050,2,ASPIRIN,3,stoff,1,444,nw,nw,un,1,-1.254459,192,444,444,-1.439137,-1.439137
List3Session2,3,2,2,826,1050,1,DIRT,1,mud,1,594,first,rel,nw,1,0.276561,97,594,594,0.435823,0.505987
List3Session2,3,2,2,827,1050,1,BOOKBAG,2,purse,1,611,other,rel,rel,1,0.429733,100,611,611,0.545891,0.666646
List3Session2,3,2,2,828,1050,2,APPEARANCE,3,farket,1,657,nw,nw,rel,1,0.144531,192,657,657,0.283079,0.283079
List3Session2,3,2,2,829,1050,1,LUNCH,1,dinner,1,462,first,rel,nw,1,-0.659987,97,462,462,-0.698981,-0.706974
List3Session2,3,2,2,830,1050,1,LAWN,4,crunchy,1,786,other,un,rel,1,1.906916,100,786,786,2.18061,2.459738
List3Session2,3,2,2,831,1050,1,COUNTY,3,shower,1,538,first,un,un,1,-0.120762,97,538,538,-0.045609,-0.008603
List4Session1,4,1,2,1,1050,1,GUILT,2,bad,1,1117,other,rel,un,1,0.802803,100,1117,1117,0.872516,1.003584
List4Session1,4,1,2,2,1050,2,LUGGAGE,4,bov,1,1127,nw,nw,rel,1,0.792323,205,1127,1127,0.993168,1.127498
List4Session1,4,1,2,3,1050,1,ANALYSIS,4,mom,1,1153,other,un,nw,1,0.922535,100,1153,1153,0.997809,1.138851
List4Session1,4,1,2,4,1050,2,POPULATION,4,perb,1,1370,nw,nw,un,1,1.624875,205,1370,1370,1.960481,2.174255
List4Session1,4,1,2,5,1050,1,LEFT,3,washer,1,1291,first,un,nw,1,2.003744,103,1291,1291,2.35745,2.35745
List4Session1,4,1,2,6,1050,2,BUFFALO,2,kly,1,1677,nw,nw,un,1,2.676699,205,#NULL!,1677,#NULL!,3.18256
List4Session1,4,1,2,7,1050,2,BASEMENT,3,cort,1,1874,nw,nw,nw,1,3.351648,205,#NULL!,#NULL!,#NULL!,#NULL!
List4Session1,4,1,2,8,1050,1,LINE,4,peach,1,687,other,un,nw,1,-0.627329,100,687,687,-0.624039,-0.612113
List4Session1,4,1,2,9,1050,1,LIVER,1,onion,1,777,first,rel,un,1,-0.126506,103,777,777,-0.065817,-0.065817
List4Session1,4,1,2,10,1050,2,CAUTIOUS,1,isk,1,818,nw,nw,rel,1,-0.266353,205,818,818,-0.236872,-0.203563
List4Session1,4,1,2,11,1050,1,SWEET,1,sour,1,680,first,rel,nw,1,-0.528519,103,680,680,-0.523126,-0.523126
List4Session1,4,1,2,12,1050,2,MASSAGE,1,exoct,1,964,nw,nw,rel,1,0.233863,205,964,964,0.344312,0.425352
List4Session1,4,1,2,13,1050,2,CENTER,1,tuperior,1,1268,nw,nw,nw,1,1.275409,205,1268,1268,1.554448,1.734875
List4Session1,4,1,2,14,1050,1,UNNATURAL,3,harvest,1,1096,first,un,nw,1,1.195575,103,1096,1096,1.438118,1.438118
List4Session1,4,1,2,15,1050,2,CRANE,2,drightened,1,819,nw,nw,un,1,-0.262927,205,819,819,-0.232891,-0.199255
List4Session1,4,1,2,16,1050,2,DENT,4,yelm,1,761,nw,nw,nw,1,-0.461643,205,761,761,-0.463773,-0.449099
List4Session1,4,1,2,17,1050,1,SPRAY,3,children,1,594,first,un,nw,1,-0.884942,103,594,594,-0.928575,-0.928575
List4Session1,4,1,2,18,1050,1,POSITIVE,1,negative,1,674,first,rel,un,1,-0.553385,103,674,674,-0.551413,-0.551413
List4Session1,4,1,2,19,1050,1,TART,4,welcome,1,974,other,un,rel,1,0.327201,100,974,974,0.374824,0.46627
List4Session1,4,1,2,20,1050,2,DEMON,1,emplove,1,1117,nw,nw,un,1,0.758062,205,1117,1117,0.953361,1.084422
List4Session1,4,1,2,21,1050,2,SORRY,1,spord,1,966,nw,nw,nw,1,0.240715,205,966,966,0.352273,0.433968
List4Session1,4,1,2,22,1050,2,NOUN,1,rachine,1,599,nw,nw,nw,1,-1.016677,205,599,599,-1.108648,-1.146936
List4Session1,4,1,2,23,1050,2,STRAIGHT,2,apgry,1,1014,nw,nw,nw,1,0.40517,205,1014,1014,0.543347,0.640735
List4Session1,4,1,2,24,1050,1,DIAGRAM,2,graph,1,965,other,rel,nw,1,0.297268,100,965,965,0.343501,0.432454
List4Session1,4,1,2,25,1050,2,SHATTER,3,somatring,1,1142,nw,nw,rel,1,0.843715,205,1142,1142,1.052879,1.192113
List4Session1,4,1,2,26,1050,2,TOES,4,flude,1,1072,nw,nw,nw,1,0.603886,205,1072,1072,0.774229,0.890578
List4Session1,4,1,2,27,1050,2,LAPEL,1,kods,1,876,nw,nw,nw,1,-0.067637,205,876,876,-0.005991,0.04628
List4Session1,4,1,2,28,1050,1,SALTINE,1,cracker,1,1566,first,rel,nw,1,3.143469,103,#NULL!,#NULL!,#NULL!,#NULL!
List4Session1,4,1,2,29,1050,1,BOX,2,shoe,1,951,other,rel,rel,1,0.250706,100,951,951,0.294776,0.379849
List4Session1,4,1,2,30,1050,2,INQUIRE,1,sibuation,1,1048,nw,nw,rel,1,0.521659,205,1048,1048,0.678692,0.787194
List4Session1,4,1,2,31,1050,1,LEAF,2,flower,1,1077,other,rel,nw,1,0.669768,100,1077,1077,0.733301,0.853286
List4Session1,4,1,2,32,1050,1,BOYFRIEND,1,girlfriend,1,1074,first,rel,rel,1,1.104397,103,1074,1074,1.334398,1.334398
List4Session1,4,1,2,33,1050,1,HORN,4,cards,1,1326,other,un,rel,1,1.497915,100,1326,1326,1.599911,1.788887
List4Session1,4,1,2,34,1050,1,BENEATH,3,grave,1,1168,first,un,un,1,1.493976,103,1168,1168,1.777563,1.777563
List4Session1,4,1,2,35,1050,1,ACTOR,3,color,1,854,first,un,un,1,0.192617,103,854,854,0.297202,0.297202
List4Session1,4,1,2,36,1050,2,CONCEPT,4,doresight,1,636,nw,nw,un,1,-0.88991,205,636,636,-0.961362,-0.987554
List4Session1,4,1,2,37,1050,1,NEW,2,shine,1,857,other,rel,nw,1,-0.061928,100,857,857,-0.032378,0.026651
List4Session1,4,1,2,38,1050,1,CONDITIONER,3,football,1,1022,first,un,rel,1,0.888885,103,1022,1022,1.089243,1.089243
List4Session1,4,1,2,39,1050,1,PUSHY,2,annoying,1,972,other,rel,un,1,0.320549,100,972,972,0.367863,0.458756
List4Session1,4,1,2,40,1050,1,SEEM,1,appear,1,1260,first,rel,rel,1,1.875266,103,1260,1260,2.2113,2.2113
List4Session1,4,1,2,41,1050,1,OBNOXIOUS,2,irritating,1,1025,other,rel,rel,1,0.496822,100,1025,1025,0.552323,0.6579
List4Session1,4,1,2,42,1050,2,NYLON,1,besaball,1,1278,nw,nw,rel,1,1.30967,205,1278,1278,1.594255,1.777952
List4Session1,4,1,2,43,1050,2,KEYBOARD,1,bolphin,1,786,nw,nw,nw,1,-0.375989,205,786,786,-0.364255,-0.341408
List4Session1,4,1,2,44,1050,1,MEDICINE,2,cabinet,1,1066,other,rel,nw,1,0.633183,100,1066,1066,0.695017,0.811954
List4Session1,4,1,2,45,1050,2,DEPENDENT,3,blay,1,838,nw,nw,rel,1,-0.19783,205,838,838,-0.157258,-0.11741
List4Session1,4,1,2,46,1050,2,TENSE,2,mitle,1,876,nw,nw,nw,1,-0.067637,205,876,876,-0.005991,0.04628
List4Session1,4,1,2,47,1050,1,BLADE,3,iron,1,624,first,un,nw,1,-0.760608,103,624,624,-0.787139,-0.787139
List4Session1,4,1,2,48,1050,2,CHIMPANZEE,4,yed,1,766,nw,nw,un,1,-0.444512,205,766,766,-0.443869,-0.42756
List4Session1,4,1,2,49,1050,1,CURIOSITY,4,work,1,822,other,un,nw,1,-0.178334,100,822,822,-0.15419,-0.10486
List4Session1,4,1,2,50,1050,2,FORTUNE,2,falm,1,860,nw,nw,un,1,-0.122455,205,860,860,-0.069682,-0.022642
List4Session1,4,1,2,51,1050,2,WIPE,4,biomogy,1,865,nw,nw,nw,1,-0.105324,205,865,865,-0.049779,-0.001104
List4Session1,4,1,2,52,1050,1,STENCH,1,smell,1,1061,first,rel,nw,1,1.050519,103,1061,1061,1.273109,1.273109
List4Session1,4,1,2,53,1050,1,PALACE,4,killer,1,643,other,un,rel,1,-0.773669,100,643,643,-0.777175,-0.77744
List4Session1,4,1,2,54,1050,2,VALVE,3,pasketlall,1,768,nw,nw,un,1,-0.43766,205,768,768,-0.435908,-0.418945
List4Session1,4,1,2,55,1050,2,DATA,2,arnist,1,1032,nw,nw,nw,1,0.46684,205,1032,1032,0.615,0.718272
List4Session1,4,1,2,56,1050,2,NOSE,4,stumid,1,1078,nw,nw,nw,1,0.624443,205,1078,1078,0.798113,0.916424
List4Session1,4,1,2,57,1050,2,OFTEN,4,losp,1,610,nw,nw,nw,1,-0.978989,205,610,610,-1.06486,-1.099552
List4Session1,4,1,2,58,1050,2,REEL,2,vee,1,849,nw,nw,nw,1,-0.160143,205,849,849,-0.11347,-0.070026
List4Session1,4,1,2,59,1050,1,HOUSE,4,eleven,1,1014,other,un,nw,1,0.460237,100,1014,1014,0.514039,0.616568
List4Session1,4,1,2,60,1050,2,BURGLAR,2,hode,1,597,nw,nw,un,1,-1.023529,205,597,597,-1.116609,-1.155552
List4Session1,4,1,2,61,1050,2,PLANE,4,riniculous,1,868,nw,nw,nw,1,-0.095046,205,868,868,-0.037836,0.011819
List4Session1,4,1,2,62,1050,1,WHOM,3,carpet,1,600,first,un,nw,1,-0.860075,103,600,600,-0.900288,-0.900288
List4Session1,4,1,2,63,1050,1,TUB,4,guess,0,583,other,un,un,0,#NULL!,#NULL!,#NULL!,#NULL!,#NULL!,#NULL!
List4Session1,4,1,2,64,1050,1,ACROBAT,4,jewish,1,821,other,un,un,1,-0.18166,100,821,821,-0.157671,-0.108617
List4Session1,4,1,2,65,1050,1,BREATHE,4,knowledge,1,1532,other,un,un,1,2.183048,100,1532,1532,2.316865,2.562919
List4Session1,4,1,2,66,1050,2,REFRIGERATOR,4,spream,1,1285,nw,nw,un,1,1.333653,205,1285,1285,1.62212,1.808105
List4Session1,4,1,2,67,1050,2,SALESMAN,4,ix,1,921,nw,nw,nw,1,0.086539,205,921,921,0.173141,0.240124
List4Session1,4,1,2,68,1050,1,ROBE,3,most,1,748,first,un,nw,1,-0.246696,103,748,748,-0.202538,-0.202538
List4Session1,4,1,2,69,1050,1,AGE,1,old,1,884,first,rel,un,1,0.31695,103,884,884,0.438638,0.438638
List4Session1,4,1,2,70,1050,2,DAGGER,4,halp,1,968,nw,nw,rel,1,0.247568,205,968,968,0.360235,0.442583
List4Session1,4,1,2,71,1050,2,GRAMMAR,4,setate,1,1032,nw,nw,nw,1,0.46684,205,1032,1032,0.615,0.718272
List4Session1,4,1,2,72,1050,1,LOSS,1,gain,1,693,first,rel,nw,1,-0.474641,103,693,693,-0.461837,-0.461837
List4Session1,4,1,2,73,1050,2,HUNGRY,2,buture,1,1217,nw,nw,rel,1,1.100676,205,1217,1217,1.351432,1.515186
List4Session1,4,1,2,74,1050,1,SCARE,1,fright,1,663,first,rel,nw,1,-0.598974,103,663,663,-0.603273,-0.603273
List4Session1,4,1,2,75,1050,1,MOONLIGHT,1,night,1,740,first,rel,rel,1,-0.279851,103,740,740,-0.240254,-0.240254
List4Session1,4,1,2,76,1050,1,MARY,3,lawn,1,686,first,un,rel,1,-0.503652,103,686,686,-0.494839,-0.494839
List4Session1,4,1,2,77,1050,2,READY,4,honel,1,905,nw,nw,un,1,0.031721,205,905,905,0.10945,0.171202
List4Session1,4,1,2,78,1050,2,FATHER,1,rix,1,700,nw,nw,nw,1,-0.670637,205,700,700,-0.706596,-0.711865
List4Session1,4,1,2,79,1050,1,ASIA,2,minor,1,662,other,rel,nw,1,-0.710477,100,662,662,-0.711048,-0.706049
List4Session1,4,1,2,80,1050,1,PRANK,1,joke,1,515,first,rel,rel,1,-1.212354,103,515,515,-1.301023,-1.301023
List4Session1,4,1,2,81,1050,2,SUCK,4,spilb,1,726,nw,nw,rel,1,-0.581557,205,726,726,-0.603098,-0.599866
List4Session1,4,1,2,82,1050,1,MAP,2,country,1,544,other,rel,nw,1,-1.102932,100,544,544,-1.121731,-1.149426
List4Session1,4,1,2,83,1050,1,INTENT,1,purpose,1,498,first,rel,rel,1,-1.28281,103,498,498,-1.38117,-1.38117
List4Session1,4,1,2,84,1050,1,CRAB,3,scared,1,596,first,un,rel,1,-0.876653,103,596,596,-0.919146,-0.919146
List4Session1,4,1,2,85,1050,1,JUNGLE,4,pan,1,628,other,un,un,1,-0.823557,100,628,628,-0.82938,-0.833802
List4Session1,4,1,2,86,1050,2,NONSENSE,2,norgal,1,722,nw,nw,un,1,-0.595262,205,722,722,-0.61902,-0.617097
List4Session1,4,1,2,87,1050,1,WIT,1,smart,1,748,first,rel,nw,1,-0.246696,103,748,748,-0.202538,-0.202538
List4Session1,4,1,2,88,1050,2,FORM,3,threp,1,805,nw,nw,rel,1,-0.310893,205,805,805,-0.288621,-0.259562
List4Session1,4,1,2,89,1050,2,ATHLETE,4,leck,1,844,nw,nw,nw,1,-0.177273,205,844,844,-0.133374,-0.091564
List4Session1,4,1,2,90,1050,1,PERIOD,2,sentence,1,1297,other,rel,nw,1,1.401464,100,1297,1297,1.49898,1.679922
List4Session1,4,1,2,91,1050,1,WILL,4,drain,1,1141,other,un,rel,1,0.882625,100,1141,1141,0.956044,1.093762
List4Session1,4,1,2,92,1050,1,REALITY,1,fantasy,1,670,first,rel,un,1,-0.569963,103,670,670,-0.570271,-0.570271
List4Session1,4,1,2,93,1050,1,FORMULA,2,secret,1,778,other,rel,rel,1,-0.324673,100,778,778,-0.307326,-0.270187
List4Session1,4,1,2,94,1050,1,ASCENT,4,brush,1,562,other,un,rel,1,-1.043066,100,562,562,-1.059084,-1.081792
List4Session1,4,1,2,95,1050,1,OYSTER,3,shampoo,1,834,first,un,un,1,0.109727,103,834,834,0.202911,0.202911
List4Session1,4,1,2,96,1050,2,INFLUENCE,2,staib,1,759,nw,nw,un,1,-0.468495,205,759,759,-0.471734,-0.457714
List4Session1,4,1,2,97,1050,2,VISION,2,malriage,1,721,nw,nw,nw,1,-0.598688,205,721,721,-0.623001,-0.621404
List4Session1,4,1,2,98,1050,2,GREEK,1,tas,1,875,nw,nw,nw,1,-0.071063,205,875,875,-0.009971,0.041972
List4Session1,4,1,2,99,1050,1,COUSIN,4,reptile,1,1038,other,un,nw,1,0.540058,100,1038,1038,0.597567,0.706746
List4Session1,4,1,2,100,1050,2,DRACULA,2,retuse,1,829,nw,nw,un,1,-0.228665,205,829,829,-0.193084,-0.156179
List4Session1,4,1,2,101,1050,1,CONSEQUENCE,4,friend,1,475,other,un,nw,1,-1.332418,100,475,475,-1.361875,-1.408689
List4Session1,4,1,2,102,1050,1,COURAGEOUS,4,dumb,1,480,other,un,un,1,-1.315789,100,480,480,-1.344474,-1.389902
List4Session1,4,1,2,103,1050,1,DEPOSIT,4,animal,1,483,other,un,un,1,-1.305811,100,483,483,-1.334032,-1.37863
List4Session1,4,1,2,104,1050,1,FEEBLE,2,attempt,1,646,other,rel,un,1,-0.763691,100,646,646,-0.766734,-0.766168
List4Session1,4,1,2,105,1050,1,DRIVE,2,in,1,436,other,rel,rel,1,-1.462128,100,436,436,-1.497609,-1.555229
List4Session1,4,1,2,106,1050,2,MINK,2,tem,1,713,nw,nw,rel,1,-0.626097,205,713,713,-0.654847,-0.655865
List4Session1,4,1,2,107,1050,1,MELT,4,adjective,1,915,other,un,nw,1,0.130974,100,915,915,0.169483,0.244582
List4Session1,4,1,2,108,1050,1,HELPER,3,shame,1,582,first,un,un,1,-0.934675,103,582,582,-0.985149,-0.985149
List4Session1,4,1,2,109,1050,1,HARSH,1,mean,1,470,first,rel,un,1,-1.398854,103,470,470,-1.513177,-1.513177
List4Session1,4,1,2,110,1050,2,MATTER,4,pactus,1,651,nw,nw,rel,1,-0.838518,205,651,651,-0.901651,-0.922939
List4Session1,4,1,2,111,1050,2,GENERAL,3,decurity,1,1208,nw,nw,nw,1,1.06984,205,1208,1208,1.315606,1.476417
List4Session1,4,1,2,112,1050,1,EMBRACE,3,neuron,1,1021,first,un,nw,1,0.884741,103,1021,1021,1.084528,1.084528
List4Session1,4,1,2,113,1050,2,NEIGHBORHOOD,4,clast,0,2716,nw,nw,un,0,#NULL!,#NULL!,#NULL!,#NULL!,#NULL!,#NULL!
List4Session1,4,1,2,114,1050,1,POETRY,4,beam,1,1030,other,un,nw,1,0.513451,100,1030,1030,0.569724,0.676687
List4Session1,4,1,2,115,1050,1,TOUCH,1,feel,1,725,first,rel,un,1,-0.342018,103,725,725,-0.310972,-0.310972
List4Session1,4,1,2,116,1050,1,RESORT,4,gin,1,719,other,un,rel,1,-0.520901,100,719,719,-0.512668,-0.491875
List4Session1,4,1,2,117,1050,2,LUNG,2,krowth,1,1224,nw,nw,un,1,1.124659,205,1224,1224,1.379297,1.545339
List4Session1,4,1,2,118,1050,2,FAR,3,dula,1,1119,nw,nw,nw,1,0.764914,205,1119,1119,0.961322,1.093037
List4Session1,4,1,2,119,1050,2,SQUID,3,porward,1,1000,nw,nw,nw,1,0.357204,205,1000,1000,0.487618,0.580428
List4Session1,4,1,2,120,1050,1,BECAUSE,3,sugar,1,855,first,un,nw,1,0.196761,103,855,855,0.301916,0.301916
List4Session1,4,1,2,121,1050,2,SOCKET,2,bire,1,1052,nw,nw,un,1,0.535363,205,1052,1052,0.694615,0.804425
List4Session1,4,1,2,122,1050,2,LEGISLATURE,2,taib,1,1513,nw,nw,nw,1,2.114812,205,1513,1513,2.529723,2.790247
List4Session1,4,1,2,123,1050,1,VIOLET,3,toothpaste,1,1251,first,un,nw,1,1.837965,103,1251,1251,2.168869,2.168869
List4Session1,4,1,2,124,1050,1,INDEPENDENT,3,crime,1,1032,first,un,un,1,0.93033,103,1032,1032,1.136388,1.136388
List4Session1,4,1,2,125,1050,1,MALE,4,hello,1,647,other,un,un,1,-0.760365,100,647,647,-0.763253,-0.76241
List4Session1,4,1,2,126,1050,2,LIMOUSINE,2,norrow,1,884,nw,nw,un,1,-0.040228,205,884,884,0.025855,0.080741
List4Session1,4,1,2,127,1050,1,DISCOVERY,1,find,1,694,first,rel,nw,1,-0.470496,103,694,694,-0.457122,-0.457122
List4Session1,4,1,2,128,1050,1,HUSTLE,2,fast,1,722,other,rel,rel,1,-0.510923,100,722,722,-0.502226,-0.480603
List4Session1,4,1,2,129,1050,1,SPRING,3,newton,0,1613,first,un,rel,0,#NULL!,#NULL!,#NULL!,#NULL!,#NULL!,#NULL!
List4Session1,4,1,2,130,1050,1,PEROXIDE,2,blonde,1,916,other,rel,un,1,0.134299,100,916,916,0.172963,0.248339
List4Session1,4,1,2,131,1050,1,BLUNT,4,suffocate,1,1798,other,un,rel,1,3.067735,100,#NULL!,#NULL!,#NULL!,#NULL!
List4Session1,4,1,2,132,1050,1,JUICE,4,toe,1,1654,other,un,un,1,2.588807,100,#NULL!,1654,#NULL!,2.741469
List4Session1,4,1,2,133,1050,2,ELECTRICIAN,3,buzzle,1,1306,nw,nw,un,1,1.405602,205,1306,1306,1.705715,1.898566
List4Session1,4,1,2,134,1050,1,PRETEND,4,higher,1,637,other,un,nw,1,-0.793624,100,637,637,-0.798057,-0.799985
List4Session1,4,1,2,135,1050,1,CARELESS,2,messy,1,970,other,rel,un,1,0.313898,100,970,970,0.360903,0.451241
List4Session1,4,1,2,136,1050,2,ZEBRA,4,tibe,1,1515,nw,nw,rel,1,2.121664,205,1515,1515,2.537684,2.798863
List4Session1,4,1,2,137,1050,2,SAVE,3,pevil,1,1046,nw,nw,nw,1,0.514806,205,1046,1046,0.67073,0.778579
List4Session1,4,1,2,138,1050,2,GIRL,1,jimp,1,1108,nw,nw,nw,1,0.727227,205,1108,1108,0.917534,1.045653
List4Session1,4,1,2,139,1050,2,VALENTINE,4,frakes,1,894,nw,nw,nw,1,-0.005966,205,894,894,0.065662,0.123818
List4Session1,4,1,2,140,1050,1,SUBTRACT,2,multiply,1,945,other,rel,nw,1,0.23075,100,945,945,0.273894,0.357305
List4Session1,4,1,2,141,1050,2,GROW,3,cinstractio,1,786,nw,nw,rel,1,-0.375989,205,786,786,-0.364255,-0.341408
List4Session1,4,1,2,142,1050,2,FACULTY,1,fod,1,570,nw,nw,nw,1,-1.116035,205,570,570,-1.224089,-1.271858
List4Session1,4,1,2,143,1050,2,DUNK,1,lepson,1,714,nw,nw,nw,1,-0.622671,205,714,714,-0.650866,-0.651558
List4Session1,4,1,2,144,1050,1,SURE,3,steal,1,501,first,un,nw,1,-1.270376,103,501,501,-1.367026,-1.367026
List4Session1,4,1,2,145,1050,2,FIELD,2,vapish,1,695,nw,nw,un,1,-0.687768,205,695,695,-0.7265,-0.733403
List4Session1,4,1,2,146,1050,2,DIMINISH,1,onean,1,836,nw,nw,nw,1,-0.204682,205,836,836,-0.165219,-0.126026
List4Session1,4,1,2,147,1050,1,DESCENT,2,below,1,1528,other,rel,nw,1,2.169744,100,1528,1528,2.302944,2.547889
List4Session1,4,1,2,148,1050,2,FOUR,3,fobever,1,834,nw,nw,rel,1,-0.211535,205,834,834,-0.173181,-0.134641
List4Session1,4,1,2,149,1050,2,FLAT,1,stip,1,1608,nw,nw,nw,1,2.440295,205,1608,1608,2.90789,3.199473
List4Session1,4,1,2,150,1050,1,PLATFORM,2,stage,1,991,other,rel,nw,1,0.383741,100,991,991,0.43399,0.530147
List4Session1,4,1,2,151,1050,2,ENTERTAIN,1,teap,1,1470,nw,nw,rel,1,1.967488,205,1470,1470,2.358552,2.605019
List4Session1,4,1,2,152,1050,1,BLESS,4,want,1,890,other,un,nw,1,0.047826,100,890,890,0.082474,0.150646
List4Session1,4,1,2,153,1050,1,AMERICAN,3,grandma,1,622,first,un,un,1,-0.768897,103,622,622,-0.796568,-0.796568
List4Session1,4,1,2,154,1050,2,REACH,2,vauln,1,652,nw,nw,un,1,-0.835092,205,652,652,-0.89767,-0.918631
List4Session1,4,1,2,155,1050,1,MASK,3,neck,1,840,first,un,nw,1,0.134594,103,840,840,0.231199,0.231199
List4Session1,4,1,2,156,1050,1,PERCENT,1,hundred,1,637,first,rel,un,1,-0.70673,103,637,637,-0.72585,-0.72585
List4Session1,4,1,2,157,1050,1,BEND,4,telephone,1,714,other,un,rel,1,-0.53753,100,714,714,-0.530069,-0.510662
List4Session1,4,1,2,158,1050,1,DECISION,2,decide,1,581,other,rel,un,1,-0.979874,100,581,581,-0.992957,-1.010401
List4Session1,4,1,2,159,1050,2,HE,1,pratermity,1,1046,nw,nw,rel,1,0.514806,205,1046,1046,0.67073,0.778579
List4Session1,4,1,2,160,1050,1,TRAMP,1,slut,1,1028,first,rel,nw,1,0.913752,103,1028,1028,1.11753,1.11753
List4Session1,4,1,2,161,1050,2,JUMPY,4,pipsi,1,642,nw,nw,rel,1,-0.869353,205,642,642,-0.937477,-0.961708
List4Session1,4,1,2,162,1050,2,SODA,2,drun,1,862,nw,nw,nw,1,-0.115603,205,862,862,-0.061721,-0.014027
List4Session1,4,1,2,163,1050,1,POTATO,2,salad,1,610,other,rel,nw,1,-0.883423,100,610,610,-0.892027,-0.901436
List4Session1,4,1,2,164,1050,1,HURRICANE,3,busy,1,530,first,un,rel,1,-1.150187,103,530,530,-1.230305,-1.230305
List4Session1,4,1,2,165,1050,1,DISTINCT,2,specific,0,563,other,rel,un,0,#NULL!,#NULL!,#NULL!,#NULL!,#NULL!,#NULL!
List4Session1,4,1,2,166,1050,2,GANGSTER,3,hobe,1,788,nw,nw,rel,1,-0.369137,205,788,788,-0.356293,-0.332792
List4Session1,4,1,2,167,1050,2,BROAD,3,poose,1,1148,nw,nw,nw,1,0.864272,205,1148,1148,1.076763,1.217958
List4Session1,4,1,2,168,1050,2,BRAND,2,pra,1,790,nw,nw,nw,1,-0.362285,205,790,790,-0.348332,-0.324177
List4Session1,4,1,2,169,1050,2,INTESTINE,3,rilling,1,892,nw,nw,nw,1,-0.012819,205,892,892,0.057701,0.115202
List4Session1,4,1,2,170,1050,2,WARNING,2,sind,1,960,nw,nw,nw,1,0.220159,205,960,960,0.328389,0.408122
List4Session1,4,1,2,171,1050,2,FEAR,3,mictionady,1,1312,nw,nw,nw,1,1.426159,205,1312,1312,1.7296,1.924411
List4Session1,4,1,2,172,1050,2,TRAITOR,1,thirpty,1,739,nw,nw,nw,1,-0.537018,205,739,739,-0.551348,-0.543867
List4Session1,4,1,2,173,1050,1,DEEP,3,insane,1,701,first,un,nw,1,-0.441485,103,701,701,-0.424121,-0.424121
List4Session1,4,1,2,174,1050,1,FRAGRANCE,4,congress,1,1191,other,un,un,1,1.048919,100,1191,1191,1.130062,1.281634
List4Session1,4,1,2,175,1050,1,RELIABLE,3,water,1,944,first,un,un,1,0.565618,103,944,944,0.721509,0.721509
List4Session1,4,1,2,176,1050,1,PRESENCE,2,there,1,577,other,rel,un,1,-0.993177,100,577,577,-1.006879,-1.025431
List4Session1,4,1,2,177,1050,1,SUCCESS,1,failure,1,624,first,rel,rel,1,-0.760608,103,624,624,-0.787139,-0.787139
List4Session1,4,1,2,178,1050,2,CAMERA,3,apuse,1,830,nw,nw,rel,1,-0.225239,205,830,830,-0.189104,-0.151871
List4Session1,4,1,2,179,1050,1,EVIDENCE,3,summer,1,741,first,un,nw,1,-0.275707,103,741,741,-0.23554,-0.23554
List4Session1,4,1,2,180,1050,2,BRAKE,2,canler,1,733,nw,nw,un,1,-0.557575,205,733,733,-0.575233,-0.569713
List4Session1,4,1,2,181,1050,1,ABDOMEN,2,body,1,775,other,rel,nw,1,-0.334651,100,775,775,-0.317767,-0.281459
List4Session1,4,1,2,182,1050,1,BELIEVE,1,faith,1,592,first,rel,rel,1,-0.893231,103,592,592,-0.938004,-0.938004
List4Session1,4,1,2,183,1050,1,OFFICE,3,rocket,1,864,first,un,rel,1,0.234061,103,864,864,0.344347,0.344347
List4Session1,4,1,2,184,1050,2,OCTOPUS,3,fot,1,787,nw,nw,un,1,-0.372563,205,787,787,-0.360274,-0.3371
List4Session1,4,1,2,185,1050,1,STAND,2,fall,1,684,other,rel,nw,1,-0.637307,100,684,684,-0.63448,-0.623385
List4Session1,4,1,2,186,1050,2,LASH,2,fut,1,871,nw,nw,rel,1,-0.084768,205,871,871,-0.025894,0.024742
List4Session1,4,1,2,187,1050,2,FUNGUS,2,actmess,1,1083,nw,nw,nw,1,0.641573,205,1083,1083,0.818017,0.937962
List4Session1,4,1,2,188,1050,2,SECURE,1,ardue,1,1655,nw,nw,nw,1,2.601324,205,#NULL!,1655,#NULL!,3.094984
List4Session1,4,1,2,189,1050,2,DEAF,4,oblect,1,1355,nw,nw,nw,1,1.573483,205,1355,1355,1.90077,2.10964
List4Session1,4,1,2,190,1050,1,NEEDLE,3,rare,1,733,first,un,nw,1,-0.308863,103,733,733,-0.273256,-0.273256
List4Session1,4,1,2,191,1050,1,FOAM,1,shave,1,663,first,rel,un,1,-0.598974,103,663,663,-0.603273,-0.603273
List4Session1,4,1,2,192,1050,1,STEWARDESS,4,east,1,466,other,un,rel,1,-1.362351,100,466,466,-1.393199,-1.442506
List4Session1,4,1,2,193,1050,2,GORGEOUS,3,gless,1,663,nw,nw,un,1,-0.797404,205,663,663,-0.853882,-0.871247
List4Session1,4,1,2,194,1050,1,ATTIC,2,upstairs,1,1540,other,rel,nw,1,2.209655,100,1540,1540,2.344708,2.592978
List4Session1,4,1,2,195,1050,2,TREASURE,3,plig,1,573,nw,nw,rel,1,-1.105756,205,573,573,-1.212147,-1.258935
List4Session1,4,1,2,196,1050,2,SMASH,2,viomin,1,973,nw,nw,nw,1,0.264698,205,973,973,0.380138,0.464121
List4Session1,4,1,2,197,1050,2,ALWAYS,1,atount,1,702,nw,nw,nw,1,-0.663785,205,702,702,-0.698635,-0.703249
List4Session1,4,1,2,198,1050,2,FACTOR,4,calse,1,681,nw,nw,nw,1,-0.735734,205,681,681,-0.78223,-0.79371
List4Session1,4,1,2,199,1050,1,CHILDISH,3,listen,1,612,first,un,nw,1,-0.810342,103,612,612,-0.843714,-0.843714
List4Session1,4,1,2,200,1050,2,TILL,2,purmle,1,611,nw,nw,un,1,-0.975563,205,611,611,-1.060879,-1.095245
List4Session1,4,1,2,201,1050,2,TELL,3,grame,1,1186,nw,nw,nw,1,0.994465,205,1186,1186,1.22803,1.381649
List4Session1,4,1,2,202,1050,2,PRICE,2,bown,1,680,nw,nw,nw,1,-0.73916,205,680,680,-0.78621,-0.798018
List4Session1,4,1,2,203,1050,2,CALL,2,fep,1,613,nw,nw,nw,1,-0.968711,205,613,613,-1.052918,-1.086629
List4Session1,4,1,2,204,1050,1,SCENT,4,comment,1,627,other,un,nw,1,-0.826883,100,627,627,-0.832861,-0.837559
List4Session1,4,1,2,205,1050,2,GRAIN,1,stary,1,2177,nw,nw,un,1,4.389767,205,#NULL!,#NULL!,#NULL!,#NULL!
List4Session1,4,1,2,206,1050,2,TIGHT,1,mindle,1,817,nw,nw,nw,1,-0.269779,205,817,817,-0.240853,-0.207871
List4Session1,4,1,2,207,1050,2,KANGAROO,3,plaib,1,552,nw,nw,nw,1,-1.177705,205,552,552,-1.295741,-1.349396
List4Session1,4,1,2,208,1050,2,TRADE,4,oblession,1,952,nw,nw,nw,1,0.192749,205,952,952,0.296543,0.373661
List4Session1,4,1,2,209,1050,2,INTERESTING,4,poving,1,696,nw,nw,nw,1,-0.684342,205,696,696,-0.722519,-0.729095
List4Session1,4,1,2,210,1050,2,BOLD,2,irnegumar,1,1508,nw,nw,nw,1,2.097682,205,1508,1508,2.509819,2.768709
List4Session1,4,1,2,211,1050,1,DUCK,4,strange,1,751,other,un,nw,1,-0.414472,100,751,751,-0.401296,-0.371637
List4Session1,4,1,2,212,1050,2,CLAM,3,clome,1,664,nw,nw,un,1,-0.793978,205,664,664,-0.849902,-0.86694
List4Session1,4,1,2,213,1050,1,PIKE,2,peak,1,917,other,rel,nw,1,0.137625,100,917,917,0.176444,0.252097
List4Session1,4,1,2,214,1050,1,MYSTERY,1,novel,1,758,first,rel,rel,1,-0.205251,103,758,758,-0.155393,-0.155393
List4Session1,4,1,2,215,1050,2,VEST,3,betinner,1,736,nw,nw,rel,1,-0.547296,205,736,736,-0.56329,-0.55679
List4Session1,4,1,2,216,1050,2,TORN,2,rull,1,728,nw,nw,nw,1,-0.574705,205,728,728,-0.595136,-0.591251
List4Session1,4,1,2,217,1050,2,DOMINANT,4,wriper,1,850,nw,nw,nw,1,-0.156717,205,850,850,-0.109489,-0.065719
List4Session1,4,1,2,218,1050,1,CONTRACTOR,3,help,1,519,first,un,nw,1,-1.195776,103,519,519,-1.282165,-1.282165
List4Session1,4,1,2,219,1050,1,HEADBAND,4,brick,1,681,other,un,un,1,-0.647285,100,681,681,-0.644921,-0.634658
List4Session1,4,1,2,220,1050,1,CONSTRUCT,2,destroy,1,565,other,rel,un,1,-1.033088,100,565,565,-1.048643,-1.07052
List4Session1,4,1,2,221,1050,2,SAFARI,3,agology,0,1030,nw,nw,rel,0,#NULL!,#NULL!,#NULL!,#NULL!,#NULL!,#NULL!
List4Session1,4,1,2,222,1050,1,HURRY,4,boss,1,548,other,un,nw,1,-1.089628,100,548,548,-1.107809,-1.134396
List4Session1,4,1,2,223,1050,2,WEAR,4,nent,1,1285,nw,nw,un,1,1.333653,205,1285,1285,1.62212,1.808105
List4Session1,4,1,2,224,1050,1,CAP,1,hat,1,776,first,rel,nw,1,-0.130651,103,776,776,-0.070531,-0.070531
List4Session1,4,1,2,225,1050,1,BELLY,2,scratch,1,721,other,rel,rel,1,-0.514249,100,721,721,-0.505707,-0.48436
List4Session1,4,1,2,226,1050,2,DINNER,3,nanrow,1,763,nw,nw,rel,1,-0.45479,205,763,763,-0.455811,-0.440483
List4Session1,4,1,2,227,1050,2,CELLO,4,conbess,1,964,nw,nw,nw,1,0.233863,205,964,964,0.344312,0.425352
List4Session1,4,1,2,228,1050,1,WEEKEND,3,front,1,1013,first,un,nw,1,0.851585,103,1013,1013,1.046812,1.046812
List4Session1,4,1,2,229,1050,1,WASHCLOTH,3,anxiety,1,884,first,un,un,1,0.31695,103,884,884,0.438638,0.438638
List4Session1,4,1,2,230,1050,1,BOW,1,arrow,1,695,first,rel,un,1,-0.466352,103,695,695,-0.452408,-0.452408
List4Session1,4,1,2,231,1050,2,MCDONALD'S,3,ralk,1,801,nw,nw,rel,1,-0.324597,205,801,801,-0.304544,-0.276793
List4Session1,4,1,2,232,1050,2,NAP,1,dox,1,761,nw,nw,nw,1,-0.461643,205,761,761,-0.463773,-0.449099
List4Session1,4,1,2,233,1050,1,DRUGS,2,illegal,1,690,other,rel,nw,1,-0.617352,100,690,690,-0.613598,-0.600841
List4Session1,4,1,2,234,1050,1,USA,3,room,1,557,first,un,rel,1,-1.038287,103,557,557,-1.103013,-1.103013
List4Session1,4,1,2,235,1050,2,LAY,1,cleab,1,1006,nw,nw,un,1,0.377761,205,1006,1006,0.511502,0.606273
List4Session1,4,1,2,236,1050,2,SCOTCH,1,sleeb,1,732,nw,nw,nw,1,-0.561001,205,732,732,-0.579213,-0.57402
List4Session1,4,1,2,237,1050,2,POOL,2,gonp,1,630,nw,nw,nw,1,-0.910467,205,630,630,-0.985246,-1.0134
List4Session1,4,1,2,238,1050,1,SCRAMBLED,2,letters,1,724,other,rel,nw,1,-0.504272,100,724,724,-0.495266,-0.473088
List4Session1,4,1,2,239,1050,2,INSTRUCT,4,pib,1,654,nw,nw,rel,1,-0.828239,205,654,654,-0.889709,-0.910016
List4Session1,4,1,2,240,1050,2,GRANDPARENTS,4,somb,1,683,nw,nw,nw,1,-0.728881,205,683,683,-0.774268,-0.785095
List4Session1,4,1,2,241,1050,2,MAFIA,3,beproot,1,614,nw,nw,nw,1,-0.965285,205,614,614,-1.048937,-1.082322
List4Session1,4,1,2,242,1050,2,TELEVISION,3,nase,1,614,nw,nw,nw,1,-0.965285,205,614,614,-1.048937,-1.082322
List4Session1,4,1,2,243,1050,2,AGENCY,1,grast,1,773,nw,nw,nw,1,-0.420529,205,773,773,-0.416004,-0.397407
List4Session1,4,1,2,244,1050,2,CRYSTAL,2,nompany,1,668,nw,nw,nw,1,-0.780273,205,668,668,-0.833979,-0.849709
List4Session1,4,1,2,245,1050,1,JUNIOR,4,late,1,665,other,un,nw,1,-0.700499,100,665,665,-0.700607,-0.694777
List4Session1,4,1,2,246,1050,1,WHY,2,when,1,885,other,rel,un,1,0.031197,100,885,885,0.065072,0.131859
List4Session1,4,1,2,247,1050,2,SOW,1,daking,1,888,nw,nw,rel,1,-0.026523,205,888,888,0.041778,0.097972
List4Session1,4,1,2,248,1050,1,CLARINET,3,soft,1,988,first,un,nw,1,0.747974,103,988,988,0.928949,0.928949
List4Session1,4,1,2,249,1050,1,JAW,1,mouth,1,667,first,rel,un,1,-0.582397,103,667,667,-0.584415,-0.584415
List4Session1,4,1,2,250,1050,1,RAP,2,rhyme,1,631,other,rel,rel,1,-0.813579,100,631,631,-0.818939,-0.822529
List4Session1,4,1,2,251,1050,1,PRISONER,1,jail,1,486,first,rel,rel,1,-1.332543,103,486,486,-1.437744,-1.437744
List4Session1,4,1,2,252,1050,2,AWAY,4,pilno,1,618,nw,nw,rel,1,-0.95158,205,618,618,-1.033014,-1.065091
List4Session1,4,1,2,253,1050,1,SCIENCE,3,branch,1,519,first,un,nw,1,-1.195776,103,519,519,-1.282165,-1.282165
List4Session1,4,1,2,254,1050,1,BOWLING,1,ball,1,632,first,rel,un,1,-0.727453,103,632,632,-0.749423,-0.749423
List4Session1,4,1,2,255,1050,1,WELL,2,sick,1,758,other,rel,rel,1,-0.391191,100,758,758,-0.376934,-0.345335
List4Session1,4,1,2,256,1050,1,AGENDA,3,arrogant,1,1279,first,un,rel,1,1.95401,103,1279,1279,2.300876,2.300876
List4Session1,4,1,2,257,1050,1,CHAIR,3,coffee,1,739,first,un,un,1,-0.283996,103,739,739,-0.244969,-0.244969
List4Session1,4,1,2,258,1050,1,LET,2,do,1,717,other,rel,un,1,-0.527553,100,717,717,-0.519628,-0.49939
List4Session1,4,1,2,259,1050,2,FOLD,2,teeper,1,902,nw,nw,rel,1,0.021443,205,902,902,0.097508,0.158279
List4Session1,4,1,2,260,1050,1,MONK,3,expensive,1,1722,first,un,nw,1,3.790004,103,#NULL!,#NULL!,#NULL!,#NULL!
List4Session1,4,1,2,261,1050,1,SAUCE,2,apple,1,746,other,rel,un,1,-0.431102,100,746,746,-0.418698,-0.390425
List4Session1,4,1,2,262,1050,2,THROAT,2,shalmow,1,708,nw,nw,rel,1,-0.643228,205,708,708,-0.67475,-0.677404
List4Session1,4,1,2,263,1050,2,FOSSIL,3,nusk,1,975,nw,nw,nw,1,0.271551,205,975,975,0.3881,0.472737
List4Session1,4,1,2,264,1050,2,CROOK,1,trep,1,527,nw,nw,nw,1,-1.263359,205,527,527,-1.395259,-1.457087
List4Session1,4,1,2,265,1050,1,MICROPHONE,4,pancakes,1,1441,other,un,nw,1,1.880392,100,1441,1441,2.000152,2.220992
List4Session1,4,1,2,266,1050,1,KNAPSACK,1,backpack,1,1120,first,rel,un,1,1.295042,103,1120,1120,1.551266,1.551266
List4Session1,4,1,2,267,1050,2,COURAGE,4,tade,1,698,nw,nw,rel,1,-0.677489,205,698,698,-0.714558,-0.72048
List4Session1,4,1,2,268,1050,1,TREND,3,wire,1,516,first,un,nw,1,-1.208209,103,516,516,-1.296308,-1.296308
List4Session1,4,1,2,269,1050,2,UNDERWEAR,1,sinilar,1,758,nw,nw,un,1,-0.471921,205,758,758,-0.475715,-0.462022
List4Session1,4,1,2,270,1050,2,EXCELLENT,2,tany,1,735,nw,nw,nw,1,-0.550722,205,735,735,-0.567271,-0.561097
List4Session1,4,1,2,271,1050,2,CASTLE,1,leames,1,568,nw,nw,nw,1,-1.122887,205,568,568,-1.23205,-1.280473
List4Session1,4,1,2,272,1050,1,IMMEDIATE,2,later,1,825,other,rel,nw,1,-0.168357,100,825,825,-0.143749,-0.093587
List4Session1,4,1,2,273,1050,1,PLUMBER,4,sound,1,895,other,un,rel,1,0.064456,100,895,895,0.099876,0.169433
List4Session1,4,1,2,274,1050,1,KNOT,4,hoop,1,900,other,un,un,1,0.081085,100,900,900,0.117278,0.18822
List4Session1,4,1,2,275,1050,2,MORON,3,phome,1,679,nw,nw,un,1,-0.742586,205,679,679,-0.790191,-0.802325
List4Session1,4,1,2,276,1050,2,OPTION,4,conleited,1,850,nw,nw,nw,1,-0.156717,205,850,850,-0.109489,-0.065719
List4Session1,4,1,2,277,1050,2,SATIN,3,giar,1,727,nw,nw,nw,1,-0.578131,205,727,727,-0.599117,-0.595558
List4Session1,4,1,2,278,1050,2,AIRPLANE,1,dorry,1,625,nw,nw,nw,1,-0.927597,205,625,625,-1.005149,-1.034938
List4Session1,4,1,2,279,1050,1,SWIFT,4,bar,1,927,other,un,nw,1,0.170884,100,927,927,0.211247,0.289671
List4Session1,4,1,2,280,1050,1,LESS,2,zero,1,1121,other,rel,un,1,0.816107,100,1121,1121,0.886437,1.018613
List4Session1,4,1,2,281,1050,2,GEOLOGY,4,dorest,1,972,nw,nw,rel,1,0.261272,205,972,972,0.376158,0.459814
List4Session1,4,1,2,282,1050,1,DIGNITY,1,pride,1,860,first,rel,nw,1,0.217483,103,860,860,0.325489,0.325489
List4Session1,4,1,2,283,1050,1,FOND,4,desert,1,1328,other,un,rel,1,1.504566,100,1328,1328,1.606872,1.796402
List4Session1,4,1,2,284,1050,2,PRAISE,2,faw,0,738,nw,nw,un,0,#NULL!,#NULL!,#NULL!,#NULL!,#NULL!,#NULL!
List4Session1,4,1,2,285,1050,2,PLAYING,2,detendable,1,763,nw,nw,nw,1,-0.45479,205,763,763,-0.455811,-0.440483
List4Session1,4,1,2,286,1050,2,CRUNCHY,4,wreat,1,661,nw,nw,nw,1,-0.804256,205,661,661,-0.861844,-0.879863
List4Session1,4,1,2,287,1050,1,PEPPERONI,1,pizza,1,929,first,rel,nw,1,0.503451,103,929,929,0.650791,0.650791
List4Session1,4,1,2,288,1050,2,VAIN,1,theb,1,867,nw,nw,rel,1,-0.098472,205,867,867,-0.041817,0.007511
List4Session1,4,1,2,289,1050,2,CANVAS,4,derfect,1,808,nw,nw,nw,1,-0.300614,205,808,808,-0.276679,-0.246639
List4Session1,4,1,2,290,1050,2,KEY,1,slart,1,926,nw,nw,nw,1,0.10367,205,926,926,0.193045,0.261662
List4Session1,4,1,2,291,1050,1,TERRIBLE,2,two,1,976,other,rel,nw,1,0.333853,100,976,976,0.381785,0.473785
List4Session1,4,1,2,292,1050,1,UNEVEN,3,legs,1,800,first,un,rel,1,-0.031184,103,800,800,0.042617,0.042617
List4Session1,4,1,2,293,1050,1,EDUCATION,4,chew,1,743,other,un,un,1,-0.44108,100,743,743,-0.429139,-0.401697
List4Session1,4,1,2,294,1050,2,OFFENSE,3,prot,1,913,nw,nw,un,1,0.05913,205,913,913,0.141296,0.205663
List4Session1,4,1,2,295,1050,1,ATTACK,4,ditch,1,1156,other,un,nw,1,0.932513,100,1156,1156,1.00825,1.150123
List4Session1,4,1,2,296,1050,1,ODDS,4,wash,1,797,other,un,un,1,-0.261482,100,797,797,-0.241199,-0.198795
List4Session1,4,1,2,297,1050,2,POLE,1,bress,1,677,nw,nw,un,1,-0.749438,205,677,677,-0.798152,-0.81094
List4Session1,4,1,2,298,1050,2,MALT,3,pightning,1,816,nw,nw,nw,1,-0.273205,205,816,816,-0.244833,-0.212178
List4Session1,4,1,2,299,1050,1,STALL,2,hold,1,1622,other,rel,nw,1,2.482378,100,1622,1622,2.630097,2.901088
List4Session1,4,1,2,300,1050,1,CORNBEEF,2,beef,0,621,other,rel,rel,0,#NULL!,#NULL!,#NULL!,#NULL!,#NULL!,#NULL!
List4Session1,4,1,2,301,1050,1,COLLEGE,1,school,1,675,first,rel,rel,1,-0.549241,103,675,675,-0.546698,-0.546698
List4Session1,4,1,2,302,1050,1,UNSURE,4,increase,1,686,other,un,rel,1,-0.630655,100,686,686,-0.627519,-0.615871
List4Session1,4,1,2,303,1050,1,SHRUB,1,bush,1,1338,first,rel,un,1,2.198533,103,1338,1338,2.579033,2.579033
List4Session1,4,1,2,304,1050,1,EXPLAIN,2,excuse,1,555,other,rel,rel,1,-1.066347,100,555,555,-1.083447,-1.108094
List4Session1,4,1,2,305,1050,1,ESCALATOR,3,for,1,555,first,un,rel,1,-1.046576,103,555,555,-1.112442,-1.112442
List4Session1,4,1,2,306,1050,2,MUSIC,4,slinnery,1,829,nw,nw,un,1,-0.228665,205,829,829,-0.193084,-0.156179
List4Session1,4,1,2,307,1050,1,CAPABILITY,1,ability,1,594,first,rel,nw,1,-0.884942,103,594,594,-0.928575,-0.928575
List4Session1,4,1,2,308,1050,1,TWIN,3,short,1,994,first,un,rel,1,0.77284,103,994,994,0.957236,0.957236
List4Session1,4,1,2,309,1050,1,CUB,3,hospital,1,785,first,un,un,1,-0.093351,103,785,785,-0.0281,-0.0281
List4Session1,4,1,2,310,1050,1,BRACES,2,young,1,504,other,rel,un,1,-1.235967,100,504,504,-1.260945,-1.299724
List4Session1,4,1,2,311,1050,2,THRESHOLD,1,enepy,1,731,nw,nw,rel,1,-0.564427,205,731,731,-0.583194,-0.578328
List4Session1,4,1,2,312,1050,1,ALTER,1,change,1,757,first,rel,nw,1,-0.209396,103,757,757,-0.160107,-0.160107
List4Session1,4,1,2,313,1050,2,ENDLESS,2,benind,1,1118,nw,nw,rel,1,0.761488,205,1118,1118,0.957342,1.088729
List4Session1,4,1,2,314,1050,1,SMOOTH,2,skin,1,648,other,rel,nw,1,-0.757039,100,648,648,-0.759773,-0.758653
List4Session1,4,1,2,315,1050,2,INTOXICATE,2,peather,1,790,nw,nw,rel,1,-0.362285,205,790,790,-0.348332,-0.324177
List4Session1,4,1,2,316,1050,2,SCALPEL,2,expinct,1,749,nw,nw,nw,1,-0.502756,205,749,749,-0.511541,-0.50079
List4Session1,4,1,2,317,1050,1,WINNER,3,jacket,1,565,first,un,nw,1,-1.005131,103,565,565,-1.065296,-1.065296
List4Session1,4,1,2,318,1050,2,IDENTICAL,4,groll,1,822,nw,nw,un,1,-0.252648,205,822,822,-0.220949,-0.186333
List4Session1,4,1,2,319,1050,2,SKI,2,poog,1,588,nw,nw,nw,1,-1.054364,205,588,588,-1.152436,-1.19432
List4Session1,4,1,2,320,1050,2,STUMBLE,2,examgle,1,765,nw,nw,nw,1,-0.447938,205,765,765,-0.44785,-0.431868
List4Session1,4,1,2,321,1050,1,BROOM,4,muscle,1,869,other,un,nw,1,-0.022017,100,869,869,0.009386,0.07174
List4Session1,4,1,2,322,1050,2,COMBINE,4,rabbery,1,842,nw,nw,un,1,-0.184126,205,842,842,-0.141335,-0.10018
List4Session1,4,1,2,323,1050,2,HANDKERCHIEF,4,pollar,1,1584,nw,nw,nw,1,2.358068,205,1584,1584,2.812353,3.09609
List4Session1,4,1,2,324,1050,1,COLD,2,snow,1,566,other,rel,nw,1,-1.029762,100,566,566,-1.045163,-1.066763
List4Session1,4,1,2,325,1050,1,PAY,4,turtle,1,646,other,un,rel,1,-0.763691,100,646,646,-0.766734,-0.766168
List4Session1,4,1,2,326,1050,2,FIVE,1,tood,1,644,nw,nw,un,1,-0.862501,205,644,644,-0.929516,-0.953093
List4Session1,4,1,2,327,1050,2,RELIGIOUS,4,pinkles,1,833,nw,nw,nw,1,-0.214961,205,833,833,-0.177161,-0.138948
List4Session1,4,1,2,328,1050,1,FLOOR,3,looks,1,695,first,un,nw,1,-0.466352,103,695,695,-0.452408,-0.452408
List4Session1,4,1,2,329,1050,2,SHOP,2,quock,1,738,nw,nw,un,1,-0.540444,205,738,738,-0.555329,-0.548174
List4Session1,4,1,2,330,1050,2,PANEL,1,kand,1,764,nw,nw,nw,1,-0.451364,205,764,764,-0.451831,-0.436176
List4Session1,4,1,2,331,1050,1,SOLO,2,self,1,1027,other,rel,nw,1,0.503473,100,1027,1027,0.559283,0.665414
List4Session1,4,1,2,332,1050,1,MANNERS,1,polite,1,754,first,rel,rel,1,-0.221829,103,754,754,-0.174251,-0.174251
List4Session1,4,1,2,333,1050,2,OFFICIAL,3,mavy,1,1099,nw,nw,rel,1,0.696392,205,1099,1099,0.881708,1.006884
List4Session1,4,1,2,334,1050,2,NOTIFY,2,kafe,1,710,nw,nw,nw,1,-0.636376,205,710,710,-0.666789,-0.668788
List4Session1,4,1,2,335,1050,2,WALLET,1,squimrel,1,657,nw,nw,nw,1,-0.817961,205,657,657,-0.877767,-0.897093
List4Session1,4,1,2,336,1050,2,TEAM,2,hene,1,670,nw,nw,nw,1,-0.773421,205,670,670,-0.826017,-0.841094
List4Session1,4,1,2,337,1050,1,FAIL,1,pass,1,778,first,rel,nw,1,-0.122362,103,778,778,-0.061102,-0.061102
List4Session1,4,1,2,338,1050,1,SYSTEM,1,computer,1,1314,first,rel,rel,1,2.099066,103,1314,1314,2.465884,2.465884
List4Session1,4,1,2,339,1050,2,DECAY,1,dother,1,724,nw,nw,rel,1,-0.58841,205,724,724,-0.611059,-0.608481
List4Session1,4,1,2,340,1050,1,RUG,3,spoiled,1,814,first,un,nw,1,0.026838,103,814,814,0.108621,0.108621
List4Session1,4,1,2,341,1050,1,AFFAIR,1,cheat,1,1141,first,rel,un,1,1.382075,103,1141,1141,1.650271,1.650271
List4Session1,4,1,2,342,1050,1,BULLY,4,russia,1,1231,other,un,rel,1,1.181955,100,1231,1231,1.269277,1.431931
List4Session1,4,1,2,343,1050,1,FLEET,4,hostess,1,1669,other,un,un,1,2.638695,100,#NULL!,1669,#NULL!,2.793674
List4Session1,4,1,2,344,1050,1,OBSERVE,1,watch,1,552,first,rel,un,1,-1.059009,103,552,552,-1.126585,-1.126585
List4Session1,4,1,2,345,1050,1,CANVASS,1,painting,1,538,first,rel,rel,1,-1.117031,103,538,538,-1.192589,-1.192589
List4Session1,4,1,2,346,1050,2,PORCELAIN,3,ga,1,586,nw,nw,rel,1,-1.061217,205,586,586,-1.160397,-1.202936
List4Session1,4,1,2,347,1050,2,CHARACTER,3,iction,1,698,nw,nw,nw,1,-0.677489,205,698,698,-0.714558,-0.72048
List4Session1,4,1,2,348,1050,2,CONVERSATION,4,nands,1,661,nw,nw,nw,1,-0.804256,205,661,661,-0.861844,-0.879863
List4Session1,4,1,2,349,1050,2,CAFFEINE,3,bope,1,689,nw,nw,nw,1,-0.708325,205,689,689,-0.750384,-0.759249
List4Session1,4,1,2,350,1050,1,HEAR,3,idiot,1,829,first,un,nw,1,0.089005,103,829,829,0.179339,0.179339
List4Session1,4,1,2,351,1050,1,KING,3,seller,1,899,first,un,un,1,0.379117,103,899,899,0.509356,0.509356
List4Session1,4,1,2,352,1050,2,FRIENDS,3,tranpenstei,1,1462,nw,nw,un,1,1.940079,205,1462,1462,2.326706,2.570558
List4Session1,4,1,2,353,1050,2,PERCEIVE,4,ohe,1,692,nw,nw,nw,1,-0.698046,205,692,692,-0.738442,-0.746326
List4Session1,4,1,2,354,1050,1,DECOMPOSE,4,large,1,1358,other,un,nw,1,1.604343,100,1358,1358,1.711282,1.909125
List4Session1,4,1,2,355,1050,2,CONVICT,4,couge,1,719,nw,nw,un,1,-0.60554,205,719,719,-0.630963,-0.63002
List4Session1,4,1,2,356,1050,2,TEASE,3,tiece,1,889,nw,nw,nw,1,-0.023097,205,889,889,0.045758,0.102279
List4Session1,4,1,2,357,1050,1,RELISH,4,speed,1,733,other,un,nw,1,-0.474338,100,733,733,-0.463943,-0.439271
List4Session1,4,1,2,358,1050,1,REFRESHING,1,cool,1,726,first,rel,un,1,-0.337874,103,726,726,-0.306258,-0.306258
List4Session1,4,1,2,359,1050,1,HONESTY,2,virtue,1,800,other,rel,rel,1,-0.251504,100,800,800,-0.230758,-0.187523
List4Session1,4,1,2,360,1050,2,FEDERAL,4,palking,1,727,nw,nw,rel,1,-0.578131,205,727,727,-0.599117,-0.595558
List4Session1,4,1,2,361,1050,1,BUD,4,candy,1,736,other,un,nw,1,-0.464361,100,736,736,-0.453501,-0.427999
List4Session1,4,1,2,362,1050,2,POET,1,pensuade,1,1738,nw,nw,un,1,2.885693,205,#NULL!,1738,#NULL!,3.425383
List4Session1,4,1,2,363,1050,2,VARIETY,1,prees,1,699,nw,nw,nw,1,-0.674063,205,699,699,-0.710577,-0.716172
List4Session1,4,1,2,364,1050,2,STAIN,3,thien,1,710,nw,nw,nw,1,-0.636376,205,710,710,-0.666789,-0.668788
List4Session1,4,1,2,365,1050,1,SONG,1,sing,1,641,first,rel,nw,1,-0.690152,103,641,641,-0.706992,-0.706992
List4Session1,4,1,2,366,1050,1,BEING,1,human,1,896,first,rel,rel,1,0.366684,103,896,896,0.495212,0.495212
List4Session1,4,1,2,367,1050,2,COMMUNITY,3,yeeting,1,819,nw,nw,rel,1,-0.262927,205,819,819,-0.232891,-0.199255
List4Session1,4,1,2,368,1050,1,APART,2,alone,1,712,other,rel,nw,1,-0.544182,100,712,712,-0.53703,-0.518177
List4Session1,4,1,2,369,1050,2,CARDINAL,4,yot,1,674,nw,nw,rel,1,-0.759717,205,674,674,-0.810095,-0.823863
List4Session1,4,1,2,370,1050,2,TORTURE,4,snabe,1,671,nw,nw,nw,1,-0.769995,205,671,671,-0.822037,-0.836786
List4Session1,4,1,2,371,1050,1,RICH,2,luck,1,731,other,rel,nw,1,-0.48099,100,731,731,-0.470903,-0.446786
List4Session1,4,1,2,372,1050,1,CYLINDER,1,round,1,789,first,rel,rel,1,-0.076773,103,789,789,-0.009242,-0.009242
List4Session1,4,1,2,373,1050,2,TRANQUIL,4,agert,1,700,nw,nw,rel,1,-0.670637,205,700,700,-0.706596,-0.711865
List4Session1,4,1,2,374,1050,2,BEAVER,1,aspistant,1,1064,nw,nw,nw,1,0.576477,205,1064,1064,0.742383,0.856117
List4Session1,4,1,2,375,1050,2,SISTER,3,hupt,1,724,nw,nw,nw,1,-0.58841,205,724,724,-0.611059,-0.608481
List4Session1,4,1,2,376,1050,2,ENVIRONMENT,4,blash,1,1054,nw,nw,nw,1,0.542215,205,1054,1054,0.702576,0.81304
List4Session1,4,1,2,377,1050,1,MOIST,3,plan,1,859,first,un,nw,1,0.213339,103,859,859,0.320775,0.320775
List4Session1,4,1,2,378,1050,2,CON,3,loney,1,2320,nw,nw,un,1,4.879705,205,#NULL!,#NULL!,#NULL!,#NULL!
List4Session1,4,1,2,379,1050,2,LABEL,1,surmery,1,1498,nw,nw,nw,1,2.06342,205,1498,1498,2.470012,2.725633
List4Session1,4,1,2,380,1050,1,EVEN,1,odd,1,693,first,rel,nw,1,-0.474641,103,693,693,-0.461837,-0.461837
List4Session1,4,1,2,381,1050,2,PYRAMID,3,aldition,1,1074,nw,nw,rel,1,0.610738,205,1074,1074,0.78219,0.899193
List4Session1,4,1,2,382,1050,2,CHUNK,1,tuplerpare,1,1485,nw,nw,nw,1,2.01888,205,1485,1485,2.418263,2.669633
List4Session1,4,1,2,383,1050,1,WITCH,1,halloween,1,1208,first,rel,nw,1,1.659754,103,1208,1208,1.966145,1.966145
List4Session1,4,1,2,384,1050,2,ADVANCE,1,baw,1,783,nw,nw,rel,1,-0.386268,205,783,783,-0.376197,-0.354331
List4Session1,4,1,2,385,1050,2,CHAOS,3,poinion,1,1238,nw,nw,nw,1,1.172625,205,1238,1238,1.435027,1.605646
List4Session1,4,1,2,386,1050,1,ALLEGIANCE,3,spot,1,637,first,un,nw,1,-0.70673,103,637,637,-0.72585,-0.72585
List4Session1,4,1,2,387,1050,1,VIOLA,3,cut,1,666,first,un,un,1,-0.586541,103,666,666,-0.589129,-0.589129
List4Session1,4,1,2,388,1050,2,MIST,3,mobe,1,774,nw,nw,un,1,-0.417103,205,774,774,-0.412023,-0.393099
List4Session1,4,1,2,389,1050,2,STORM,2,meard,1,767,nw,nw,nw,1,-0.441086,205,767,767,-0.439888,-0.423253
List4Session1,4,1,2,390,1050,2,DAWN,1,spaff,1,726,nw,nw,nw,1,-0.581557,205,726,726,-0.603098,-0.599866
List4Session1,4,1,2,391,1050,2,CUCUMBER,3,glopy,1,816,nw,nw,nw,1,-0.273205,205,816,816,-0.244833,-0.212178
List4Session1,4,1,2,392,1050,1,UMBRELLA,1,rain,1,726,first,rel,nw,1,-0.337874,103,726,726,-0.306258,-0.306258
List4Session1,4,1,2,393,1050,2,CHRIST,3,pag,1,977,nw,nw,rel,1,0.278403,205,977,977,0.396061,0.481352
List4Session1,4,1,2,394,1050,2,NAME,2,boter,1,705,nw,nw,nw,1,-0.653506,205,705,705,-0.686693,-0.690326
List4Session1,4,1,2,395,1050,2,NOVICE,1,piln,1,684,nw,nw,nw,1,-0.725455,205,684,684,-0.770287,-0.780787
List4Session1,4,1,2,396,1050,1,CORRECT,1,wrong,1,840,first,rel,nw,1,0.134594,103,840,840,0.231199,0.231199
List4Session1,4,1,2,397,1050,1,SYMPATHY,1,sorrow,1,1037,first,rel,rel,1,0.951052,103,1037,1037,1.15996,1.15996
List4Session1,4,1,2,398,1050,1,MEXICO,4,control,1,666,other,un,rel,1,-0.697173,100,666,666,-0.697127,-0.691019
List4Session1,4,1,2,399,1050,2,NOTHING,1,rotion,1,1190,nw,nw,un,1,1.00817,205,1190,1190,1.243953,1.398879
List4Session1,4,1,2,400,1050,1,INSIDE,2,indoors,1,815,other,rel,nw,1,-0.201615,100,815,815,-0.178553,-0.131162
List4Session1,4,1,2,401,1050,2,ASSAULT,3,opemation,1,789,nw,nw,rel,1,-0.365711,205,789,789,-0.352313,-0.328485
List4Session1,4,1,2,402,1050,2,CEILING,4,ob,1,973,nw,nw,nw,1,0.264698,205,973,973,0.380138,0.464121
List4Session1,4,1,2,403,1050,1,ASTROLOGY,4,gross,1,669,other,un,nw,1,-0.687195,100,669,669,-0.686686,-0.679747
List4Session1,4,1,2,404,1050,2,REFRAIN,2,lother,1,616,nw,nw,un,1,-0.958433,205,616,616,-1.040976,-1.073707
List4Session1,4,1,2,405,1050,2,GAMBLE,4,drash,1,967,nw,nw,nw,1,0.244141,205,967,967,0.356254,0.438275
List4Session1,4,1,2,406,1050,2,GARBAGE,1,alard,1,630,nw,nw,nw,1,-0.910467,205,630,630,-0.985246,-1.0134
List4Session1,4,1,2,407,1050,1,GULLIBLE,3,husband,1,852,first,un,nw,1,0.184328,103,852,852,0.287773,0.287773
List4Session1,4,1,2,408,1050,2,MUSTACHE,3,belax,1,777,nw,nw,un,1,-0.406824,205,777,777,-0.400081,-0.380176
List4Session1,4,1,2,409,1050,2,DENY,2,dar,1,609,nw,nw,nw,1,-0.982415,205,609,609,-1.068841,-1.10386
List4Session1,4,1,2,410,1050,1,HEEL,4,crash,1,912,other,un,nw,1,0.120996,100,912,912,0.159042,0.23331
List4Session1,4,1,2,411,1050,2,EFFECT,1,cadeful,1,754,nw,nw,un,1,-0.485626,205,754,754,-0.491638,-0.479252
List4Session1,4,1,2,412,1050,1,COAST,1,beach,1,860,first,rel,nw,1,0.217483,103,860,860,0.325489,0.325489
List4Session1,4,1,2,413,1050,1,CHIP,3,meat,1,831,first,un,rel,1,0.097294,103,831,831,0.188768,0.188768
List4Session1,4,1,2,414,1050,2,TALL,3,var,1,582,nw,nw,un,1,-1.074921,205,582,582,-1.17632,-1.220166
List4Session1,4,1,2,415,1050,2,OFFICER,2,ceneal,1,870,nw,nw,nw,1,-0.088194,205,870,870,-0.029875,0.020434
List4Session1,4,1,2,416,50,1,FAITHFUL,2,relationshi,1,1163,other,rel,nw,1,1.974929,103,1163,1163,2.959631,3.277779
List4Session1,4,1,2,417,50,2,EMPIRE,4,murnerer,1,732,nw,nw,rel,1,-0.260757,203,732,732,-0.217279,-0.20577
List4Session1,4,1,2,418,50,1,SAILOR,4,chocolate,1,1103,other,un,nw,1,1.728053,103,1103,1103,2.606809,2.892377
List4Session1,4,1,2,419,50,2,WILDERNESS,3,forne,1,721,nw,nw,un,1,-0.307605,203,721,721,-0.27407,-0.264125
List4Session1,4,1,2,420,50,2,PRIME,3,righway,1,1044,nw,nw,nw,1,1.068015,203,1044,1044,1.393517,1.449394
List4Session1,4,1,2,421,50,1,STADIUM,2,concert,1,2250,other,rel,nw,1,6.447503,103,#NULL!,#NULL!,#NULL!,#NULL!
List4Session1,4,1,2,422,50,2,DRAG,1,unple,1,655,nw,nw,rel,1,-0.588691,203,655,655,-0.614815,-0.614256
List4Session1,4,1,2,423,50,1,PHYSICAL,4,slip,1,642,other,un,nw,1,-0.168779,103,642,642,-0.104042,-0.068794
List4Session1,4,1,2,424,50,2,TYPHOON,3,doce,1,632,nw,nw,un,1,-0.686646,203,632,632,-0.733559,-0.736272
List4Session1,4,1,2,425,50,1,LIST,1,groceries,1,638,first,rel,nw,1,-0.282976,102,638,638,-0.300481,-0.282652
List4Session1,4,1,2,426,50,2,EXECUTIVE,4,sememper,1,1316,nw,nw,rel,1,2.226433,203,1316,1316,2.7978,2.892358
List4Session1,4,1,2,427,50,1,SPINACH,2,cabbage,1,1358,other,rel,nw,1,2.777277,103,#NULL!,1358,#NULL!,4.106303
List4Session1,4,1,2,428,50,1,REAP,3,log,1,519,first,un,rel,1,-0.681025,102,519,519,-0.862841,-0.889027
List4Session1,4,1,2,429,50,2,UNUSUAL,4,poman,1,738,nw,nw,un,1,-0.235204,203,738,738,-0.186302,-0.17394
List4Session1,4,1,2,430,50,1,RAM,4,make,1,660,other,un,nw,1,-0.094716,103,660,660,0.001805,0.046826
List4Session1,4,1,2,431,50,1,CHEAP,2,sale,1,648,other,rel,un,1,-0.144091,103,648,648,-0.06876,-0.030254
List4Session1,4,1,2,432,50,2,DELICATE,1,sundwach,1,653,nw,nw,rel,1,-0.597209,203,653,653,-0.625141,-0.624866
List4Session1,4,1,2,433,50,2,PRINCESS,3,tate,1,594,nw,nw,nw,1,-0.848483,203,594,594,-0.929746,-0.937862
List4Session1,4,1,2,434,50,1,UNAWARE,3,gold,1,634,first,un,nw,1,-0.296356,102,634,634,-0.319383,-0.303035
List4Session1,4,1,2,435,50,1,MEDAL,4,wall,1,511,other,un,un,1,-0.707792,103,511,511,-0.87437,-0.910255
List4Session1,4,1,2,436,50,1,MOTOR,2,auto,1,505,other,rel,un,1,-0.732479,103,505,505,-0.909652,-0.948795
List4Session1,4,1,2,437,50,2,BAN,3,som,1,549,nw,nw,rel,1,-1.040133,203,549,549,-1.162072,-1.176588
List4Session1,4,1,2,438,50,2,REMINISCENCE,3,chenk,1,766,nw,nw,nw,1,-0.115955,203,766,766,-0.041743,-0.0254
List4Session1,4,1,2,439,50,2,CAPE,2,albiganor,1,702,nw,nw,nw,1,-0.388524,203,702,702,-0.372163,-0.364921
List4Session1,4,1,2,440,50,2,CAVERN,3,tueslay,1,594,nw,nw,nw,1,-0.848483,203,594,594,-0.929746,-0.937862
List4Session1,4,1,2,441,50,2,REPRODUCE,3,destend,1,1801,nw,nw,nw,1,4.291993,203,#NULL!,#NULL!,#NULL!,#NULL!
List4Session1,4,1,2,442,50,2,GENTLE,4,sprict,1,894,nw,nw,nw,1,0.429182,203,894,894,0.619096,0.653642
List4Session1,4,1,2,443,50,2,LAWYER,2,bim,1,554,nw,nw,nw,1,-1.018839,203,554,554,-1.136258,-1.150063
List4Session1,4,1,2,444,50,2,EFFORT,3,rucket,1,1011,nw,nw,nw,1,0.927472,203,1011,1011,1.223144,1.274329
List4Session1,4,1,2,445,50,2,DEFINITION,3,soush,1,777,nw,nw,nw,1,-0.069107,203,777,777,0.015047,0.032955
List4Session1,4,1,2,446,50,2,CRAYOLA,1,vull,1,682,nw,nw,nw,1,-0.473701,203,682,682,-0.475419,-0.471021
List4Session1,4,1,2,447,50,1,ANGLE,3,once,1,974,first,un,nw,1,0.840926,102,974,974,1.28736,1.429465
List4Session1,4,1,2,448,50,2,SWING,1,accuve,1,822,nw,nw,un,1,0.122543,203,822,822,0.247374,0.271681
List4Session1,4,1,2,449,50,1,OPPORTUNITY,3,modern,1,660,first,un,nw,1,-0.209387,102,660,660,-0.196515,-0.170549
List4Session1,4,1,2,450,50,2,FEET,3,birect,1,761,nw,nw,un,1,-0.137249,203,761,761,-0.067558,-0.051925
List4Session1,4,1,2,451,50,2,ADD,3,himeless,1,648,nw,nw,nw,1,-0.618504,203,648,648,-0.650955,-0.651391
List4Session1,4,1,2,452,50,2,GAVEL,4,emply,1,1023,nw,nw,nw,1,0.978579,203,1023,1023,1.285098,1.337989
List4Session1,4,1,2,453,50,1,CONCLUSION,1,ending,1,676,first,rel,nw,1,-0.155868,102,676,676,-0.120903,-0.08902
List4Session1,4,1,2,454,50,1,SERVICE,3,stack,1,585,first,un,rel,1,-0.460258,102,585,585,-0.550944,-0.552718
List4Session1,4,1,2,455,50,1,PLANNING,3,happy,1,529,first,un,un,1,-0.647575,102,529,529,-0.815584,-0.838071
List4Session1,4,1,2,456,50,2,REPUBLICAN,2,bajor,1,683,nw,nw,un,1,-0.469443,203,683,683,-0.470256,-0.465716
List4Session1,4,1,2,457,50,2,ACID,4,himple,1,766,nw,nw,nw,1,-0.115955,203,766,766,-0.041743,-0.0254
List4Session1,4,1,2,458,50,1,MAT,4,spice,1,654,other,un,nw,1,-0.119403,103,654,654,-0.033477,0.008286
List4Session1,4,1,2,459,50,1,SLACKS,1,pants,1,564,first,rel,un,1,-0.530502,102,564,564,-0.650184,-0.659726
List4Session1,4,1,2,460,50,2,REVIVAL,4,ipnore,1,555,nw,nw,rel,1,-1.01458,203,555,555,-1.131096,-1.144758
List4Session1,4,1,2,461,50,1,AIR,3,murder,1,612,first,un,nw,1,-0.369944,102,612,612,-0.423349,-0.415138
List4Session1,4,1,2,462,50,1,MINT,4,yard,1,540,other,un,un,1,-0.588468,103,540,540,-0.70384,-0.723977
List4Session1,4,1,2,463,50,2,CONFLICT,1,rool,1,677,nw,nw,un,1,-0.494996,203,677,677,-0.501233,-0.497546
List4Session1,4,1,2,464,50,1,BALLOON,4,legend,1,585,other,un,nw,1,-0.403311,103,585,585,-0.439223,-0.434926
List4Session1,4,1,2,465,50,1,FOOL,2,april,1,833,other,rel,un,1,0.617111,103,833,833,1.019109,1.158068
List4Session1,4,1,2,466,50,2,LAGOON,2,quild,1,830,nw,nw,rel,1,0.156614,203,830,830,0.288676,0.314121
List4Session1,4,1,2,467,50,1,SHRINE,1,temple,1,589,first,rel,nw,1,-0.446878,102,589,589,-0.532041,-0.532336
List4Session1,4,1,2,468,50,1,SEVERAL,4,submarine,1,1156,other,un,rel,1,1.946127,103,1156,1156,2.918468,3.232815
List4Session1,4,1,2,469,50,1,MEDIOCRE,2,alright,1,597,other,rel,un,1,-0.353936,103,597,597,-0.368658,-0.357846
List4Session1,4,1,2,470,50,1,BEST,1,worst,1,603,first,rel,rel,1,-0.400049,102,603,603,-0.465881,-0.460998
List4Session1,4,1,2,471,50,1,CAB,3,geometry,1,931,first,un,rel,1,0.697093,102,931,931,1.084154,1.210355
List4Session1,4,1,2,472,50,1,PERISH,2,disappear,1,733,other,rel,un,1,0.20565,103,733,733,0.431072,0.515732
List4Session1,4,1,2,473,50,1,SCARF,3,turn,1,590,first,un,rel,1,-0.443533,102,590,590,-0.527315,-0.52724
List4Session1,4,1,2,474,50,1,DETECTIVE,2,private,1,839,other,rel,un,1,0.641798,103,839,839,1.054391,1.196609
List4Session1,4,1,2,475,50,1,STEPS,1,stairs,1,532,first,rel,rel,1,-0.63754,102,532,532,-0.801406,-0.822785
List4Session1,4,1,2,476,50,2,LOAD,1,shafe,1,782,nw,nw,rel,1,-0.047813,203,782,782,0.040861,0.05948
List4Session1,4,1,2,477,50,2,CONE,2,sludent,1,926,nw,nw,nw,1,0.565467,203,926,926,0.784305,0.823402
List4Session1,4,1,2,478,50,1,PICNIC,2,lunch,1,552,other,rel,nw,1,-0.539093,103,552,552,-0.633275,-0.646897
List4Session1,4,1,2,479,50,2,UNCONSCIOUS,1,tabin,1,1296,nw,nw,rel,1,2.141255,203,1296,1296,2.694544,2.786258
List4Session1,4,1,2,480,50,1,HAIL,4,power,1,1260,other,un,nw,1,2.374046,103,1260,1260,3.530027,3.900845
List4Session1,4,1,2,481,50,1,NUTS,3,news,1,1513,first,un,un,1,2.643852,102,#NULL!,1513,#NULL!,3.83452
List4Session1,4,1,2,482,50,2,DUST,4,buvenile,1,1692,nw,nw,un,1,3.827774,203,#NULL!,#NULL!,#NULL!,#NULL!
List4Session1,4,1,2,483,50,1,GAME,2,win,1,871,other,rel,nw,1,0.773465,103,871,871,1.242563,1.402156
List4Session1,4,1,2,484,50,1,SIP,2,straw,1,643,other,rel,rel,1,-0.164664,103,643,643,-0.098161,-0.062371
List4Session1,4,1,2,485,50,2,ISSUE,1,percil,1,953,nw,nw,rel,1,0.680457,203,953,953,0.923701,0.966638
List4Session1,4,1,2,486,50,2,CONCENTRATE,2,hinp,1,658,nw,nw,nw,1,-0.575915,203,658,658,-0.599327,-0.598341
List4Session1,4,1,2,487,50,1,BAY,3,graduation,1,1416,first,un,nw,1,2.319392,102,1416,1416,3.376126,3.681715
List4Session1,4,1,2,488,50,2,CODE,4,trooked,1,637,nw,nw,un,1,-0.665351,203,637,637,-0.707745,-0.709747
List4Session1,4,1,2,489,50,1,SCALES,4,china,1,803,other,un,nw,1,0.493672,103,803,803,0.842698,0.965368
List4Session1,4,1,2,490,50,1,FRAIL,2,thin,1,530,other,rel,un,1,-0.629614,103,530,530,-0.762643,-0.788211
List4Session1,4,1,2,491,50,1,AHOY,3,crazy,1,700,first,un,rel,1,-0.075589,102,700,700,-0.007486,0.033274
List4Session1,4,1,2,492,50,2,METEORITE,4,staghemti,1,751,nw,nw,un,1,-0.179838,203,751,751,-0.119186,-0.104975
List4Session1,4,1,2,493,50,1,GULP,1,swallow,1,527,first,rel,nw,1,-0.654265,102,527,527,-0.825035,-0.848262
List4Session1,4,1,2,494,50,1,BROOK,3,queen,1,666,first,un,rel,1,-0.189317,102,666,666,-0.168161,-0.139976
List4Session1,4,1,2,495,50,2,EYE,4,oray,1,942,nw,nw,un,1,0.633609,203,942,942,0.86691,0.908283
List4Session1,4,1,2,496,50,1,DIM,1,light,1,456,first,rel,nw,1,-0.891756,102,456,456,-1.160561,-1.210049
List4Session1,4,1,2,497,50,1,GYM,3,trailer,1,581,first,un,rel,1,-0.473638,102,581,581,-0.569846,-0.573101
List4Session1,4,1,2,498,50,2,COYOTE,1,vored,1,620,nw,nw,un,1,-0.737752,203,620,620,-0.795513,-0.799932
List4Session1,4,1,2,499,50,2,HOE,3,releat,1,1427,nw,nw,nw,1,2.699169,203,#NULL!,1427,#NULL!,3.370871
List4Session1,4,1,2,500,50,2,CLOTHES,3,thap,1,681,nw,nw,nw,1,-0.47796,203,681,681,-0.480582,-0.476326
List4Session1,4,1,2,501,50,1,COMMITTEE,4,loud,1,730,other,un,nw,1,0.193306,103,730,730,0.413431,0.496462
List4Session1,4,1,2,502,50,1,CHAMPION,4,penny,1,588,other,un,un,1,-0.390967,103,588,588,-0.421582,-0.415656
List4Session1,4,1,2,503,50,1,WALKWAY,2,path,1,708,other,rel,un,1,0.102785,103,708,708,0.284063,0.355148
List4Session1,4,1,2,504,50,2,GENTLEMAN,1,shib,1,710,nw,nw,rel,1,-0.354453,203,710,710,-0.330861,-0.322481
List4Session1,4,1,2,505,50,1,SUPERVISOR,2,teacher,1,506,other,rel,nw,1,-0.728365,103,506,506,-0.903772,-0.942372
List4Session1,4,1,2,506,50,1,CORK,2,board,1,581,other,rel,rel,1,-0.419769,103,581,581,-0.462744,-0.46062
List4Session1,4,1,2,507,50,1,CAN,4,morning,1,525,other,un,rel,1,-0.650187,103,525,525,-0.792045,-0.820328
List4Session1,4,1,2,508,50,2,TUNA,2,domefork,1,711,nw,nw,un,1,-0.350194,203,711,711,-0.325698,-0.317176
List4Session1,4,1,2,509,50,1,LEAVE,1,come,1,506,first,rel,nw,1,-0.724509,102,506,506,-0.924275,-0.95527
List4Session1,4,1,2,510,50,2,NEVER,4,moute,1,579,nw,nw,rel,1,-0.912367,203,579,579,-1.007188,-1.017437
List4Session1,4,1,2,511,50,2,MANNER,1,apainst,1,828,nw,nw,nw,1,0.148096,203,828,828,0.27835,0.303511
List4Session1,4,1,2,512,50,1,WISDOM,2,owl,1,634,other,rel,nw,1,-0.201695,103,634,634,-0.151085,-0.120181
List4Session1,4,1,2,513,50,2,TODAY,2,coab,1,512,nw,nw,rel,1,-1.197712,203,512,512,-1.353096,-1.372873
List4Session1,4,1,2,514,50,2,KITTEN,2,weame,1,923,nw,nw,nw,1,0.55269,203,923,923,0.768817,0.807487
List4Session1,4,1,2,515,50,1,GUARD,4,excited,1,726,other,un,nw,1,0.176848,103,726,726,0.389909,0.470768
List4Session1,4,1,2,516,50,2,FINISH,3,rubject,1,664,nw,nw,un,1,-0.550361,203,664,664,-0.56835,-0.566511
List4Session1,4,1,2,517,50,1,CLEAN,3,blood,1,764,first,un,nw,1,0.138487,102,764,764,0.294959,0.359392
List4Session1,4,1,2,518,50,1,DOORBELL,1,ring,1,846,first,rel,un,1,0.412773,102,846,846,0.682468,0.77723
List4Session1,4,1,2,519,50,2,VEHICLE,4,wriping,1,731,nw,nw,rel,1,-0.265016,203,731,731,-0.222442,-0.211075
List4Session1,4,1,2,520,50,2,GRADUATE,1,clipter,1,1180,nw,nw,nw,1,1.647224,203,1180,1180,2.095658,2.170876
List4Session1,4,1,2,521,50,2,ANTLERS,1,deaven,1,908,nw,nw,nw,1,0.488807,203,908,908,0.691375,0.727912
List4Session1,4,1,2,522,50,1,SUGGEST,3,misundersta,1,1095,first,un,nw,1,1.245665,102,1095,1095,1.859171,2.046031
List4Session1,4,1,2,523,50,1,LANDSCAPE,3,simple,1,586,first,un,un,1,-0.456913,102,586,586,-0.546218,-0.547623
List4Session1,4,1,2,524,50,2,SMOKY,1,stoy,1,835,nw,nw,un,1,0.177908,203,835,835,0.31449,0.340646
List4Session1,4,1,2,525,50,2,ACE,4,renp,1,656,nw,nw,nw,1,-0.584433,203,656,656,-0.609652,-0.608951
List4Session1,4,1,2,526,50,1,ROOMMATE,2,bitch,1,692,other,rel,nw,1,0.036952,103,692,692,0.189977,0.252374
List4Session1,4,1,2,527,50,1,EQUAL,2,rights,1,568,other,rel,rel,1,-0.473259,103,568,568,-0.539189,-0.544123
List4Session1,4,1,2,528,50,2,TRUNK,2,stupy,1,576,nw,nw,rel,1,-0.925143,203,576,576,-1.022677,-1.033352
List4Session1,4,1,2,529,50,1,DISPERSE,1,spread,1,552,first,rel,nw,1,-0.570641,102,552,552,-0.706892,-0.720873
List4Session1,4,1,2,530,50,1,MOSS,4,glue,1,496,other,un,rel,1,-0.769511,103,496,496,-0.962576,-1.006606
List4Session1,4,1,2,531,50,2,PRESUME,3,fick,1,972,nw,nw,un,1,0.761376,203,972,972,1.021794,1.067433
List4Session1,4,1,2,532,50,1,BUCK,1,dollar,1,581,first,rel,nw,1,-0.473638,102,581,581,-0.569846,-0.573101
List4Session1,4,1,2,533,50,2,BELL,2,dravery,1,397,nw,nw,rel,1,-1.687484,203,397,397,-1.946819,-1.98295
List4Session1,4,1,2,534,50,1,SACRED,4,clown,1,509,other,un,nw,1,-0.716021,103,509,509,-0.886131,-0.923102
List4Session1,4,1,2,535,50,2,HANDICAP,3,hountians,1,999,nw,nw,un,1,0.876366,203,999,999,1.16119,1.210669
List4Session1,4,1,2,536,50,1,MEMORY,4,rule,1,542,other,un,nw,1,-0.580239,103,542,542,-0.692079,-0.711131
List4Session1,4,1,2,537,50,1,FUGITIVE,1,criminal,0,632,first,rel,un,0,#NULL!,#NULL!,#NULL!,#NULL!,#NULL!,#NULL!
List4Session1,4,1,2,538,50,1,SPREE,1,shopping,1,813,first,rel,rel,1,0.30239,102,813,813,0.52652,0.609076
List4Session1,4,1,2,539,50,2,DISCOMFORT,4,parm,1,620,nw,nw,rel,1,-0.737752,203,620,620,-0.795513,-0.799932
List4Session1,4,1,2,540,50,2,YARN,2,doop,1,818,nw,nw,nw,1,0.105507,203,818,818,0.226722,0.250461
List4Session1,4,1,2,541,50,2,LOOSEN,3,monel,1,768,nw,nw,nw,1,-0.107437,203,768,768,-0.031418,-0.01479
List4Session1,4,1,2,542,50,2,SECOND,4,pumber,1,785,nw,nw,nw,1,-0.035036,203,785,785,0.05635,0.075396
List4Session1,4,1,2,543,50,2,GATHERING,4,stider,1,833,nw,nw,nw,1,0.16939,203,833,833,0.304164,0.330036
List4Session1,4,1,2,544,50,2,MUTTON,1,garty,1,654,nw,nw,nw,1,-0.59295,203,654,654,-0.619978,-0.619561
List4Session1,4,1,2,545,50,1,COACH,3,jesus,1,659,first,un,nw,1,-0.212732,102,659,659,-0.201241,-0.175645
List4Session1,4,1,2,546,50,2,SUBTLE,1,pamb,1,552,nw,nw,un,1,-1.027357,203,552,552,-1.146584,-1.160673
List4Session1,4,1,2,547,50,1,QUART,4,rice,1,594,other,un,nw,1,-0.36628,103,594,594,-0.3863,-0.377116
List4Session1,4,1,2,548,50,2,SORORITY,2,waton,1,552,nw,nw,un,1,-1.027357,203,552,552,-1.146584,-1.160673
List4Session1,4,1,2,549,50,1,GRANDPA,3,assume,1,608,first,un,nw,1,-0.383324,102,608,608,-0.442252,-0.43552
List4Session1,4,1,2,550,50,1,COOKBOOK,1,recipe,1,712,first,rel,un,1,-0.03545,102,712,712,0.049222,0.094421
List4Session1,4,1,2,551,50,2,UNSEEN,1,theopy,1,1226,nw,nw,rel,1,1.843133,203,1226,1226,2.333147,2.414907
List4Session1,4,1,2,552,50,1,SEPARATE,1,divide,1,521,first,rel,nw,1,-0.674335,102,521,521,-0.853389,-0.878836
List4Session1,4,1,2,553,50,2,EMPLOYMENT,4,prain,1,707,nw,nw,rel,1,-0.367229,203,707,707,-0.346349,-0.338396
List4Session1,4,1,2,554,50,1,MAILMAN,1,mail,1,662,first,rel,nw,1,-0.202697,102,662,662,-0.187063,-0.160358
List4Session1,4,1,2,555,50,2,CUPBOARD,4,stobage,1,810,nw,nw,rel,1,0.071436,203,810,810,0.18542,0.208021
List4Session1,4,1,2,556,50,1,AIRCRAFT,4,pilot,1,586,other,un,nw,1,-0.399196,103,586,586,-0.433343,-0.428503
List4Session1,4,1,2,557,50,2,HEAD,2,premiew,1,1008,nw,nw,un,1,0.914696,203,1008,1008,1.207656,1.258414
List4Session1,4,1,2,558,50,1,PROPERTY,4,flop,1,902,other,un,nw,1,0.901018,103,902,902,1.424854,1.601281
List4Session1,4,1,2,559,50,2,MOVE,2,potice,1,866,nw,nw,un,1,0.309934,203,866,866,0.474537,0.505102
List4Session1,4,1,2,560,50,2,KINETIC,1,lep,0,814,nw,nw,nw,0,#NULL!,#NULL!,#NULL!,#NULL!,#NULL!,#NULL!
List4Session1,4,1,2,561,50,1,CRAVE,2,hunger,1,621,other,rel,nw,1,-0.255185,103,621,621,-0.22753,-0.203685
List4Session1,4,1,2,562,50,1,VACUUM,1,cleaner,1,867,first,rel,rel,1,0.483017,102,867,867,0.781708,0.884237
List4Session1,4,1,2,563,50,2,LUMBER,2,shelp,1,767,nw,nw,rel,1,-0.111696,203,767,767,-0.036581,-0.020095
List4Session1,4,1,2,564,50,1,FRIAR,4,shoes,1,688,other,un,nw,1,0.020493,103,688,688,0.166455,0.226681
List4Session1,4,1,2,565,50,2,DUSTPAN,4,topato,1,1012,nw,nw,un,1,0.931731,203,1012,1012,1.228307,1.279634
List4Session1,4,1,2,566,50,2,TRAUMA,1,pimture,1,1098,nw,nw,nw,1,1.297995,203,1098,1098,1.672308,1.735865
List4Session1,4,1,2,567,50,1,MINTS,2,green,1,749,other,rel,nw,1,0.271484,103,749,749,0.525158,0.618506
List4Session1,4,1,2,568,50,1,MISCHIEF,3,try,1,718,first,un,rel,1,-0.01538,102,718,718,0.077577,0.124995
List4Session1,4,1,2,569,50,1,IGLOO,1,ice,1,720,first,rel,un,1,-0.00869,102,720,720,0.087028,0.135186
List4Session1,4,1,2,570,50,1,VERSE,3,thumb,1,1123,first,un,rel,1,1.339323,102,1123,1123,1.991491,2.188708
List4Session1,4,1,2,571,50,2,FACTORY,3,lidge,1,965,nw,nw,un,1,0.731563,203,965,965,0.985655,1.030298
List4Session1,4,1,2,572,50,2,PARSLEY,4,figer,1,846,nw,nw,nw,1,0.224756,203,846,846,0.371281,0.399001
List4Session1,4,1,2,573,50,2,CAMP,2,charce,1,699,nw,nw,nw,1,-0.4013,203,699,699,-0.387651,-0.380836
List4Session1,4,1,2,574,50,2,DESK,4,calb,1,671,nw,nw,nw,1,-0.520549,203,671,671,-0.53221,-0.529376
List4Session1,4,1,2,575,50,2,FEELING,3,tib,1,579,nw,nw,nw,1,-0.912367,203,579,579,-1.007188,-1.017437
List4Session1,4,1,2,576,50,1,POKER,4,first,1,586,other,un,nw,1,-0.399196,103,586,586,-0.433343,-0.428503
List4Session1,4,1,2,577,50,2,NOMAD,2,cober,1,769,nw,nw,un,1,-0.103178,203,769,769,-0.026255,-0.009485
List4Session1,4,1,2,578,50,1,GUILTY,1,innocent,1,530,first,rel,nw,1,-0.64423,102,530,530,-0.810858,-0.832976
List4Session1,4,1,2,579,50,2,CREVICE,3,tilket,1,621,nw,nw,rel,1,-0.733494,203,621,621,-0.79035,-0.794627
List4Session1,4,1,2,580,50,2,UNIVERSITY,4,fide,1,707,nw,nw,nw,1,-0.367229,203,707,707,-0.346349,-0.338396
List4Session1,4,1,2,581,50,1,AGREE,1,disagree,1,598,first,rel,nw,1,-0.416774,102,598,598,-0.489509,-0.486476
List4Session1,4,1,2,582,50,1,WEEKLY,3,fog,1,989,first,un,rel,1,0.8911,102,989,989,1.358245,1.505899
List4Session1,4,1,2,583,50,2,SADDLE,2,agypt,1,837,nw,nw,un,1,0.186426,203,837,837,0.324816,0.351256
List4Session1,4,1,2,584,50,2,PRESIDENT,4,silm,1,708,nw,nw,nw,1,-0.36297,203,708,708,-0.341186,-0.333091
List4Session1,4,1,2,585,50,2,PEAR,4,peonle,1,677,nw,nw,nw,1,-0.494996,203,677,677,-0.501233,-0.497546
List4Session1,4,1,2,586,50,1,DRUNK,1,alcohol,1,970,first,rel,nw,1,0.827546,102,970,970,1.268457,1.409083
List4Session1,4,1,2,587,50,2,ASSIGNMENT,1,bomen,1,1058,nw,nw,rel,1,1.12764,203,1058,1058,1.465796,1.523664
List4Session1,4,1,2,588,50,1,BRANDY,4,explosion,1,791,other,un,nw,1,0.444297,103,791,791,0.772133,0.888287
List4Session1,4,1,2,589,50,2,CLOSING,1,cag,1,950,nw,nw,un,1,0.66768,203,950,950,0.908213,0.950723
List4Session1,4,1,2,590,50,1,SOMETIMES,4,trick,1,784,other,un,nw,1,0.415495,103,784,784,0.730971,0.843324
List4Session1,4,1,2,591,50,2,HIKING,1,trame,1,911,nw,nw,un,1,0.501584,203,911,911,0.706863,0.743827
List4Session1,4,1,2,592,50,1,DOZEN,1,twelve,1,746,first,rel,nw,1,0.078278,102,746,746,0.209897,0.267671
List4Session1,4,1,2,593,50,1,CLOROX,3,dinosaur,1,940,first,un,rel,1,0.727198,102,940,940,1.126685,1.256215
List4Session1,4,1,2,594,50,2,CONTEMPORARY,3,wanber,1,661,nw,nw,un,1,-0.563138,203,661,661,-0.583838,-0.582426
List4Session1,4,1,2,595,50,2,SPOTS,2,pes,1,602,nw,nw,nw,1,-0.814412,203,602,602,-0.888444,-0.895422
List4Session1,4,1,2,596,50,2,SHOVE,3,steme,1,672,nw,nw,nw,1,-0.51629,203,672,672,-0.527047,-0.524071
List4Session1,4,1,2,597,50,2,THIRD,4,onen,1,981,nw,nw,nw,1,0.799706,203,981,981,1.06826,1.115178
List4Session1,4,1,2,598,50,1,DELIGHT,3,fire,1,1068,first,un,nw,1,1.155351,102,1068,1068,1.731577,1.90845
List4Session1,4,1,2,599,50,2,GIRAFFE,4,glay,1,737,nw,nw,un,1,-0.239463,203,737,737,-0.191465,-0.179245
List4Session1,4,1,2,600,50,1,MAXIMUM,1,minimum,1,739,first,rel,nw,1,0.054864,102,739,739,0.176817,0.232002
List4Session1,4,1,2,601,50,1,HUMILIATE,1,embarrass,1,2845,first,rel,rel,1,7.099321,102,#NULL!,#NULL!,#NULL!,#NULL!
List4Session1,4,1,2,602,50,2,ZIT,1,sarm,1,699,nw,nw,rel,1,-0.4013,203,699,699,-0.387651,-0.380836
List4Session1,4,1,2,603,50,2,VANILLA,4,longth,1,990,nw,nw,nw,1,0.838036,203,990,990,1.114725,1.162923
List4Session1,4,1,2,604,50,2,WHEEL,2,lerative,1,661,nw,nw,nw,1,-0.563138,203,661,661,-0.583838,-0.582426
List4Session1,4,1,2,605,50,2,ARMOR,3,korgive,1,715,nw,nw,nw,1,-0.333158,203,715,715,-0.305047,-0.295955
List4Session1,4,1,2,606,50,2,PUNCTUATION,3,proteption,1,605,nw,nw,nw,1,-0.801636,203,605,605,-0.872955,-0.879507
List4Session1,4,1,2,607,50,1,PERSONALITY,4,west,1,595,other,un,nw,1,-0.362165,103,595,595,-0.380419,-0.370692
List4Session1,4,1,2,608,50,1,CRITICAL,4,look,1,524,other,un,un,1,-0.654302,103,524,524,-0.797925,-0.826751
List4Session1,4,1,2,609,50,2,CONDEMN,2,klunz,1,582,nw,nw,un,1,-0.89959,203,582,582,-0.9917,-1.001522
List4Session1,4,1,2,610,50,2,LANE,4,inalian,1,1181,nw,nw,nw,1,1.651483,203,1181,1181,2.100821,2.176181
List4Session1,4,1,2,611,50,1,HILL,1,mountain,1,606,first,rel,nw,1,-0.390014,102,606,606,-0.451703,-0.445711
List4Session1,4,1,2,612,50,2,PLASTIC,4,tup,1,981,nw,nw,rel,1,0.799706,203,981,981,1.06826,1.115178
List4Session1,4,1,2,613,50,2,FROSTED,3,wibe,1,668,nw,nw,nw,1,-0.533326,203,668,668,-0.547698,-0.545291
List4Session1,4,1,2,614,50,1,KILOMETER,1,mile,1,705,first,rel,nw,1,-0.058864,102,705,705,0.016142,0.058752
List4Session1,4,1,2,615,50,1,SNEAKY,3,beautiful,1,580,first,un,rel,1,-0.476983,102,580,580,-0.574572,-0.578196
List4Session1,4,1,2,616,50,1,SALES,2,store,1,652,other,rel,un,1,-0.127633,103,652,652,-0.045238,-0.004561
List4Session1,4,1,2,617,50,1,SOLUTION,1,problem,1,784,first,rel,rel,1,0.205386,102,784,784,0.389474,0.461304
List4Session1,4,1,2,618,50,1,ASSOCIATE,1,partner,1,623,first,rel,rel,1,-0.33315,102,623,623,-0.371366,-0.359086
List4Session1,4,1,2,619,50,2,GANG,1,amea,1,629,nw,nw,rel,1,-0.699422,203,629,629,-0.749048,-0.752187
List4Session1,4,1,2,620,50,2,RELATIVITY,1,pady,1,907,nw,nw,nw,1,0.484548,203,907,907,0.686212,0.722607
List4Session1,4,1,2,621,50,1,TOAD,1,frog,1,518,first,rel,nw,1,-0.684369,102,518,518,-0.867566,-0.894123
List4Session1,4,1,2,622,50,2,OVERVIEW,2,fote,1,592,nw,nw,rel,1,-0.857001,203,592,592,-0.940072,-0.948472
List4Session1,4,1,2,623,50,2,ACT,1,obsmacle,1,695,nw,nw,nw,1,-0.418336,203,695,695,-0.408303,-0.402056
List4Session1,4,1,2,624,50,1,SEEK,4,hay,1,924,other,un,nw,1,0.991539,103,924,924,1.554223,1.742595
List4Session1,4,1,2,625,50,2,TOENAIL,1,nake,1,822,nw,nw,un,1,0.122543,203,822,822,0.247374,0.271681
List4Session1,4,1,2,626,50,2,GUEST,2,chalm,1,706,nw,nw,nw,1,-0.371488,203,706,706,-0.351512,-0.343701
List4Session1,4,1,2,627,50,1,DOE,2,jane,1,566,other,rel,nw,1,-0.481488,103,566,566,-0.55095,-0.55697
List4Session1,4,1,2,628,50,2,MICROSCOPE,3,olening,1,734,nw,nw,rel,1,-0.252239,203,734,734,-0.206953,-0.19516
List4Session1,4,1,2,629,50,2,BANANA,1,worner,1,1711,nw,nw,nw,1,3.908693,203,#NULL!,#NULL!,#NULL!,#NULL!
List4Session1,4,1,2,630,50,2,CRY,3,garpen,1,731,nw,nw,nw,1,-0.265016,203,731,731,-0.222442,-0.211075
List4Session1,4,1,2,631,50,1,PHYSICS,4,picket,1,1085,other,un,nw,1,1.65399,103,1085,1085,2.500962,2.776756
List4Session1,4,1,2,632,50,1,SIGN,2,language,1,560,other,rel,un,1,-0.506176,103,560,560,-0.586232,-0.59551
List4Session1,4,1,2,633,50,1,KIDNEY,1,bean,1,569,first,rel,rel,1,-0.513777,102,569,569,-0.626555,-0.634248
List4Session1,4,1,2,634,50,2,FLAP,4,stap,0,753,nw,nw,rel,0,#NULL!,#NULL!,#NULL!,#NULL!,#NULL!,#NULL!
List4Session1,4,1,2,635,50,1,SOOT,2,black,1,1472,other,rel,nw,1,3.246342,103,#NULL!,#NULL!,#NULL!,#NULL!
List4Session1,4,1,2,636,50,2,BOUND,1,troken,1,853,nw,nw,rel,1,0.254568,203,853,853,0.407421,0.436136
List4Session1,4,1,2,637,50,1,COCOON,1,butterfly,1,658,first,rel,nw,1,-0.216077,102,658,658,-0.205966,-0.18074
List4Session1,4,1,2,638,50,2,INSULT,4,swean,1,1302,nw,nw,rel,1,2.166808,203,1302,1302,2.72552,2.818088
List4Session1,4,1,2,639,50,1,MARINES,2,men,1,610,other,rel,nw,1,-0.300446,103,610,610,-0.292214,-0.274342
List4Session1,4,1,2,640,50,2,UPDATE,3,bace,1,745,nw,nw,rel,1,-0.205392,203,745,745,-0.150162,-0.136805
List4Session1,4,1,2,641,50,2,VULNERABLE,1,onter,1,730,nw,nw,nw,1,-0.269275,203,730,730,-0.227604,-0.21638
List4Session1,4,1,2,642,50,2,WEDDING,4,baspet,1,860,nw,nw,nw,1,0.28438,203,860,860,0.44356,0.473272
List4Session1,4,1,2,643,50,1,CLIPPERS,2,scissors,1,729,other,rel,nw,1,0.189192,103,729,729,0.40755,0.490039
List4Session1,4,1,2,644,50,2,BOILED,3,epergy,1,730,nw,nw,rel,1,-0.269275,203,730,730,-0.227604,-0.21638
List4Session1,4,1,2,645,50,1,MOTORCYCLE,2,danger,1,556,other,rel,nw,1,-0.522634,103,556,556,-0.609754,-0.621204
List4Session1,4,1,2,646,50,1,DISSIMILAR,3,supper,1,565,first,un,rel,1,-0.527157,102,565,565,-0.645458,-0.65463
List4Session1,4,1,2,647,50,1,MAIN,4,uncommon,1,638,other,un,un,1,-0.185237,103,638,638,-0.127563,-0.094488
List4Session1,4,1,2,648,50,1,FOUNTAIN,4,sea,1,595,other,un,un,1,-0.362165,103,595,595,-0.380419,-0.370692
List4Session1,4,1,2,649,50,2,PART,2,melly,1,1195,nw,nw,un,1,1.711107,203,1195,1195,2.1731,2.250451
List4Session1,4,1,2,650,50,2,URGE,4,goote,1,634,nw,nw,nw,1,-0.678128,203,634,634,-0.723234,-0.725662
List4Session1,4,1,2,651,50,1,BEGGAR,4,polish,1,576,other,un,nw,1,-0.440342,103,576,576,-0.492146,-0.492736
List4Session1,4,1,2,652,50,2,STIR,4,dawsuit,1,1032,nw,nw,un,1,1.016909,203,1032,1032,1.331563,1.385734
List4Session1,4,1,2,653,50,1,HITCHHIKE,3,stomach,1,636,first,un,nw,1,-0.289666,102,636,636,-0.309932,-0.292843
List4Session1,4,1,2,654,50,1,FOOLISH,4,plus,1,514,other,un,un,1,-0.695448,103,514,514,-0.856729,-0.890985
List4Session1,4,1,2,655,50,1,ALL,3,towel,1,525,first,un,un,1,-0.660955,102,525,525,-0.834486,-0.858454
List4Session1,4,1,2,656,50,1,COWARD,3,river,1,535,first,un,un,1,-0.627505,102,535,535,-0.787229,-0.807498
List4Session1,4,1,2,657,50,1,PROPRIETOR,1,owner,1,496,first,rel,un,1,-0.757958,102,496,496,-0.971532,-1.006226
List4Session1,4,1,2,658,50,2,GLASSES,2,pute,1,685,nw,nw,rel,1,-0.460925,203,685,685,-0.459931,-0.455106
List4Session1,4,1,2,659,50,1,FROSTING,1,cake,1,640,first,rel,nw,1,-0.276286,102,640,640,-0.291029,-0.272461
List4Session1,4,1,2,660,50,1,PATIENT,2,nurse,1,613,other,rel,rel,1,-0.288102,103,613,613,-0.274573,-0.255072
List4Session1,4,1,2,661,50,1,SLICK,3,dog,1,509,first,un,rel,1,-0.714474,102,509,509,-0.910098,-0.939983
List4Session1,4,1,2,662,50,2,NEGOTIATION,2,homor,1,1208,nw,nw,un,1,1.766473,203,1208,1208,2.240217,2.319416
List4Session1,4,1,2,663,50,2,CLIFF,2,lon,1,693,nw,nw,nw,1,-0.426854,203,693,693,-0.418628,-0.412666
List4Session1,4,1,2,664,50,1,EARLY,2,bird,1,490,other,rel,nw,1,-0.794198,103,490,490,-0.997858,-1.045146
List4Session1,4,1,2,665,50,1,CONFUSE,3,sheets,1,677,first,un,rel,1,-0.152523,102,677,677,-0.116178,-0.083924
List4Session1,4,1,2,666,50,1,OTTER,2,lake,1,585,other,rel,un,1,-0.403311,103,585,585,-0.439223,-0.434926
List4Session1,4,1,2,667,50,1,NEWSPAPER,4,have,1,545,other,un,rel,1,-0.567895,103,545,545,-0.674438,-0.691861
List4Session1,4,1,2,668,50,2,CLOCKWISE,2,ecienpist,1,698,nw,nw,un,1,-0.405559,203,698,698,-0.392814,-0.386141
List4Session1,4,1,2,669,50,2,DISCIPLINE,1,stade,1,1054,nw,nw,nw,1,1.110604,203,1054,1054,1.445145,1.502444
List4Session1,4,1,2,670,50,2,DRILL,1,pourt,1,1778,nw,nw,nw,1,4.194038,203,#NULL!,#NULL!,#NULL!,#NULL!
List4Session1,4,1,2,671,50,1,FLOUR,4,no,1,554,other,un,nw,1,-0.530864,103,554,554,-0.621514,-0.63405
List4Session1,4,1,2,672,50,2,ANGEL,1,liom,0,483,nw,nw,un,0,#NULL!,#NULL!,#NULL!,#NULL!,#NULL!,#NULL!
List4Session1,4,1,2,673,50,2,WAIT,1,prother,1,670,nw,nw,nw,1,-0.524808,203,670,670,-0.537373,-0.534681
List4Session1,4,1,2,674,50,1,SPIN,2,circle,1,930,other,rel,nw,1,1.016227,103,930,930,1.589505,1.781135
List4Session1,4,1,2,675,50,2,BEHAVIOR,4,mon,1,828,nw,nw,rel,1,0.148096,203,828,828,0.27835,0.303511
List4Session1,4,1,2,676,50,1,HUNG,4,directions,1,715,other,un,nw,1,0.131587,103,715,715,0.325225,0.400111
List4Session1,4,1,2,677,50,1,ILL,2,healthy,1,606,other,rel,un,1,-0.316904,103,606,606,-0.315735,-0.300035
List4Session1,4,1,2,678,50,1,SPARE,2,parts,1,581,other,rel,rel,1,-0.419769,103,581,581,-0.462744,-0.46062
List4Session1,4,1,2,679,50,2,CROCODILE,1,anper,1,716,nw,nw,rel,1,-0.328899,203,716,716,-0.299884,-0.29065
List4Session1,4,1,2,680,50,1,KNIGHT,3,throw,1,543,first,un,nw,1,-0.600746,102,543,543,-0.749424,-0.766733
List4Session1,4,1,2,681,50,2,ENGLISH,2,veis,1,584,nw,nw,un,1,-0.891072,203,584,584,-0.981374,-0.990912
List4Session1,4,1,2,682,50,2,METER,4,hidlen,1,704,nw,nw,nw,1,-0.380006,203,704,704,-0.361837,-0.354311
List4Session1,4,1,2,683,50,1,VALUABLE,3,table,1,754,first,un,nw,1,0.105038,102,754,754,0.247702,0.308436
List4Session1,4,1,2,684,50,1,CONVENT,1,nun,1,755,first,rel,un,1,0.108383,102,755,755,0.252428,0.313532
List4Session1,4,1,2,685,50,2,REJECT,3,houch,1,643,nw,nw,rel,1,-0.639798,203,643,643,-0.676769,-0.677916
List4Session1,4,1,2,686,50,1,MICE,1,rat,1,809,first,rel,nw,1,0.28901,102,809,809,0.507617,0.588693
List4Session1,4,1,2,687,50,2,STABLE,2,pars,1,1112,nw,nw,rel,1,1.35762,203,1112,1112,1.744587,1.810135
List4Session1,4,1,2,688,50,2,VACANCY,1,duln,1,730,nw,nw,nw,1,-0.269275,203,730,730,-0.227604,-0.21638
List4Session1,4,1,2,689,50,2,ADVERSARY,3,dace,1,924,nw,nw,nw,1,0.556949,203,924,924,0.77398,0.812792
List4Session1,4,1,2,690,50,2,APPENDAGE,4,swanp,1,775,nw,nw,nw,1,-0.077625,203,775,775,0.004722,0.022345
List4Session1,4,1,2,691,50,1,BIRDS,2,cats,1,550,other,rel,nw,1,-0.547322,103,550,550,-0.645036,-0.659744
List4Session1,4,1,2,692,50,1,INSTANT,4,big,1,798,other,un,rel,1,0.473099,103,798,798,0.813296,0.933251
List4Session1,4,1,2,693,50,1,FORT,2,army,1,654,other,rel,un,1,-0.119403,103,654,654,-0.033477,0.008286
List4Session1,4,1,2,694,50,2,PEN,1,norkout,1,707,nw,nw,rel,1,-0.367229,203,707,707,-0.346349,-0.338396
List4Session1,4,1,2,695,50,1,SHOOT,2,shot,1,741,other,rel,nw,1,0.238567,103,741,741,0.478115,0.567119
List4Session1,4,1,2,696,50,2,GLOVES,3,wab,1,663,nw,nw,rel,1,-0.55462,203,663,663,-0.573512,-0.571816
List4Session1,4,1,2,697,50,2,INCOME,4,wenk,1,668,nw,nw,nw,1,-0.533326,203,668,668,-0.547698,-0.545291
List4Session1,4,1,2,698,50,2,HEALTH,2,banta,1,944,nw,nw,nw,1,0.642127,203,944,944,0.877236,0.918893
List4Session1,4,1,2,699,50,1,NECKLACE,3,hammer,1,906,first,un,nw,1,0.61347,102,906,906,0.966011,1.082965
List4Session1,4,1,2,700,50,1,FLUFFY,3,confusion,1,580,first,un,un,1,-0.476983,102,580,580,-0.574572,-0.578196
List4Session1,4,1,2,701,50,2,CATASTROPHE,2,cralon,1,803,nw,nw,un,1,0.041624,203,803,803,0.14928,0.170886
List4Session1,4,1,2,702,50,2,CLICK,2,bround,1,914,nw,nw,nw,1,0.51436,203,914,914,0.722352,0.759742
List4Session1,4,1,2,703,50,2,ADMIT,3,franile,1,652,nw,nw,nw,1,-0.601468,203,652,652,-0.630303,-0.630171
List4Session1,4,1,2,704,50,2,OPTIMISTIC,2,stit,1,946,nw,nw,nw,1,0.650645,203,946,946,0.887562,0.929503
List4Session1,4,1,2,705,50,1,EARRING,4,oven,1,731,other,un,nw,1,0.197421,103,731,731,0.419311,0.502885
List4Session1,4,1,2,706,50,1,SOAP,2,bubble,1,524,other,rel,un,1,-0.654302,103,524,524,-0.797925,-0.826751
List4Session1,4,1,2,707,50,1,SHARP,1,point,1,662,first,rel,rel,1,-0.202697,102,662,662,-0.187063,-0.160358
List4Session1,4,1,2,708,50,1,TREE,3,atom,1,635,first,un,rel,1,-0.293011,102,635,635,-0.314658,-0.297939
List4Session1,4,1,2,709,50,2,SAMPLE,3,aff,1,689,nw,nw,un,1,-0.443889,203,689,689,-0.43928,-0.433886
List4Session1,4,1,2,710,50,2,SEATBELT,2,dasapreemen,1,1155,nw,nw,nw,1,1.540752,203,1155,1155,1.966588,2.038251
List4Session1,4,1,2,711,50,2,TEENAGER,2,cowal,1,645,nw,nw,nw,1,-0.63128,203,645,645,-0.666443,-0.667306
List4Session1,4,1,2,712,50,1,KIDNAP,2,baby,1,538,other,rel,nw,1,-0.596697,103,538,538,-0.7156,-0.736824
List4Session1,4,1,2,713,50,1,MISS,1,hit,1,787,first,rel,rel,1,0.215421,102,787,787,0.403651,0.47659
List4Session1,4,1,2,714,50,2,GEORGE,1,boble,1,628,nw,nw,rel,1,-0.703681,203,628,628,-0.754211,-0.757492
List4Session1,4,1,2,715,50,2,CASE,1,hoir,1,489,nw,nw,nw,1,-1.295667,203,489,489,-1.471841,-1.494889
List4Session1,4,1,2,716,50,2,PRESENT,3,curmains,1,596,nw,nw,nw,1,-0.839966,203,596,596,-0.91942,-0.927252
List4Session1,4,1,2,717,50,2,BUMPS,2,crowf,1,492,nw,nw,nw,1,-1.28289,203,492,492,-1.456352,-1.478974
List4Session1,4,1,2,718,50,1,RUNNER,3,bicycle,1,1303,first,un,nw,1,1.941413,102,1303,1303,2.84212,3.105914
List4Session1,4,1,2,719,50,1,DISPLAY,1,show,1,561,first,rel,un,1,-0.540537,102,561,561,-0.664361,-0.675013
List4Session1,4,1,2,720,50,2,EXPERIMENT,2,unlerspand,1,923,nw,nw,rel,1,0.55269,203,923,923,0.768817,0.807487
List4Session1,4,1,2,721,50,2,BLINDS,2,courme,1,517,nw,nw,nw,1,-1.176418,203,517,517,-1.327282,-1.346348
List4Session1,4,1,2,722,50,2,FIBER,3,adreement,1,718,nw,nw,nw,1,-0.320382,203,718,718,-0.289558,-0.28004
List4Session1,4,1,2,723,50,2,CHRISTMAS,2,ponitics,1,1313,nw,nw,nw,1,2.213656,203,1313,1313,2.782311,2.876443
List4Session1,4,1,2,724,50,2,HATCH,4,deen,1,1147,nw,nw,nw,1,1.506681,203,1147,1147,1.925286,1.995811
List4Session1,4,1,2,725,50,1,RAW,3,kill,1,588,first,un,nw,1,-0.450223,102,588,588,-0.536766,-0.537432
List4Session1,4,1,2,726,50,2,ORCHID,4,goots,1,644,nw,nw,un,1,-0.635539,203,644,644,-0.671606,-0.672611
List4Session1,4,1,2,727,50,2,THINK,4,shonk,1,873,nw,nw,nw,1,0.339746,203,873,873,0.510677,0.542237
List4Session1,4,1,2,728,50,2,TEARS,4,pirt,1,949,nw,nw,nw,1,0.663421,203,949,949,0.90305,0.945418
List4Session1,4,1,2,729,50,1,FORGET,2,lose,1,782,other,rel,nw,1,0.407266,103,782,782,0.71921,0.830477
List4Session1,4,1,2,730,50,1,GOAL,1,achieve,1,830,first,rel,rel,1,0.359254,102,830,830,0.606857,0.695701
List4Session1,4,1,2,731,50,1,SUNNY,1,cloudy,1,525,first,rel,rel,1,-0.660955,102,525,525,-0.834486,-0.858454
List4Session1,4,1,2,732,50,1,ACCUMULATE,1,gather,1,551,first,rel,rel,1,-0.573986,102,551,551,-0.711618,-0.725968
List4Session1,4,1,2,733,50,1,CHANNEL,4,mine,1,480,other,un,rel,1,-0.835344,103,480,480,-1.056662,-1.109379
List4Session1,4,1,2,734,50,1,TORCH,3,loser,1,699,first,un,un,1,-0.078934,102,699,699,-0.012212,0.028179
List4Session1,4,1,2,735,50,2,BLOUSE,3,fighm,1,638,nw,nw,un,1,-0.661092,203,638,638,-0.702583,-0.704442
List4Session1,4,1,2,736,50,1,YEARLY,3,break,1,532,first,un,nw,1,-0.63754,102,532,532,-0.801406,-0.822785
List4Session1,4,1,2,737,50,2,COTTON,2,lacon,1,669,nw,nw,un,1,-0.529067,203,669,669,-0.542536,-0.539986
List4Session1,4,1,2,738,50,1,CHEERLEADER,4,rock,1,545,other,un,nw,1,-0.567895,103,545,545,-0.674438,-0.691861
List4Session1,4,1,2,739,50,2,PRECIOUS,3,sreed,1,971,nw,nw,un,1,0.757117,203,971,971,1.016632,1.062128
List4Session1,4,1,2,740,50,2,DELINQUENT,1,heamy,1,579,nw,nw,nw,1,-0.912367,203,579,579,-1.007188,-1.017437
List4Session1,4,1,2,741,50,2,ATHLETIC,3,punset,1,828,nw,nw,nw,1,0.148096,203,828,828,0.27835,0.303511
List4Session1,4,1,2,742,50,1,BEFORE,1,after,1,474,first,rel,nw,1,-0.831547,102,474,474,-1.075498,-1.118329
List4Session1,4,1,2,743,50,2,LETTUCE,1,borld,1,597,nw,nw,rel,1,-0.835707,203,597,597,-0.914258,-0.921947
List4Session1,4,1,2,744,50,2,MAZE,4,gen,1,541,nw,nw,nw,1,-1.074204,203,541,541,-1.203375,-1.219028
List4Session1,4,1,2,745,50,2,COLT,2,dolf,1,615,nw,nw,nw,1,-0.759047,203,615,615,-0.821327,-0.826457
List4Session1,4,1,2,746,50,2,ENOUGH,2,dashingpon,1,493,nw,nw,nw,1,-1.278631,203,493,493,-1.451189,-1.473669
List4Session1,4,1,2,747,50,2,DEATH,3,limerty,1,489,nw,nw,nw,1,-1.295667,203,489,489,-1.471841,-1.494889
List4Session1,4,1,2,748,50,1,VINE,2,wine,1,613,other,rel,nw,1,-0.288102,103,613,613,-0.274573,-0.255072
List4Session1,4,1,2,749,50,1,CARROT,3,elephant,1,1339,first,un,rel,1,2.061831,102,1339,1339,3.012246,3.289355
List4Session1,4,1,2,750,50,2,TOOLS,3,raybe,1,741,nw,nw,un,1,-0.222427,203,741,741,-0.170814,-0.158025
List4Session1,4,1,2,751,50,1,TEMPERATURE,2,climate,1,743,other,rel,nw,1,0.246796,103,743,743,0.489876,0.579966
List4Session1,4,1,2,752,50,2,STRAND,2,gute,1,810,nw,nw,rel,1,0.071436,203,810,810,0.18542,0.208021
List4Session1,4,1,2,753,50,1,VOCABULARY,4,laugh,1,568,other,un,nw,1,-0.473259,103,568,568,-0.539189,-0.544123
List4Session1,4,1,2,754,50,1,CHIEF,4,neat,1,528,other,un,un,1,-0.637843,103,528,528,-0.774404,-0.801058
List4Session1,4,1,2,755,50,1,SELL,4,rough,1,618,other,un,un,1,-0.267529,103,618,618,-0.245171,-0.222955
List4Session1,4,1,2,756,50,2,COBWEB,1,smike,1,752,nw,nw,un,1,-0.175579,203,752,752,-0.114023,-0.09967
List4Session1,4,1,2,757,50,1,JEWEL,1,diamond,1,737,first,rel,nw,1,0.048174,102,737,737,0.167365,0.221811
List4Session1,4,1,2,758,50,1,SLIMY,1,goo,0,627,first,rel,rel,0,#NULL!,#NULL!,#NULL!,#NULL!,#NULL!,#NULL!
List4Session1,4,1,2,759,50,2,STANDARD,3,adotescent,1,761,nw,nw,rel,1,-0.137249,203,761,761,-0.067558,-0.051925
List4Session1,4,1,2,760,50,2,TOILET,3,arleep,1,634,nw,nw,nw,1,-0.678128,203,634,634,-0.723234,-0.725662
List4Session1,4,1,2,761,50,1,CONTENT,2,book,1,528,other,rel,nw,1,-0.637843,103,528,528,-0.774404,-0.801058
List4Session1,4,1,2,762,50,2,LATIN,4,kail,1,586,nw,nw,rel,1,-0.882555,203,586,586,-0.971049,-0.980302
List4Session1,4,1,2,763,50,2,OBJECTIVE,2,uche,1,656,nw,nw,nw,1,-0.584433,203,656,656,-0.609652,-0.608951
List4Session1,4,1,2,764,50,1,BRAVE,2,indian,1,644,other,rel,nw,1,-0.160549,103,644,644,-0.092281,-0.055948
List4Session1,4,1,2,765,50,1,RESTAURANT,4,man,1,506,other,un,rel,1,-0.728365,103,506,506,-0.903772,-0.942372
List4Session1,4,1,2,766,50,2,TABLET,3,monservativ,1,1365,nw,nw,un,1,2.435118,203,1365,1365,3.050777,3.152304
List4Session1,4,1,2,767,50,2,DECEIT,4,reaption,1,590,nw,nw,nw,1,-0.865519,203,590,590,-0.950397,-0.959082
List4Session1,4,1,2,768,50,1,CLIMAX,3,florida,1,630,first,un,nw,1,-0.309735,102,630,630,-0.338286,-0.323417
List4Session1,4,1,2,769,50,2,STRESS,3,sare,1,572,nw,nw,un,1,-0.942179,203,572,572,-1.043328,-1.054572
List4Session1,4,1,2,770,50,1,PORTRAY,4,neutron,1,660,other,un,nw,1,-0.094716,103,660,660,0.001805,0.046826
List4Session1,4,1,2,771,50,2,AGAIN,1,tucceed,1,505,nw,nw,un,1,-1.227524,203,505,505,-1.389236,-1.410008
List4Session1,4,1,2,772,50,2,PILLOW,2,etercise,1,611,nw,nw,nw,1,-0.776082,203,611,611,-0.841978,-0.847677
List4Session1,4,1,2,773,50,1,CENTS,3,wife,1,505,first,un,nw,1,-0.727854,102,505,505,-0.929001,-0.960365
List4Session1,4,1,2,774,50,2,CARAVAN,4,leferee,1,597,nw,nw,un,1,-0.835707,203,597,597,-0.914258,-0.921947
List4Session1,4,1,2,775,50,1,JOG,3,knife,1,620,first,un,nw,1,-0.343185,102,620,620,-0.385543,-0.374373
List4Session1,4,1,2,776,50,1,PREFER,2,choose,1,531,other,rel,un,1,-0.6255,103,531,531,-0.756763,-0.781788
List4Session1,4,1,2,777,50,2,TOP,2,klanbet,1,557,nw,nw,rel,1,-1.006062,203,557,557,-1.12077,-1.134148
List4Session1,4,1,2,778,50,2,REAL,2,plenge,1,534,nw,nw,nw,1,-1.104017,203,534,534,-1.239514,-1.256163
List4Session1,4,1,2,779,50,1,STREET,1,road,1,559,first,rel,nw,1,-0.547227,102,559,559,-0.673812,-0.685204
List4Session1,4,1,2,780,50,2,LETTER,2,yan,1,920,nw,nw,rel,1,0.539914,203,920,920,0.753329,0.791572
List4Session1,4,1,2,781,50,1,CAPTION,1,closed,1,691,first,rel,nw,1,-0.105694,102,691,691,-0.050018,-0.012586
List4Session1,4,1,2,782,50,2,DEFROST,1,doms,1,821,nw,nw,rel,1,0.118284,203,821,821,0.242211,0.266376
List4Session1,4,1,2,783,50,2,REPENTANCE,1,yoll,1,788,nw,nw,nw,1,-0.02226,203,788,788,0.071838,0.091311
List4Session1,4,1,2,784,50,2,WASTE,2,flirp,1,1060,nw,nw,nw,1,1.136158,203,1060,1060,1.476121,1.534274
List4Session1,4,1,2,785,50,2,BELIEF,4,viem,1,712,nw,nw,nw,1,-0.345935,203,712,712,-0.320535,-0.311871
List4Session1,4,1,2,786,50,2,WAKE,4,fomeign,1,619,nw,nw,nw,1,-0.742011,203,619,619,-0.800676,-0.805237
List4Session1,4,1,2,787,50,2,AUNT,1,kitchem,1,1090,nw,nw,nw,1,1.263924,203,1090,1090,1.631006,1.693425
List4Session1,4,1,2,788,50,1,GIFT,3,who,1,677,first,un,nw,1,-0.152523,102,677,677,-0.116178,-0.083924
List4Session1,4,1,2,789,50,2,SEASHORE,1,pinished,1,762,nw,nw,un,1,-0.132991,203,762,762,-0.062395,-0.04662
List4Session1,4,1,2,790,50,1,SINGLE,3,sight,1,555,first,un,nw,1,-0.560606,102,555,555,-0.692715,-0.705586
List4Session1,4,1,2,791,50,2,CUSHION,1,tortado,1,772,nw,nw,un,1,-0.090402,203,772,772,-0.010767,0.00643
List4Session1,4,1,2,792,50,2,PILE,3,whote,1,675,nw,nw,nw,1,-0.503514,203,675,675,-0.511559,-0.508156
List4Session1,4,1,2,793,50,1,POSTAGE,1,stamp,1,727,first,rel,nw,1,0.014724,102,727,727,0.120108,0.170855
List4Session1,4,1,2,794,50,1,SPICY,2,pepper,1,617,other,rel,rel,1,-0.271644,103,617,617,-0.251051,-0.229378
List4Session1,4,1,2,795,50,2,TRANSPORTATIO,4,hovie,1,799,nw,nw,rel,1,0.024588,203,799,799,0.128629,0.149666
List4Session1,4,1,2,796,50,1,RACCOON,4,copy,1,606,other,un,nw,1,-0.316904,103,606,606,-0.315735,-0.300035
List4Session1,4,1,2,797,50,1,VOMIT,3,city,1,629,first,un,un,1,-0.31308,102,629,629,-0.343012,-0.328513
List4Session1,4,1,2,798,50,2,SQUAD,1,dagapine,1,684,nw,nw,un,1,-0.465184,203,684,684,-0.465094,-0.460411
List4Session1,4,1,2,799,50,1,VEAL,2,steak,1,640,other,rel,nw,1,-0.177008,103,640,640,-0.115803,-0.081641
List4Session1,4,1,2,800,50,1,CLERK,4,metal,1,693,other,un,rel,1,0.041066,103,693,693,0.195857,0.258797
List4Session1,4,1,2,801,50,2,CONCERN,3,latience,1,1031,nw,nw,un,1,1.01265,203,1031,1031,1.3264,1.380429
List4Session1,4,1,2,802,50,2,WEDNESDAY,3,klow,1,638,nw,nw,nw,1,-0.661092,203,638,638,-0.702583,-0.704442
List4Session1,4,1,2,803,50,1,INSIGHT,4,sun,1,596,other,un,nw,1,-0.35805,103,596,596,-0.374539,-0.364269
List4Session1,4,1,2,804,50,1,THING,3,ribs,1,651,first,un,un,1,-0.239492,102,651,651,-0.239046,-0.21641
List4Session1,4,1,2,805,50,1,FANTASTIC,4,skinny,1,607,other,un,un,1,-0.31279,103,607,607,-0.309855,-0.293612
List4Session1,4,1,2,806,50,2,FLIPPER,3,monler,1,695,nw,nw,un,1,-0.418336,203,695,695,-0.408303,-0.402056
List4Session1,4,1,2,807,50,1,OUTGOING,2,extrovert,0,666,other,rel,nw,0,#NULL!,#NULL!,#NULL!,#NULL!,#NULL!,#NULL!
List4Session1,4,1,2,808,50,1,RETURN,2,give,1,462,other,rel,rel,1,-0.909407,103,462,462,-1.162508,-1.225
List4Session1,4,1,2,809,50,2,DISC,3,pidection,1,875,nw,nw,rel,1,0.348264,203,875,875,0.521002,0.552847
List4Session1,4,1,2,810,50,2,REMOVER,2,grouf,1,534,nw,nw,nw,1,-1.104017,203,534,534,-1.239514,-1.256163
List4Session1,4,1,2,811,50,1,SEVEN,4,plead,1,575,other,un,nw,1,-0.444457,103,575,575,-0.498027,-0.49916
List4Session1,4,1,2,812,50,2,PROMISE,1,slong,1,504,nw,nw,un,1,-1.231783,203,504,504,-1.394399,-1.415313
List4Session1,4,1,2,813,50,1,INABILITY,1,can't,1,675,first,rel,nw,1,-0.159213,102,675,675,-0.125629,-0.094116
List4Session1,4,1,2,814,50,1,DEAD,3,lobster,1,1287,first,un,rel,1,1.887894,102,1287,1287,2.766508,3.024384
List4Session1,4,1,2,815,50,1,ORE,3,near,1,851,first,un,un,1,0.429498,102,851,851,0.706097,0.802708
List4Session1,4,1,2,816,50,1,DAMN,1,it,1,479,first,rel,un,1,-0.814822,102,479,479,-1.051869,-1.092851
List4Session1,4,1,2,817,50,2,FURY,3,vemetables,1,844,nw,nw,rel,1,0.216238,203,844,844,0.360955,0.388391
List4Session1,4,1,2,818,50,1,HYDROGEN,1,oxygen,1,506,first,rel,nw,1,-0.724509,102,506,506,-0.924275,-0.95527
List4Session1,4,1,2,819,50,2,ACCOMPLISHED,1,wruit,1,708,nw,nw,rel,1,-0.36297,203,708,708,-0.341186,-0.333091
List4Session1,4,1,2,820,50,1,STATE,3,quiet,1,487,first,un,nw,1,-0.788063,102,487,487,-1.014064,-1.052086
List4Session1,4,1,2,821,50,1,ELEVATOR,4,lots,1,530,other,un,un,1,-0.629614,103,530,530,-0.762643,-0.788211
List4Session1,4,1,2,822,50,1,BADGE,2,cop,1,540,other,rel,un,1,-0.588468,103,540,540,-0.70384,-0.723977
List4Session1,4,1,2,823,50,1,SNOOZE,4,thousand,1,534,other,un,rel,1,-0.613156,103,534,534,-0.739122,-0.762518
List4Session1,4,1,2,824,50,1,BOWL,2,plate,1,543,other,rel,un,1,-0.576124,103,543,543,-0.686198,-0.704707
List4Session1,4,1,2,825,50,1,CRADLE,2,cuddle,1,585,other,rel,rel,1,-0.403311,103,585,585,-0.439223,-0.434926
List4Session1,4,1,2,826,50,1,CRAWL,4,sting,1,784,other,un,rel,1,0.415495,103,784,784,0.730971,0.843324
List4Session1,4,1,2,827,50,2,SKILL,4,prebudice,1,783,nw,nw,un,1,-0.043554,203,783,783,0.046024,0.064785
List4Session1,4,1,2,828,50,2,BORING,1,spling,0,528,nw,nw,nw,0,#NULL!,#NULL!,#NULL!,#NULL!,#NULL!,#NULL!
List4Session1,4,1,2,829,50,1,DRUM,1,stick,1,825,first,rel,nw,1,0.342529,102,825,825,0.583228,0.670223
List4Session1,4,1,2,830,50,1,EMPLOYEE,1,employer,1,902,first,rel,rel,1,0.60009,102,902,902,0.947108,1.062583
List4Session2,4,2,2,1,1050,1,LEG,2,walk,1,774,other,rel,rel,1,-0.07799,100,774,774,-0.006133,0.031497
List4Session2,4,2,2,2,1050,2,PREDATOR,4,deab,1,781,nw,nw,rel,1,-0.342608,207,781,781,-0.314122,-0.314122
List4Session2,4,2,2,3,1050,2,MINIMUM,4,rallet,1,1109,nw,nw,nw,1,0.73025,207,1109,1109,1.074578,1.074578
List4Session2,4,2,2,4,1050,1,MUFFIN,4,necklace,1,864,other,un,nw,1,0.226658,100,864,864,0.345108,0.405094
List4Session2,4,2,2,5,1050,2,DISGRACE,3,strenpth,1,900,nw,nw,un,1,0.04663,207,900,900,0.189705,0.189705
List4Session2,4,2,2,6,1050,1,TASK,1,job,1,888,first,rel,nw,1,0.189165,103,888,888,0.32938,0.454575
List4Session2,4,2,2,7,1050,1,HARE,4,get,1,651,other,un,rel,1,-0.494342,100,651,651,-0.486161,-0.479086
List4Session2,4,2,2,8,1050,2,QUEST,1,glones,1,839,nw,nw,un,1,-0.152895,207,839,839,-0.068559,-0.068559
List4Session2,4,2,2,9,1050,2,INDUSTRY,2,cheene,1,764,nw,nw,nw,1,-0.398213,207,764,764,-0.386097,-0.386097
List4Session2,4,2,2,10,1050,2,LICENSE,2,sunfay,1,773,nw,nw,nw,1,-0.368775,207,773,773,-0.347992,-0.347992
List4Session2,4,2,2,11,1050,2,TRICYCLE,3,boaf,1,734,nw,nw,nw,1,-0.496341,207,734,734,-0.513112,-0.513112
List4Session2,4,2,2,12,1050,1,CARPET,1,rug,1,712,first,rel,nw,1,-0.321281,103,712,712,-0.293101,-0.254196
List4Session2,4,2,2,13,1050,1,CELSIUS,1,temperature,1,2434,first,rel,rel,1,4.672967,103,#NULL!,#NULL!,#NULL!,#NULL!
List4Session2,4,2,2,14,1050,1,POPEYE,3,shoot,1,728,first,un,rel,1,-0.274877,103,728,728,-0.236512,-0.189762
List4Session2,4,2,2,15,1050,1,CORD,4,dance,1,625,other,un,un,1,-0.582352,100,625,625,-0.587631,-0.587014
List4Session2,4,2,2,16,1050,2,ELIMINATION,1,mouch,1,751,nw,nw,un,1,-0.440735,207,751,751,-0.441137,-0.441137
List4Session2,4,2,2,17,1050,2,POUR,3,foshing,1,664,nw,nw,nw,1,-0.725304,207,664,664,-0.809481,-0.809481
List4Session2,4,2,2,18,1050,2,LINK,3,stopy,1,677,nw,nw,nw,1,-0.682783,207,677,677,-0.754441,-0.754441
List4Session2,4,2,2,19,1050,1,BLUFF,2,cliff,1,881,other,rel,nw,1,0.284203,100,881,881,0.411453,0.475662
List4Session2,4,2,2,20,1050,2,DESERT,4,pounk,1,628,nw,nw,rel,1,-0.843057,207,628,628,-0.9619,-0.9619
List4Session2,4,2,2,21,1050,2,PORK,4,braig,1,1091,nw,nw,nw,1,0.671374,207,1091,1091,0.998369,0.998369
List4Session2,4,2,2,22,1050,2,JOKER,4,gans,1,1295,nw,nw,nw,1,1.338639,207,1295,1295,1.862073,1.862073
List4Session2,4,2,2,23,1050,1,FIRE,1,hot,1,1233,first,rel,nw,1,1.189754,103,1233,1233,1.549584,1.843926
List4Session2,4,2,2,24,1050,1,REMOVE,1,take,1,1254,first,rel,rel,1,1.25066,103,1254,1254,1.623858,1.928495
List4Session2,4,2,2,25,1050,1,LEGION,3,wheelchair,1,1324,first,un,rel,1,1.453678,103,1324,1324,1.871436,2.210392
List4Session2,4,2,2,26,1050,1,PLAYTHING,3,aware,1,1134,first,un,un,1,0.902629,103,1134,1134,1.199439,1.445242
List4Session2,4,2,2,27,1050,2,FOGGY,3,chept,1,600,nw,nw,un,1,-0.934643,207,600,600,-1.080447,-1.080447
List4Session2,4,2,2,28,1050,1,PLIERS,1,tool,1,583,first,rel,nw,1,-0.695415,103,583,583,-0.749352,-0.773692
List4Session2,4,2,2,29,1050,2,APOLOGY,2,sime,1,711,nw,nw,rel,1,-0.571572,207,711,711,-0.610491,-0.610491
List4Session2,4,2,2,30,1050,2,DISCOURAGE,1,wrunk,1,594,nw,nw,nw,1,-0.954268,207,594,594,-1.10585,-1.10585
List4Session2,4,2,2,31,1050,1,BOOT,4,habit,1,656,other,un,nw,1,-0.477418,100,656,656,-0.466648,-0.45833
List4Session2,4,2,2,32,1050,1,UPTIGHT,1,tense,1,622,first,rel,un,1,-0.582305,103,622,622,-0.611415,-0.616635
List4Session2,4,2,2,33,1050,1,INFLATION,2,balloon,1,540,other,rel,rel,1,-0.870075,100,540,540,-0.919358,-0.939855
List4Session2,4,2,2,34,1050,2,SAP,4,laddet,1,813,nw,nw,rel,1,-0.237939,207,813,813,-0.178639,-0.178639
List4Session2,4,2,2,35,1050,1,AUTHORITY,4,print,1,789,other,un,nw,1,-0.027215,100,789,789,0.052407,0.093763
List4Session2,4,2,2,36,1050,1,INTENSITY,4,weird,1,604,other,un,un,1,-0.653436,100,604,604,-0.669587,-0.674186
List4Session2,4,2,2,37,1050,2,HINGE,2,arn,1,684,nw,nw,un,1,-0.659886,207,684,684,-0.724804,-0.724804
List4Session2,4,2,2,38,1050,2,FABRIC,4,inubual,1,694,nw,nw,nw,1,-0.627177,207,694,694,-0.682466,-0.682466
List4Session2,4,2,2,39,1050,1,IMPATIENCE,3,wonder,1,578,first,un,nw,1,-0.709916,103,578,578,-0.767036,-0.793828
List4Session2,4,2,2,40,1050,2,THEOREM,4,foke,1,690,nw,nw,un,1,-0.640261,207,690,690,-0.699401,-0.699401
List4Session2,4,2,2,41,1050,1,OLIGARCHY,3,part,1,557,first,un,nw,1,-0.770822,103,557,557,-0.841309,-0.878397
List4Session2,4,2,2,42,1050,2,PRIMATE,3,chim,1,846,nw,nw,un,1,-0.129999,207,846,846,-0.038922,-0.038922
List4Session2,4,2,2,43,1050,2,MOB,3,indale,1,836,nw,nw,nw,1,-0.162708,207,836,836,-0.08126,-0.08126
List4Session2,4,2,2,44,1050,2,COPIER,3,eapy,1,969,nw,nw,nw,1,0.272323,207,969,969,0.481841,0.481841
List4Session2,4,2,2,45,1050,2,ROOM,3,puffalo,1,873,nw,nw,nw,1,-0.041684,207,873,873,0.075392,0.075392
List4Session2,4,2,2,46,1050,1,RAT,4,stiff,1,669,other,un,nw,1,-0.433413,100,669,669,-0.415913,-0.404366
List4Session2,4,2,2,47,1050,1,DIAL,3,punishment,1,985,first,un,un,1,0.47049,103,985,985,0.672452,0.845204
List4Session2,4,2,2,48,1050,1,SEAFOOD,4,peace,1,521,other,un,un,1,-0.93439,100,521,521,-0.993509,-1.018725
List4Session2,4,2,2,49,1050,1,SICK,1,ill,1,651,first,rel,un,1,-0.498197,103,651,651,-0.508848,-0.499849
List4Session2,4,2,2,50,1050,2,SCREAM,2,ittack,1,888,nw,nw,rel,1,0.007379,207,888,888,0.138899,0.138899
List4Session2,4,2,2,51,1050,1,CARTON,3,spinach,1,667,first,un,nw,1,-0.451793,103,667,667,-0.452258,-0.435415
List4Session2,4,2,2,52,1050,1,ASHES,2,ashtray,1,631,other,rel,un,1,-0.562042,100,631,631,-0.564215,-0.562107
List4Session2,4,2,2,53,1050,2,OLD,1,abnolmal,1,756,nw,nw,rel,1,-0.424381,207,756,756,-0.419968,-0.419968
List4Session2,4,2,2,54,1050,1,GRIZZLY,4,snob,1,813,other,un,nw,1,0.054024,100,813,813,0.146071,0.193389
List4Session2,4,2,2,55,1050,1,STRIKE,4,nothing,1,563,other,un,un,1,-0.792221,100,563,563,-0.829596,-0.84438
List4Session2,4,2,2,56,1050,2,PRINTER,4,pealut,1,821,nw,nw,un,1,-0.211772,207,821,821,-0.144768,-0.144768
List4Session2,4,2,2,57,1050,1,MINE,1,yours,1,634,first,rel,nw,1,-0.547502,103,634,634,-0.568974,-0.56831
List4Session2,4,2,2,58,1050,1,INCREASE,2,enlarge,1,600,other,rel,rel,1,-0.666976,100,600,600,-0.685198,-0.69079
List4Session2,4,2,2,59,1050,1,SCULPTURE,3,float,1,631,first,un,rel,1,-0.556202,103,631,631,-0.579584,-0.580391
List4Session2,4,2,2,60,1050,2,WORST,2,rudge,1,1045,nw,nw,un,1,0.520912,207,1045,1045,0.803613,0.803613
List4Session2,4,2,2,61,1050,1,BORDER,3,dollars,1,578,first,un,nw,1,-0.709916,103,578,578,-0.767036,-0.793828
List4Session2,4,2,2,62,1050,1,BORROW,1,lend,1,625,first,rel,un,1,-0.573604,103,625,625,-0.600805,-0.604554
List4Session2,4,2,2,63,1050,1,EMPEROR,2,ruler,1,688,other,rel,rel,1,-0.369098,100,688,688,-0.341762,-0.325496
List4Session2,4,2,2,64,1050,2,SACK,3,goypriend,1,684,nw,nw,rel,1,-0.659886,207,684,684,-0.724804,-0.724804
List4Session2,4,2,2,65,1050,2,ANTLER,2,thoelace,1,902,nw,nw,nw,1,0.053172,207,902,902,0.198173,0.198173
List4Session2,4,2,2,66,1050,2,PLATES,1,dungle,1,570,nw,nw,nw,1,-1.03277,207,570,570,-1.207462,-1.207462
List4Session2,4,2,2,67,1050,1,OFF,3,paper,1,522,first,un,nw,1,-0.872331,103,522,522,-0.965098,-1.019346
List4Session2,4,2,2,68,1050,1,TRACTOR,3,arms,1,492,first,un,un,1,-0.959339,103,492,492,-1.071203,-1.140159
List4Session2,4,2,2,69,1050,1,DUSK,4,before,1,478,other,un,un,1,-1.079944,100,478,478,-1.161323,-1.197222
List4Session2,4,2,2,70,1050,1,DISLIKE,1,hate,1,435,first,rel,un,1,-1.124653,103,435,435,-1.272802,-1.369704
List4Session2,4,2,2,71,1050,1,SHINGLE,1,roof,1,457,first,rel,rel,1,-1.060848,103,457,457,-1.194992,-1.281107
List4Session2,4,2,2,72,1050,1,SYMPHONY,2,boring,1,477,other,rel,rel,1,-1.083329,100,477,477,-1.165226,-1.201373
List4Session2,4,2,2,73,1050,2,REPRIMAND,3,wending,1,930,nw,nw,rel,1,0.144757,207,930,930,0.316721,0.316721
List4Session2,4,2,2,74,1050,1,MONGOOSE,2,duck,1,452,other,rel,nw,1,-1.167953,100,452,452,-1.262793,-1.30515
List4Session2,4,2,2,75,1050,2,GRAVE,2,perdume,1,778,nw,nw,rel,1,-0.352421,207,778,778,-0.326823,-0.326823
List4Session2,4,2,2,76,1050,2,GRACEFUL,4,sab,1,658,nw,nw,nw,1,-0.74493,207,658,658,-0.834884,-0.834884
List4Session2,4,2,2,77,1050,2,JEWISH,3,chrint,1,734,nw,nw,nw,1,-0.496341,207,734,734,-0.513112,-0.513112
List4Session2,4,2,2,78,1050,1,RATIONALIZE,1,think,0,567,first,rel,nw,0,#NULL!,#NULL!,#NULL!,#NULL!,#NULL!,#NULL!
List4Session2,4,2,2,79,1050,2,TOSS,3,driming,1,759,nw,nw,rel,1,-0.414568,207,759,759,-0.407266,-0.407266
List4Session2,4,2,2,80,1050,2,DANDELION,2,daid,1,992,nw,nw,nw,1,0.347554,207,992,992,0.579219,0.579219
List4Session2,4,2,2,81,1050,1,AMP,2,electricity,1,1664,other,rel,nw,1,2.934642,100,#NULL!,1664,#NULL!,3.467245
List4Session2,4,2,2,82,1050,1,GROSS,1,disgusting,1,901,first,rel,rel,1,0.226868,103,901,901,0.375359,0.506927
List4Session2,4,2,2,83,1050,2,FOREVER,1,delp,1,647,nw,nw,rel,1,-0.78091,207,647,647,-0.881457,-0.881457
List4Session2,4,2,2,84,1050,1,DESIGNER,2,name,1,868,other,rel,nw,1,0.240198,100,868,868,0.360718,0.421698
List4Session2,4,2,2,85,1050,1,FRANKENSTEIN,3,independent,1,647,first,un,rel,1,-0.509798,103,647,647,-0.522995,-0.515958
List4Session2,4,2,2,86,1050,1,MEAN,2,ugly,1,901,other,rel,un,1,0.351902,100,901,901,0.489506,0.558684
List4Session2,4,2,2,87,1050,2,LICK,1,tolether,1,857,nw,nw,rel,1,-0.094019,207,857,857,0.00765,0.00765
List4Session2,4,2,2,88,1050,1,ENEMY,4,rip,1,814,other,un,nw,1,0.057409,100,814,814,0.149974,0.19754
List4Session2,4,2,2,89,1050,1,ORNAMENT,4,shove,1,836,other,un,un,1,0.131879,100,836,836,0.235833,0.288864
List4Session2,4,2,2,90,1050,2,AROMA,4,nellow,1,763,nw,nw,un,1,-0.401484,207,763,763,-0.390331,-0.390331
List4Session2,4,2,2,91,1050,2,STRAIN,2,fejale,1,626,nw,nw,nw,1,-0.849599,207,626,626,-0.970367,-0.970367
List4Session2,4,2,2,92,1050,1,SCARCITY,3,neighborhoo,1,577,first,un,nw,1,-0.712816,103,577,577,-0.770573,-0.797855
List4Session2,4,2,2,93,1050,1,ADDITION,4,thunder,1,529,other,un,un,1,-0.90731,100,529,529,-0.962287,-0.985517
List4Session2,4,2,2,94,1050,1,SONIC,4,camp,1,531,other,un,un,1,-0.90054,100,531,531,-0.954482,-0.977215
List4Session2,4,2,2,95,1050,1,GRIND,2,bump,1,486,other,rel,un,1,-1.052864,100,486,486,-1.130102,-1.164013
List4Session2,4,2,2,96,1050,1,BAR,4,hunter,1,682,other,un,rel,1,-0.389408,100,682,682,-0.365179,-0.350402
List4Session2,4,2,2,97,1050,1,METICULOUS,4,bass,1,502,other,un,un,1,-0.998704,100,502,502,-1.067659,-1.097596
List4Session2,4,2,2,98,1050,1,WORSE,3,hog,1,585,first,un,un,1,-0.689614,103,585,585,-0.742278,-0.765638
List4Session2,4,2,2,99,1050,1,GALLON,2,quart,1,471,other,rel,un,1,-1.103639,100,471,471,-1.188642,-1.226279
List4Session2,4,2,2,100,1050,2,SLOPE,1,snee,1,795,nw,nw,rel,1,-0.296815,207,795,795,-0.254848,-0.254848
List4Session2,4,2,2,101,1050,2,PATTERN,4,prinon,1,712,nw,nw,nw,1,-0.568301,207,712,712,-0.606257,-0.606257
List4Session2,4,2,2,102,1050,2,GRACE,2,drin,1,530,nw,nw,nw,1,-1.163606,207,530,530,-1.376816,-1.376816
List4Session2,4,2,2,103,1050,2,LAWN,4,hurny,1,981,nw,nw,nw,1,0.311574,207,981,981,0.532647,0.532647
List4Session2,4,2,2,104,1050,2,PRIVATE,1,helter,1,565,nw,nw,nw,1,-1.049124,207,565,565,-1.228632,-1.228632
List4Session2,4,2,2,105,1050,2,CITY,2,besk,1,774,nw,nw,nw,1,-0.365504,207,774,774,-0.343759,-0.343759
List4Session2,4,2,2,106,1050,2,RUSH,1,dake,1,687,nw,nw,nw,1,-0.650074,207,687,687,-0.712103,-0.712103
List4Session2,4,2,2,107,1050,2,EAGER,4,bemief,1,682,nw,nw,nw,1,-0.666428,207,682,682,-0.733272,-0.733272
List4Session2,4,2,2,108,1050,2,PULL,4,spoce,1,615,nw,nw,nw,1,-0.885579,207,615,615,-1.01694,-1.01694
List4Session2,4,2,2,109,1050,1,BEARD,1,mustache,1,1557,first,rel,nw,1,2.129439,103,1557,1557,2.695516,3.148708
List4Session2,4,2,2,110,1050,1,OFFEND,4,music,1,861,other,un,rel,1,0.216503,100,861,861,0.3334,0.39264
List4Session2,4,2,2,111,1050,1,COMMENT,3,zone,1,691,first,un,un,1,-0.382187,103,691,691,-0.367375,-0.338765
List4Session2,4,2,2,112,1050,1,STARVING,1,hungry,1,814,first,rel,un,1,-0.025455,103,814,814,0.067655,0.156569
List4Session2,4,2,2,113,1050,2,ETIQUETTE,1,argism,1,661,nw,nw,rel,1,-0.735117,207,661,661,-0.822183,-0.822183
List4Session2,4,2,2,114,1050,1,MORE,1,less,1,530,first,rel,nw,1,-0.849129,103,530,530,-0.936803,-0.987129
List4Session2,4,2,2,115,1050,2,SUN,3,horp,1,691,nw,nw,rel,1,-0.63699,207,691,691,-0.695168,-0.695168
List4Session2,4,2,2,116,1050,1,TURNIP,2,carrot,1,526,other,rel,nw,1,-0.917465,100,526,526,-0.973995,-0.99797
List4Session2,4,2,2,117,1050,2,KETTLE,4,unentloymen,1,1409,nw,nw,rel,1,1.711523,207,1409,1409,2.344731,2.344731
List4Session2,4,2,2,118,1050,2,NEUTRON,3,mear,1,688,nw,nw,nw,1,-0.646803,207,688,688,-0.707869,-0.707869
List4Session2,4,2,2,119,1050,2,EXTENSION,4,tenpis,1,619,nw,nw,nw,1,-0.872495,207,619,619,-1.000004,-1.000004
List4Session2,4,2,2,120,1050,1,ROD,1,reel,1,1242,first,rel,nw,1,1.215857,103,1242,1242,1.581416,1.88017
List4Session2,4,2,2,121,1050,1,FUMES,4,often,1,560,other,un,rel,1,-0.802376,100,560,560,-0.841304,-0.856834
List4Session2,4,2,2,122,1050,1,NOTEBOOK,2,folder,1,529,other,rel,un,1,-0.90731,100,529,529,-0.962287,-0.985517
List4Session2,4,2,2,123,1050,1,LOYAL,4,thing,1,786,other,un,rel,1,-0.03737,100,786,786,0.040699,0.08131
List4Session2,4,2,2,124,1050,2,LAW,3,ghosp,1,1337,nw,nw,un,1,1.476018,207,1337,1337,2.039894,2.039894
List4Session2,4,2,2,125,1050,1,BUYER,3,organize,1,891,first,un,nw,1,0.197865,103,891,891,0.33999,0.466656
List4Session2,4,2,2,126,1050,1,SAFE,2,protect,1,606,other,rel,un,1,-0.646667,100,606,606,-0.661782,-0.665884
List4Session2,4,2,2,127,1050,2,COMPASSION,2,marper,1,860,nw,nw,rel,1,-0.084206,207,860,860,0.020352,0.020352
List4Session2,4,2,2,128,1050,2,CRAZY,3,mub,1,850,nw,nw,nw,1,-0.116915,207,850,850,-0.021987,-0.021987
List4Session2,4,2,2,129,1050,1,BURY,2,bone,1,567,other,rel,nw,1,-0.778681,100,567,567,-0.813986,-0.827776
List4Session2,4,2,2,130,1050,2,HIDE,1,tamprum,1,1063,nw,nw,rel,1,0.579788,207,1063,1063,0.879822,0.879822
List4Session2,4,2,2,131,1050,1,DINOSAUR,3,read,1,643,first,un,nw,1,-0.521399,103,643,643,-0.537142,-0.532066
List4Session2,4,2,2,132,1050,1,JEWELRY,4,sorry,1,608,other,un,un,1,-0.639897,100,608,608,-0.653976,-0.657582
List4Session2,4,2,2,133,1050,2,GUYS,3,joib,1,608,nw,nw,un,1,-0.908475,207,608,608,-1.046576,-1.046576
List4Session2,4,2,2,134,1050,2,SUNSET,2,zat,1,607,nw,nw,nw,1,-0.911746,207,607,607,-1.05081,-1.05081
List4Session2,4,2,2,135,1050,1,TUPPERWARE,1,plastic,1,606,first,rel,nw,1,-0.628709,103,606,606,-0.668005,-0.681069
List4Session2,4,2,2,136,1050,2,ZEST,3,nirls,1,572,nw,nw,rel,1,-1.026228,207,572,572,-1.198995,-1.198995
List4Session2,4,2,2,137,1050,1,CREATION,4,waiter,1,653,other,un,nw,1,-0.487572,100,653,653,-0.478356,-0.470783
List4Session2,4,2,2,138,1050,1,VESSEL,4,fudge,1,521,other,un,un,1,-0.93439,100,521,521,-0.993509,-1.018725
List4Session2,4,2,2,139,1050,2,DISBELIEVE,1,detence,1,1515,nw,nw,un,1,2.05824,207,1515,1515,2.793518,2.793518
List4Session2,4,2,2,140,1050,1,KILLER,3,food,1,518,first,un,nw,1,-0.883932,103,518,518,-0.979245,-1.035454
List4Session2,4,2,2,141,1050,2,HONEYMOON,1,deas,1,520,nw,nw,un,1,-1.196315,207,520,520,-1.419155,-1.419155
List4Session2,4,2,2,142,1050,1,MEETING,1,conference,1,922,first,rel,nw,1,0.287773,103,922,922,0.449632,0.591496
List4Session2,4,2,2,143,1050,1,BOTTLE,4,zoo,1,524,other,un,rel,1,-0.924235,100,524,524,-0.981801,-1.006272
List4Session2,4,2,2,144,1050,1,SPIDER,1,web,1,590,first,rel,un,1,-0.675113,103,590,590,-0.724594,-0.745502
List4Session2,4,2,2,145,1050,2,LEGEND,1,zight,1,623,nw,nw,rel,1,-0.859412,207,623,623,-0.983069,-0.983069
List4Session2,4,2,2,146,1050,1,PATIO,3,elevator,1,604,first,un,nw,1,-0.634509,103,604,604,-0.675078,-0.689123
List4Session2,4,2,2,147,1050,2,COMPOUND,2,edupt,1,842,nw,nw,un,1,-0.143083,207,842,842,-0.055857,-0.055857
List4Session2,4,2,2,148,1050,2,DIRT,1,anp,1,529,nw,nw,nw,1,-1.166877,207,529,529,-1.38105,-1.38105
List4Session2,4,2,2,149,1050,1,RETAIN,4,drugs,1,547,other,un,nw,1,-0.84638,100,547,547,-0.892039,-0.910797
List4Session2,4,2,2,150,1050,1,MUSCLE,4,rude,1,516,other,un,un,1,-0.951315,100,516,516,-1.013022,-1.039481
List4Session2,4,2,2,151,1050,2,IRREGULAR,2,beab,1,647,nw,nw,un,1,-0.78091,207,647,647,-0.881457,-0.881457
List4Session2,4,2,2,152,1050,1,STRATEGY,3,separate,1,708,first,un,nw,1,-0.332882,103,708,708,-0.307249,-0.270304
List4Session2,4,2,2,153,1050,2,RAPE,3,heda,1,688,nw,nw,un,1,-0.646803,207,688,688,-0.707869,-0.707869
List4Session2,4,2,2,154,1050,2,GRANT,2,epil,1,506,nw,nw,nw,1,-1.242108,207,506,506,-1.478428,-1.478428
List4Session2,4,2,2,155,1050,1,FLORIDA,4,heat,0,589,other,un,nw,0,#NULL!,#NULL!,#NULL!,#NULL!,#NULL!,#NULL!
List4Session2,4,2,2,156,1050,1,OODLES,1,noodles,1,1485,first,rel,un,1,1.92062,103,1485,1485,2.440864,2.858756
List4Session2,4,2,2,157,1050,1,KNEEL,3,hours,1,713,first,un,rel,1,-0.318381,103,713,713,-0.289564,-0.250169
List4Session2,4,2,2,158,1050,1,ASPIRIN,3,deodorant,1,1748,first,un,un,1,2.683389,103,#NULL!,1748,#NULL!,3.371049
List4Session2,4,2,2,159,1050,2,VAN,4,aunp,1,597,nw,nw,un,1,-0.944455,207,597,597,-1.093149,-1.093149
List4Session2,4,2,2,160,1050,1,ROYAL,2,england,1,757,other,rel,nw,1,-0.135535,100,757,757,-0.072478,-0.039071
List4Session2,4,2,2,161,1050,1,LATCH,1,key,1,700,first,rel,rel,1,-0.356084,103,700,700,-0.335543,-0.302521
List4Session2,4,2,2,162,1050,2,SKETCH,3,cleator,1,1063,nw,nw,rel,1,0.579788,207,1063,1063,0.879822,0.879822
List4Session2,4,2,2,163,1050,2,CASUAL,2,zie,1,613,nw,nw,nw,1,-0.892121,207,613,613,-1.025407,-1.025407
List4Session2,4,2,2,164,1050,2,SHAPE,3,alnays,1,611,nw,nw,nw,1,-0.898663,207,611,611,-1.033875,-1.033875
List4Session2,4,2,2,165,1050,1,HOSTESS,1,restaurant,1,706,first,rel,nw,1,-0.338683,103,706,706,-0.314322,-0.278358
List4Session2,4,2,2,166,1050,2,VILLAGE,1,trecise,1,910,nw,nw,rel,1,0.079339,207,910,910,0.232044,0.232044
List4Session2,4,2,2,167,1050,2,MANY,3,towp,1,1008,nw,nw,nw,1,0.399888,207,1008,1008,0.64696,0.64696
List4Session2,4,2,2,168,1050,1,UNEQUAL,2,unfair,1,848,other,rel,nw,1,0.172499,100,848,848,0.282665,0.338676
List4Session2,4,2,2,169,1050,1,JUGGLER,1,circus,1,532,first,rel,rel,1,-0.843328,103,532,532,-0.92973,-0.979075
List4Session2,4,2,2,170,1050,1,ENGAGE,4,condom,1,1095,other,un,rel,1,1.008589,100,1095,1095,1.246625,1.363992
List4Session2,4,2,2,171,1050,2,SUITE,3,disp,1,610,nw,nw,un,1,-0.901934,207,610,610,-1.038109,-1.038109
List4Session2,4,2,2,172,1050,1,PROTEIN,2,egg,1,817,other,rel,nw,1,0.067564,100,817,817,0.161682,0.209993
List4Session2,4,2,2,173,1050,2,MEASURE,2,deminition,1,2199,nw,nw,rel,1,4.295542,207,#NULL!,#NULL!,#NULL!,#NULL!
List4Session2,4,2,2,174,1050,1,PROVISION,3,abandon,1,662,first,un,nw,1,-0.466294,103,662,662,-0.469942,-0.455551
List4Session2,4,2,2,175,1050,2,ELEPHANT,2,feak,0,706,nw,nw,un,0,#NULL!,#NULL!,#NULL!,#NULL!,#NULL!,#NULL!
List4Session2,4,2,2,176,1050,1,FINAL,4,superman,1,701,other,un,nw,1,-0.325093,100,701,701,-0.291028,-0.271532
List4Session2,4,2,2,177,1050,1,BRITANNICA,4,france,1,647,other,un,un,1,-0.507882,100,647,647,-0.501772,-0.49569
List4Session2,4,2,2,178,1050,1,SUGGESTION,3,storm,1,597,first,un,un,1,-0.654811,103,597,597,-0.699836,-0.717313
List4Session2,4,2,2,179,1050,1,ATLAS,1,map,1,550,first,rel,un,1,-0.791123,103,550,550,-0.866067,-0.906587
List4Session2,4,2,2,180,1050,1,EINSTEIN,4,cigarette,1,1318,other,un,rel,1,1.763439,100,1318,1318,2.11692,2.289682
List4Session2,4,2,2,181,1050,2,TERM,2,oim,1,921,nw,nw,un,1,0.115319,207,921,921,0.278616,0.278616
List4Session2,4,2,2,182,1050,1,LINEN,3,shark,1,1003,first,un,nw,1,0.522695,103,1003,1003,0.736115,0.917692
List4Session2,4,2,2,183,1050,1,COMPETITION,1,sport,1,553,first,rel,un,1,-0.782423,103,553,553,-0.855456,-0.894505
List4Session2,4,2,2,184,1050,1,INLET,2,island,1,506,other,rel,rel,1,-0.985164,100,506,506,-1.052049,-1.080992
List4Session2,4,2,2,185,1050,2,CARNIVAL,4,pishes,1,733,nw,nw,rel,1,-0.499612,207,733,733,-0.517346,-0.517346
List4Session2,4,2,2,186,1050,2,WEAKNESS,3,endourane,1,806,nw,nw,nw,1,-0.260835,207,806,806,-0.208276,-0.208276
List4Session2,4,2,2,187,1050,2,TANGERINE,1,gug,1,814,nw,nw,nw,1,-0.234668,207,814,814,-0.174405,-0.174405
List4Session2,4,2,2,188,1050,2,CARDBOARD,4,conpinent,1,1060,nw,nw,nw,1,0.569976,207,1060,1060,0.86712,0.86712
List4Session2,4,2,2,189,1050,1,MONTH,4,clock,1,546,other,un,nw,1,-0.849765,100,546,546,-0.895942,-0.914949
List4Session2,4,2,2,190,1050,1,HEAL,1,wound,1,578,first,rel,un,1,-0.709916,103,578,578,-0.767036,-0.793828
List4Session2,4,2,2,191,1050,1,TROMBONE,2,band,1,610,other,rel,rel,1,-0.633127,100,610,610,-0.646171,-0.64928
List4Session2,4,2,2,192,1050,2,FASTEN,1,sinp,1,721,nw,nw,rel,1,-0.538863,207,721,721,-0.568152,-0.568152
List4Session2,4,2,2,193,1050,1,CABIN,3,family,1,588,first,un,nw,1,-0.680914,103,588,588,-0.731667,-0.753557
List4Session2,4,2,2,194,1050,1,REALIZE,3,proof,1,667,first,un,un,1,-0.451793,103,667,667,-0.452258,-0.435415
List4Session2,4,2,2,195,1050,1,TON,4,act,1,600,other,un,un,1,-0.666976,100,600,600,-0.685198,-0.69079
List4Session2,4,2,2,196,1050,1,TWICE,3,horse,1,567,first,un,un,1,-0.741819,103,567,567,-0.805941,-0.838126
List4Session2,4,2,2,197,1050,1,BOOK,3,oyster,1,791,first,un,un,1,-0.092161,103,791,791,-0.013692,0.063946
List4Session2,4,2,2,198,1050,1,CUSS,3,alive,1,494,first,un,un,1,-0.953538,103,494,494,-1.064129,-1.132105
List4Session2,4,2,2,199,1050,2,BEEF,3,rit,1,689,nw,nw,un,1,-0.643532,207,689,689,-0.703635,-0.703635
List4Session2,4,2,2,200,1050,2,SURVIVE,1,dend,1,781,nw,nw,nw,1,-0.342608,207,781,781,-0.314122,-0.314122
List4Session2,4,2,2,201,1050,2,FUEL,1,dom,1,635,nw,nw,nw,1,-0.820161,207,635,635,-0.932263,-0.932263
List4Session2,4,2,2,202,1050,2,LINT,3,mert,1,745,nw,nw,nw,1,-0.460361,207,745,745,-0.46654,-0.46654
List4Session2,4,2,2,203,1050,2,SOUTH,4,insrument,1,1091,nw,nw,nw,1,0.671374,207,1091,1091,0.998369,0.998369
List4Session2,4,2,2,204,1050,2,FAUCET,2,bep,1,846,nw,nw,nw,1,-0.129999,207,846,846,-0.038922,-0.038922
List4Session2,4,2,2,205,1050,2,ASSISTANT,1,tublic,1,1348,nw,nw,nw,1,1.511998,207,1348,1348,2.086467,2.086467
List4Session2,4,2,2,206,1050,2,SHALLOW,1,hather,1,853,nw,nw,nw,1,-0.107103,207,853,853,-0.009285,-0.009285
List4Session2,4,2,2,207,1050,2,HANDS,1,squane,1,634,nw,nw,nw,1,-0.823432,207,634,634,-0.936497,-0.936497
List4Session2,4,2,2,208,1050,1,TRACE,2,evidence,1,1014,other,rel,nw,1,0.734405,100,1014,1014,0.930508,1.027755
List4Session2,4,2,2,209,1050,2,ACTRESS,1,eap,1,741,nw,nw,rel,1,-0.473444,207,741,741,-0.483475,-0.483475
List4Session2,4,2,2,210,1050,2,DROWSY,4,pourney,1,767,nw,nw,nw,1,-0.388401,207,767,767,-0.373396,-0.373396
List4Session2,4,2,2,211,1050,2,DISAGREEMENT,1,probise,1,711,nw,nw,nw,1,-0.571572,207,711,711,-0.610491,-0.610491
List4Session2,4,2,2,212,1050,1,CHEF,4,donkey,1,673,other,un,nw,1,-0.419873,100,673,673,-0.400303,-0.387762
List4Session2,4,2,2,213,1050,2,PERMIT,2,yad,1,862,nw,nw,un,1,-0.077664,207,862,862,0.028819,0.028819
List4Session2,4,2,2,214,1050,1,WRIST,2,ankle,1,995,other,rel,nw,1,0.670091,100,995,995,0.856358,0.948885
List4Session2,4,2,2,215,1050,1,SHE,2,her,1,563,other,rel,rel,1,-0.792221,100,563,563,-0.829596,-0.84438
List4Session2,4,2,2,216,1050,2,FOG,1,sprawderry,1,706,nw,nw,rel,1,-0.587926,207,706,706,-0.63166,-0.63166
List4Session2,4,2,2,217,1050,2,SENSITIVE,4,linner,1,877,nw,nw,nw,1,-0.028601,207,877,877,0.092327,0.092327
List4Session2,4,2,2,218,1050,2,OUTCOME,1,leambelt,1,802,nw,nw,nw,1,-0.273919,207,802,802,-0.225211,-0.225211
List4Session2,4,2,2,219,1050,2,CANDY,2,houp,1,585,nw,nw,nw,1,-0.983706,207,585,585,-1.143955,-1.143955
List4Session2,4,2,2,220,1050,2,PIECE,1,dreap,1,744,nw,nw,nw,1,-0.463632,207,744,744,-0.470774,-0.470774
List4Session2,4,2,2,221,1050,2,COCKY,3,forpune,1,642,nw,nw,nw,1,-0.797264,207,642,642,-0.902626,-0.902626
List4Session2,4,2,2,222,1050,1,PAPERCLIP,2,staple,0,687,other,rel,nw,0,#NULL!,#NULL!,#NULL!,#NULL!,#NULL!,#NULL!
List4Session2,4,2,2,223,1050,2,DISCREET,2,aln,1,713,nw,nw,rel,1,-0.56503,207,713,713,-0.602023,-0.602023
List4Session2,4,2,2,224,1050,1,GAL,1,girl,1,948,first,rel,nw,1,0.36318,103,948,948,0.541589,0.696201
List4Session2,4,2,2,225,1050,1,BAIT,2,worm,1,1110,other,rel,rel,1,1.059363,100,1110,1110,1.305165,1.426258
List4Session2,4,2,2,226,1050,2,ABDUCT,3,bemieve,1,881,nw,nw,rel,1,-0.015517,207,881,881,0.109262,0.109262
List4Session2,4,2,2,227,1050,2,PLEDGE,4,manters,1,822,nw,nw,nw,1,-0.208501,207,822,822,-0.140534,-0.140534
List4Session2,4,2,2,228,1050,2,EASTER,1,piw,1,1036,nw,nw,nw,1,0.491474,207,1036,1036,0.765508,0.765508
List4Session2,4,2,2,229,1050,1,SYNOPSIS,1,summary,1,1066,first,rel,nw,1,0.705411,103,1066,1066,0.958935,1.171399
List4Session2,4,2,2,230,1050,1,DEMOCRACY,2,communism,1,1462,other,rel,rel,1,2.250876,100,1462,1462,2.678905,2.887437
List4Session2,4,2,2,231,1050,1,POINT,4,spoon,1,738,other,un,rel,1,-0.199849,100,738,738,-0.146629,-0.117942
List4Session2,4,2,2,232,1050,2,BREAKABLE,2,chy,1,636,nw,nw,un,1,-0.81689,207,636,636,-0.928029,-0.928029
List4Session2,4,2,2,233,1050,1,DIPLOMA,3,compact,1,603,first,un,nw,1,-0.63741,103,603,603,-0.678615,-0.69315
List4Session2,4,2,2,234,1050,2,RAIN,4,stilky,1,1481,nw,nw,un,1,1.947029,207,1481,1481,2.649568,2.649568
List4Session2,4,2,2,235,1050,1,GLORY,1,days,1,566,first,rel,nw,1,-0.744719,103,566,566,-0.809478,-0.842153
List4Session2,4,2,2,236,1050,1,GLASS,1,window,1,535,first,rel,rel,1,-0.834627,103,535,535,-0.919119,-0.966993
List4Session2,4,2,2,237,1050,2,ATTRACTIVE,2,cleb,1,616,nw,nw,rel,1,-0.882308,207,616,616,-1.012706,-1.012706
List4Session2,4,2,2,238,1050,2,WORTH,4,wongue,1,1046,nw,nw,nw,1,0.524183,207,1046,1046,0.807846,0.807846
List4Session2,4,2,2,239,1050,1,BASE,2,guitar,1,564,other,rel,nw,1,-0.788836,100,564,564,-0.825694,-0.840229
List4Session2,4,2,2,240,1050,2,ROPE,2,smi,1,566,nw,nw,rel,1,-1.045854,207,566,566,-1.224398,-1.224398
List4Session2,4,2,2,241,1050,1,ABSTRACT,4,unknown,1,854,other,un,nw,1,0.192808,100,854,854,0.306081,0.363583
List4Session2,4,2,2,242,1050,2,SOOTHE,3,merrible,1,1611,nw,nw,un,1,2.372247,207,1611,1611,3.199967,3.199967
List4Session2,4,2,2,243,1050,2,TECHNOLOGY,4,prack,1,1091,nw,nw,nw,1,0.671374,207,1091,1091,0.998369,0.998369
List4Session2,4,2,2,244,1050,2,CHRISTIAN,4,teab,1,670,nw,nw,nw,1,-0.705679,207,670,670,-0.784078,-0.784078
List4Session2,4,2,2,245,1050,1,ANTELOPE,2,beast,1,1098,other,rel,nw,1,1.018743,100,1098,1098,1.258333,1.376446
List4Session2,4,2,2,246,1050,1,RAFT,3,tighten,1,789,first,un,rel,1,-0.097961,103,789,789,-0.020766,0.055891
List4Session2,4,2,2,247,1050,1,SHRINK,2,grow,1,749,other,rel,un,1,-0.162614,100,749,749,-0.1037,-0.07228
List4Session2,4,2,2,248,1050,1,CAPTAIN,4,nephew,1,726,other,un,rel,1,-0.240469,100,726,726,-0.193461,-0.167755
List4Session2,4,2,2,249,1050,1,BRAT,3,speak,1,656,first,un,un,1,-0.483696,103,656,656,-0.491163,-0.479714
List4Session2,4,2,2,250,1050,2,VICTORY,2,anough,1,862,nw,nw,un,1,-0.077664,207,862,862,0.028819,0.028819
List4Session2,4,2,2,251,1050,2,SCAPEGOAT,1,tilk,1,738,nw,nw,nw,1,-0.483257,207,738,738,-0.496177,-0.496177
List4Session2,4,2,2,252,1050,1,DOLL,1,house,1,956,first,rel,nw,1,0.386382,103,956,956,0.569884,0.728418
List4Session2,4,2,2,253,1050,1,PHONY,2,FALSE,1,669,other,rel,rel,1,-0.433413,100,669,669,-0.415913,-0.404366
List4Session2,4,2,2,254,1050,1,GOODNESS,2,sweet,1,585,other,rel,rel,1,-0.717751,100,585,585,-0.743738,-0.753057
List4Session2,4,2,2,255,1050,1,SURVEY,3,immature,1,1241,first,un,rel,1,1.212957,103,1241,1241,1.577879,1.876143
List4Session2,4,2,2,256,1050,1,SLAB,3,brothers,1,830,first,un,un,1,0.020949,103,830,830,0.124244,0.221003
List4Session2,4,2,2,257,1050,2,REVOLUTION,4,pom,1,692,nw,nw,un,1,-0.633719,207,692,692,-0.690934,-0.690934
List4Session2,4,2,2,258,1050,2,OATH,1,clow,1,1072,nw,nw,nw,1,0.609227,207,1072,1072,0.917926,0.917926
List4Session2,4,2,2,259,1050,1,GRAY,2,hound,1,1930,other,rel,nw,1,3.835046,100,#NULL!,#NULL!,#NULL!,#NULL!
List4Session2,4,2,2,260,1050,2,DECORATION,4,primoner,1,805,nw,nw,rel,1,-0.264106,207,805,805,-0.21251,-0.21251
List4Session2,4,2,2,261,1050,2,INSANE,2,inem,1,1020,nw,nw,nw,1,0.439139,207,1020,1020,0.697767,0.697767
List4Session2,4,2,2,262,1050,2,PRODUCTION,3,shile,1,922,nw,nw,nw,1,0.11859,207,922,922,0.28285,0.28285
List4Session2,4,2,2,263,1050,2,MYTHOLOGY,4,smorts,1,652,nw,nw,nw,1,-0.764555,207,652,652,-0.860287,-0.860287
List4Session2,4,2,2,264,1050,1,GOAT,4,massage,1,1113,other,un,nw,1,1.069518,100,1113,1113,1.316873,1.438712
List4Session2,4,2,2,265,1050,2,PEST,4,palculate,1,820,nw,nw,un,1,-0.215043,207,820,820,-0.149002,-0.149002
List4Session2,4,2,2,266,1050,1,BREED,3,diary,1,730,first,un,nw,1,-0.269077,103,730,730,-0.229438,-0.181708
List4Session2,4,2,2,267,1050,1,INNOCENCE,1,guilty,1,643,first,rel,un,1,-0.521399,103,643,643,-0.537142,-0.532066
List4Session2,4,2,2,268,1050,2,EXPLODE,2,dopter,1,688,nw,nw,rel,1,-0.646803,207,688,688,-0.707869,-0.707869
List4Session2,4,2,2,269,1050,2,CIRCLE,3,peady,1,828,nw,nw,nw,1,-0.188875,207,828,828,-0.115131,-0.115131
List4Session2,4,2,2,270,1050,1,JEALOUSY,2,feeling,1,723,other,rel,nw,1,-0.250624,100,723,723,-0.205169,-0.180208
List4Session2,4,2,2,271,1050,1,CULTURE,1,society,1,718,first,rel,rel,1,-0.30388,103,718,718,-0.27188,-0.230033
List4Session2,4,2,2,272,1050,2,POTTERY,3,comlontable,1,808,nw,nw,rel,1,-0.254293,207,808,808,-0.199808,-0.199808
List4Session2,4,2,2,273,1050,2,BOXER,2,cune,1,1567,nw,nw,nw,1,2.228327,207,1567,1567,3.013678,3.013678
List4Session2,4,2,2,274,1050,1,OINTMENT,1,medicine,1,1254,first,rel,nw,1,1.25066,103,1254,1254,1.623858,1.928495
List4Session2,4,2,2,275,1050,1,SQUINT,1,eye,1,1307,first,rel,rel,1,1.404374,103,1307,1307,1.81131,2.141931
List4Session2,4,2,2,276,1050,1,TUESDAY,1,wednesday,1,2030,first,rel,rel,1,3.501262,103,#NULL!,#NULL!,#NULL!,#NULL!
List4Session2,4,2,2,277,1050,2,COURT,1,stape,1,1156,nw,nw,rel,1,0.883983,207,1156,1156,1.273569,1.273569
List4Session2,4,2,2,278,1050,2,STEW,2,ontomus,1,1180,nw,nw,nw,1,0.962485,207,1180,1180,1.375181,1.375181
List4Session2,4,2,2,279,1050,2,FIT,2,brab,1,773,nw,nw,nw,1,-0.368775,207,773,773,-0.347992,-0.347992
List4Session2,4,2,2,280,1050,2,GLOBE,3,symtathy,1,1469,nw,nw,nw,1,1.907778,207,1469,1469,2.598762,2.598762
List4Session2,4,2,2,281,1050,1,STACK,4,wait,1,744,other,un,nw,1,-0.179539,100,744,744,-0.123213,-0.093035
List4Session2,4,2,2,282,1050,1,SIDE,3,bite,1,658,first,un,un,1,-0.477895,103,658,658,-0.48409,-0.471659
List4Session2,4,2,2,283,1050,2,JESUS,1,lem,1,799,nw,nw,un,1,-0.283732,207,799,799,-0.237913,-0.237913
List4Session2,4,2,2,284,1050,2,GREET,2,alerica,1,1254,nw,nw,nw,1,1.204532,207,1254,1254,1.688486,1.688486
List4Session2,4,2,2,285,1050,1,ALARM,4,am,0,730,other,un,nw,0,#NULL!,#NULL!,#NULL!,#NULL!,#NULL!,#NULL!
List4Session2,4,2,2,286,1050,2,CHINA,1,enp,1,709,nw,nw,un,1,-0.578114,207,709,709,-0.618958,-0.618958
List4Session2,4,2,2,287,1050,2,GIN,1,sweap,1,768,nw,nw,nw,1,-0.38513,207,768,768,-0.369162,-0.369162
List4Session2,4,2,2,288,1050,2,POISON,4,fert,1,840,nw,nw,nw,1,-0.149624,207,840,840,-0.064325,-0.064325
List4Session2,4,2,2,289,1050,1,MILLION,2,rich,1,588,other,rel,nw,1,-0.707596,100,588,588,-0.73203,-0.740603
List4Session2,4,2,2,290,1050,2,MOTION,3,pum,1,1244,nw,nw,rel,1,1.171823,207,1244,1244,1.646147,1.646147
List4Session2,4,2,2,291,1050,2,FANCY,2,nist,1,851,nw,nw,nw,1,-0.113644,207,851,851,-0.017753,-0.017753
List4Session2,4,2,2,292,1050,1,DOVE,4,fighter,1,1079,other,un,nw,1,0.954429,100,1079,1079,1.184182,1.297575
List4Session2,4,2,2,293,1050,2,ANTEATER,1,meader,1,852,nw,nw,un,1,-0.110373,207,852,852,-0.013519,-0.013519
List4Session2,4,2,2,294,1050,2,SOME,4,tollowet,1,1161,nw,nw,nw,1,0.900338,207,1161,1161,1.294738,1.294738
List4Session2,4,2,2,295,1050,2,HEM,4,prunchy,1,1329,nw,nw,nw,1,1.44985,207,1329,1329,2.006024,2.006024
List4Session2,4,2,2,296,1050,2,LOVER,4,poothgrush,1,883,nw,nw,nw,1,-0.008975,207,883,883,0.11773,0.11773
List4Session2,4,2,2,297,1050,2,ODD,2,steen,1,694,nw,nw,nw,1,-0.627177,207,694,694,-0.682466,-0.682466
List4Session2,4,2,2,298,1050,2,HEALTHY,4,orm,1,610,nw,nw,nw,1,-0.901934,207,610,610,-1.038109,-1.038109
List4Session2,4,2,2,299,1050,2,VIKING,2,quentions,1,1506,nw,nw,nw,1,2.028801,207,1506,1506,2.755414,2.755414
List4Session2,4,2,2,300,1050,2,COSTUME,2,prinbe,1,829,nw,nw,nw,1,-0.185604,207,829,829,-0.110897,-0.110897
List4Session2,4,2,2,301,1050,2,IDIOT,4,durse,1,653,nw,nw,nw,1,-0.761284,207,653,653,-0.856054,-0.856054
List4Session2,4,2,2,302,1050,2,INVENTOR,1,minp,1,554,nw,nw,nw,1,-1.085104,207,554,554,-1.275204,-1.275204
List4Session2,4,2,2,303,1050,2,CUT,3,flad,1,828,nw,nw,nw,1,-0.188875,207,828,828,-0.115131,-0.115131
List4Session2,4,2,2,304,1050,2,NAIL,4,wint,1,530,nw,nw,nw,1,-1.163606,207,530,530,-1.376816,-1.376816
List4Session2,4,2,2,305,1050,2,WOODS,2,artument,1,931,nw,nw,nw,1,0.148028,207,931,931,0.320955,0.320955
List4Session2,4,2,2,306,1050,2,HANDSOME,2,poncrete,1,901,nw,nw,nw,1,0.049901,207,901,901,0.193939,0.193939
List4Session2,4,2,2,307,1050,1,TRENCH,3,order,1,887,first,un,nw,1,0.186264,103,887,887,0.325843,0.450548
List4Session2,4,2,2,308,1050,2,GONE,1,shopel,1,875,nw,nw,un,1,-0.035143,207,875,875,0.083859,0.083859
List4Session2,4,2,2,309,1050,1,RESPECT,2,parent,1,960,other,rel,nw,1,0.551616,100,960,960,0.719764,0.803597
List4Session2,4,2,2,310,1050,1,NAPKIN,2,fold,1,1281,other,rel,rel,1,1.638195,100,1281,1281,1.972522,2.136093
List4Session2,4,2,2,311,1050,2,JOCK,3,builper,1,1045,nw,nw,rel,1,0.520912,207,1045,1045,0.803613,0.803613
List4Session2,4,2,2,312,1050,1,IMAGE,2,mirror,1,1379,other,rel,nw,1,1.969923,100,1379,1379,2.354983,2.542898
List4Session2,4,2,2,313,1050,2,SCOOP,2,dalp,1,1346,nw,nw,rel,1,1.505456,207,1346,1346,2.077999,2.077999
List4Session2,4,2,2,314,1050,1,CAREER,2,goal,1,915,other,rel,nw,1,0.399292,100,915,915,0.544144,0.616799
List4Session2,4,2,2,315,1050,1,ARENA,3,hell,1,774,first,un,rel,1,-0.141465,103,774,774,-0.073818,-0.004515
List4Session2,4,2,2,316,1050,2,KNEES,3,smish,1,862,nw,nw,un,1,-0.077664,207,862,862,0.028819,0.028819
List4Session2,4,2,2,317,1050,2,QUIZ,1,swint,1,1187,nw,nw,nw,1,0.985381,207,1187,1187,1.404818,1.404818
List4Session2,4,2,2,318,1050,2,LUNCH,1,tost,1,1994,nw,nw,nw,1,3.625005,207,#NULL!,#NULL!,#NULL!,#NULL!
List4Session2,4,2,2,319,1050,2,SUPPORT,4,fas,1,627,nw,nw,nw,1,-0.846328,207,627,627,-0.966133,-0.966133
List4Session2,4,2,2,320,1050,2,GOO,2,zot,1,768,nw,nw,nw,1,-0.38513,207,768,768,-0.369162,-0.369162
List4Session2,4,2,2,321,1050,2,RARE,4,whime,1,759,nw,nw,nw,1,-0.414568,207,759,759,-0.407266,-0.407266
List4Session2,4,2,2,322,1050,1,NAUSEA,2,vomit,1,1393,other,rel,nw,1,2.017312,100,1393,1393,2.409621,2.601013
List4Session2,4,2,2,323,1050,1,CONCLUDE,4,street,1,720,other,un,rel,1,-0.260779,100,720,720,-0.216877,-0.192661
List4Session2,4,2,2,324,1050,1,SLENDER,4,four,1,1146,other,un,un,1,1.181222,100,1146,1146,1.445661,1.575697
List4Session2,4,2,2,325,1050,1,EVERYDAY,1,daily,1,755,first,rel,un,1,-0.19657,103,755,755,-0.141018,-0.08103
List4Session2,4,2,2,326,1050,2,FIG,3,gopernment,1,893,nw,nw,rel,1,0.023734,207,893,893,0.160069,0.160069
List4Session2,4,2,2,327,1050,1,DEGREE,1,college,1,783,first,rel,nw,1,-0.115363,103,783,783,-0.041987,0.031729
List4Session2,4,2,2,328,1050,1,AGAINST,3,time,1,598,first,un,rel,1,-0.651911,103,598,598,-0.696299,-0.713286
List4Session2,4,2,2,329,1050,1,THIEF,3,box,1,678,first,un,un,1,-0.41989,103,678,678,-0.413353,-0.391117
List4Session2,4,2,2,330,1050,2,GRATE,4,clat,1,803,nw,nw,un,1,-0.270648,207,803,803,-0.220977,-0.220977
List4Session2,4,2,2,331,1050,1,QUILL,1,pen,1,697,first,rel,nw,1,-0.364785,103,697,697,-0.346154,-0.314602
List4Session2,4,2,2,332,1050,1,ANARCHY,2,chaos,1,950,other,rel,rel,1,0.517766,100,950,950,0.680737,0.762086
List4Session2,4,2,2,333,1050,2,BIT,3,paist,1,967,nw,nw,rel,1,0.265781,207,967,967,0.473373,0.473373
List4Session2,4,2,2,334,1050,1,HIVE,1,bee,1,711,first,rel,nw,1,-0.324182,103,711,711,-0.296638,-0.258223
List4Session2,4,2,2,335,1050,2,HAUL,3,stiln,1,689,nw,nw,rel,1,-0.643532,207,689,689,-0.703635,-0.703635
List4Session2,4,2,2,336,1050,2,CAKE,4,auntramia,1,973,nw,nw,nw,1,0.285407,207,973,973,0.498776,0.498776
List4Session2,4,2,2,337,1050,1,HUMAN,3,shirt,1,605,first,un,nw,1,-0.631609,103,605,605,-0.671541,-0.685096
List4Session2,4,2,2,338,1050,1,PROCESS,2,system,1,859,other,rel,un,1,0.209733,100,859,859,0.325594,0.384338
List4Session2,4,2,2,339,1050,1,HOTEL,3,pavement,1,993,first,un,rel,1,0.493692,103,993,993,0.700747,0.877421
List4Session2,4,2,2,340,1050,2,RUNNING,2,epen,1,688,nw,nw,un,1,-0.646803,207,688,688,-0.707869,-0.707869
List4Session2,4,2,2,341,1050,1,OCCUPIED,3,shake,1,573,first,un,nw,1,-0.724417,103,573,573,-0.78472,-0.813963
List4Session2,4,2,2,342,1050,2,NEWS,3,fais,1,876,nw,nw,un,1,-0.031872,207,876,876,0.088093,0.088093
List4Session2,4,2,2,343,1050,1,FLEA,2,market,1,783,other,rel,nw,1,-0.047525,100,783,783,0.028991,0.068857
List4Session2,4,2,2,344,1050,1,METHODIST,4,faint,1,1319,other,un,rel,1,1.766824,100,1319,1319,2.120823,2.293833
List4Session2,4,2,2,345,1050,2,INTOXICATED,1,prophy,1,634,nw,nw,un,1,-0.823432,207,634,634,-0.936497,-0.936497
List4Session2,4,2,2,346,1050,2,MUTE,1,ub,1,743,nw,nw,nw,1,-0.466903,207,743,743,-0.475008,-0.475008
List4Session2,4,2,2,347,1050,1,PROFESSIONAL,2,lawyer,1,658,other,rel,nw,1,-0.470648,100,658,658,-0.458843,-0.450028
List4Session2,4,2,2,348,1050,1,KNIFE,1,fork,1,735,first,rel,rel,1,-0.254575,103,735,735,-0.211754,-0.161572
List4Session2,4,2,2,349,1050,2,AXON,3,cloties,1,919,nw,nw,rel,1,0.108777,207,919,919,0.270148,0.270148
List4Session2,4,2,2,350,1050,2,FRIGHT,2,nart,1,1145,nw,nw,nw,1,0.848003,207,1145,1145,1.226997,1.226997
List4Session2,4,2,2,351,1050,1,BATHTUB,3,monthly,1,755,first,un,nw,1,-0.19657,103,755,755,-0.141018,-0.08103
List4Session2,4,2,2,352,1050,2,MINERAL,4,miptane,1,1100,nw,nw,un,1,0.700812,207,1100,1100,1.036474,1.036474
List4Session2,4,2,2,353,1050,2,DISTURB,4,knib,1,790,nw,nw,nw,1,-0.31317,207,790,790,-0.276017,-0.276017
List4Session2,4,2,2,354,1050,1,ACCOMPLISH,1,finish,1,1262,first,rel,nw,1,1.273862,103,1262,1262,1.652152,1.960712
List4Session2,4,2,2,355,1050,2,MUNCH,4,selk,1,788,nw,nw,rel,1,-0.319712,207,788,788,-0.284485,-0.284485
List4Session2,4,2,2,356,1050,1,COMPLIMENT,2,thanks,1,794,other,rel,nw,1,-0.01029,100,794,794,0.071921,0.114518
List4Session2,4,2,2,357,1050,2,PEDAL,1,weighm,1,802,nw,nw,rel,1,-0.273919,207,802,802,-0.225211,-0.225211
List4Session2,4,2,2,358,1050,2,LOSER,4,thorst,1,1129,nw,nw,nw,1,0.795668,207,1129,1129,1.159255,1.159255
List4Session2,4,2,2,359,1050,1,MOP,1,floor,1,739,first,rel,nw,1,-0.242974,103,739,739,-0.197607,-0.145464
List4Session2,4,2,2,360,1050,1,CHINESE,4,bread,1,572,other,un,rel,1,-0.761756,100,572,572,-0.794472,-0.807021
List4Session2,4,2,2,361,1050,2,VACATE,3,slame,1,2044,nw,nw,un,1,3.788551,207,#NULL!,#NULL!,#NULL!,#NULL!
List4Session2,4,2,2,362,1050,1,AMOUNT,4,past,1,738,other,un,nw,1,-0.199849,100,738,738,-0.146629,-0.117942
List4Session2,4,2,2,363,1050,1,MULTIPLY,4,don't,1,827,other,un,un,1,0.101414,100,827,827,0.200709,0.251504
List4Session2,4,2,2,364,1050,2,MOTIONLESS,1,ponic,1,832,nw,nw,un,1,-0.175792,207,832,832,-0.098196,-0.098196
List4Session2,4,2,2,365,1050,1,GYMNASTICS,3,dirty,1,630,first,un,nw,1,-0.559103,103,630,630,-0.583121,-0.584418
List4Session2,4,2,2,366,1050,1,HARM,4,smudge,1,981,other,un,un,1,0.622701,100,981,981,0.80172,0.89077
List4Session2,4,2,2,367,1050,2,SAND,4,thoughn,1,886,nw,nw,un,1,0.000837,207,886,886,0.130432,0.130432
List4Session2,4,2,2,368,1050,1,PARCEL,1,package,1,602,first,rel,nw,1,-0.64031,103,602,602,-0.682152,-0.697177
List4Session2,4,2,2,369,1050,2,FESTIVAL,2,opange,1,728,nw,nw,rel,1,-0.515966,207,728,728,-0.538515,-0.538515
List4Session2,4,2,2,370,1050,1,APPEARANCE,3,line,1,1315,first,un,nw,1,1.427576,103,1315,1315,1.839604,2.174148
List4Session2,4,2,2,371,1050,2,JAZZ,2,unper,1,1109,nw,nw,un,1,0.73025,207,1109,1109,1.074578,1.074578
List4Session2,4,2,2,372,1050,1,PSYCHOLOGY,3,hurricane,1,879,first,un,nw,1,0.163062,103,879,879,0.297549,0.418331
List4Session2,4,2,2,373,1050,1,ARCHITECT,1,building,1,868,first,rel,un,1,0.131159,103,868,868,0.258643,0.374033
List4Session2,4,2,2,374,1050,1,NUN,4,tax,1,1768,other,un,rel,1,3.28668,100,#NULL!,#NULL!,#NULL!,#NULL!
List4Session2,4,2,2,375,1050,2,PREPARE,1,ancept,1,1432,nw,nw,un,1,1.786754,207,1432,1432,2.442109,2.442109
List4Session2,4,2,2,376,1050,2,EMPATHY,4,ellow,1,1606,nw,nw,nw,1,2.355892,207,1606,1606,3.178798,3.178798
List4Session2,4,2,2,377,1050,2,TANGY,1,rixture,1,1229,nw,nw,nw,1,1.122759,207,1229,1229,1.582639,1.582639
List4Session2,4,2,2,378,1050,2,LAP,1,prass,1,834,nw,nw,nw,1,-0.16925,207,834,834,-0.089728,-0.089728
List4Session2,4,2,2,379,1050,2,LODGE,3,aptor,1,1096,nw,nw,nw,1,0.687728,207,1096,1096,1.019539,1.019539
List4Session2,4,2,2,380,1050,1,SALAD,1,lettuce,1,741,first,rel,nw,1,-0.237174,103,741,741,-0.190533,-0.13741
List4Session2,4,2,2,381,1050,1,ESSAY,3,airplane,1,766,first,un,rel,1,-0.164667,103,766,766,-0.102113,-0.036732
List4Session2,4,2,2,382,1050,1,IDENTITY,4,reason,1,918,other,un,un,1,0.409447,100,918,918,0.555852,0.629252
List4Session2,4,2,2,383,1050,2,ANTIDOTE,1,trincess,1,1145,nw,nw,un,1,0.848003,207,1145,1145,1.226997,1.226997
List4Session2,4,2,2,384,1050,1,STREAM,3,keep,1,786,first,un,nw,1,-0.106662,103,786,786,-0.031376,0.04381
List4Session2,4,2,2,385,1050,1,PLAID,3,socket,1,1097,first,un,un,1,0.795319,103,1097,1097,1.068576,1.29624
List4Session2,4,2,2,386,1050,1,DOUGH,2,doughnut,1,740,other,rel,un,1,-0.193079,100,740,740,-0.138824,-0.10964
List4Session2,4,2,2,387,1050,2,MORALS,3,gow,1,1103,nw,nw,rel,1,0.710625,207,1103,1103,1.049175,1.049175
List4Session2,4,2,2,388,1050,2,CLEANER,1,pandle,1,1865,nw,nw,nw,1,3.203058,207,#NULL!,#NULL!,#NULL!,#NULL!
List4Session2,4,2,2,389,1050,1,MACHINE,3,priest,1,710,first,un,nw,1,-0.327082,103,710,710,-0.300175,-0.26225
List4Session2,4,2,2,390,1050,2,AMAZE,3,rine,1,2498,nw,nw,un,1,5.273544,207,#NULL!,#NULL!,#NULL!,#NULL!
List4Session2,4,2,2,391,1050,2,COUNTY,3,deptruction,1,1013,nw,nw,nw,1,0.416243,207,1013,1013,0.66813,0.66813
List4Session2,4,2,2,392,1050,2,TWIG,3,danper,1,883,nw,nw,nw,1,-0.008975,207,883,883,0.11773,0.11773
List4Session2,4,2,2,393,1050,2,TAG,1,lipe,1,822,nw,nw,nw,1,-0.208501,207,822,822,-0.140534,-0.140534
List4Session2,4,2,2,394,1050,2,ATOM,4,gike,1,749,nw,nw,nw,1,-0.447277,207,749,749,-0.449605,-0.449605
List4Session2,4,2,2,395,1050,1,CHECK,2,cash,1,1014,other,rel,nw,1,0.734405,100,1014,1014,0.930508,1.027755
List4Session2,4,2,2,396,1050,2,TUBE,3,bissue,1,966,nw,nw,rel,1,0.26251,207,966,966,0.469139,0.469139
List4Session2,4,2,2,397,1050,2,COMPLAIN,3,rinner,1,742,nw,nw,nw,1,-0.470173,207,742,742,-0.479242,-0.479242
List4Session2,4,2,2,398,1050,1,DONE,4,speech,1,1007,other,un,nw,1,0.71071,100,1007,1007,0.90319,0.998698
List4Session2,4,2,2,399,1050,1,PRUNE,1,juice,1,702,first,rel,un,1,-0.350284,103,702,702,-0.328469,-0.294467
List4Session2,4,2,2,400,1050,2,RACKET,1,nep,1,840,nw,nw,rel,1,-0.149624,207,840,840,-0.064325,-0.064325
List4Session2,4,2,2,401,1050,2,SOAK,4,shoner,1,762,nw,nw,nw,1,-0.404755,207,762,762,-0.394565,-0.394565
List4Session2,4,2,2,402,1050,2,DEPARTMENT,2,caumious,1,594,nw,nw,nw,1,-0.954268,207,594,594,-1.10585,-1.10585
List4Session2,4,2,2,403,1050,2,LEADERSHIP,2,pive,1,579,nw,nw,nw,1,-1.003332,207,579,579,-1.169358,-1.169358
List4Session2,4,2,2,404,1050,2,CANDIDATE,3,beft,1,546,nw,nw,nw,1,-1.111272,207,546,546,-1.309075,-1.309075
List4Session2,4,2,2,405,1050,1,ANOTHER,4,silly,1,564,other,un,nw,1,-0.788836,100,564,564,-0.825694,-0.840229
List4Session2,4,2,2,406,1050,1,APATHETIC,1,sympathetic,1,1333,first,rel,un,1,1.47978,103,1333,1333,1.903267,2.246636
List4Session2,4,2,2,407,1050,1,ESTIMATE,2,average,1,1367,other,rel,rel,1,1.929303,100,1367,1367,2.308151,2.493085
List4Session2,4,2,2,408,1050,2,SWATTER,2,poon,1,1110,nw,nw,rel,1,0.733521,207,1110,1110,1.078812,1.078812
List4Session2,4,2,2,409,1050,2,LIGHTHEADED,4,fack,1,1201,nw,nw,nw,1,1.031174,207,1201,1201,1.464092,1.464092
List4Session2,4,2,2,410,1050,1,MAMMAL,1,whale,1,761,first,rel,nw,1,-0.179169,103,761,761,-0.119797,-0.056868
List4Session2,4,2,2,411,1050,1,PEOPLE,2,place,1,689,other,rel,rel,1,-0.365713,100,689,689,-0.33786,-0.321345
List4Session2,4,2,2,412,1050,2,BOOKBAG,2,wep,1,1310,nw,nw,rel,1,1.387703,207,1310,1310,1.925581,1.925581
List4Session2,4,2,2,413,1050,1,SPLIT,2,second,1,576,other,rel,nw,1,-0.748216,100,576,576,-0.778862,-0.790416
List4Session2,4,2,2,414,1050,2,STRONG,2,hetter,1,849,nw,nw,rel,1,-0.120186,207,849,849,-0.02622,-0.02622
List4Session2,4,2,2,415,1050,1,SPOT,1,stain,1,1797,first,rel,nw,1,2.825501,103,#NULL!,1797,#NULL!,3.544354
List4Session2,4,2,2,416,50,2,IMPEDIMENT,4,sen,0,0,nw,nw,rel,0,#NULL!,#NULL!,#NULL!,#NULL!,#NULL!,#NULL!
List4Session2,4,2,2,417,50,2,IN,3,sprine,1,1532,nw,nw,nw,1,2.342971,204,1532,1532,2.664305,2.828662
List4Session2,4,2,2,418,50,1,SLUG,4,defeat,1,830,other,un,nw,1,0.173793,101,830,830,0.231497,0.333469
List4Session2,4,2,2,419,50,1,BOARD,4,person,1,604,other,un,un,1,-0.68505,101,604,604,-0.700098,-0.70941
List4Session2,4,2,2,420,50,1,RHYTHM,1,beat,1,579,first,rel,un,1,-0.644465,104,579,579,-0.689705,-0.704603
List4Session2,4,2,2,421,50,2,BLOOM,4,dama,1,716,nw,nw,rel,1,-0.66431,204,716,716,-0.677328,-0.677429
List4Session2,4,2,2,422,50,2,HARVEST,1,tay,1,733,nw,nw,nw,1,-0.601659,204,733,733,-0.60771,-0.604385
List4Session2,4,2,2,423,50,2,ENTRY,4,teans,1,1855,nw,nw,nw,1,3.533353,204,#NULL!,#NULL!,#NULL!,#NULL!
List4Session2,4,2,2,424,50,2,COMPONENT,3,prade,1,692,nw,nw,nw,1,-0.75276,204,692,692,-0.775611,-0.780549
List4Session2,4,2,2,425,50,2,STEAK,4,chaid,1,743,nw,nw,nw,1,-0.564805,204,743,743,-0.566759,-0.561418
List4Session2,4,2,2,426,50,1,BOLT,4,material,1,713,other,un,nw,1,-0.270829,101,713,713,-0.250789,-0.206429
List4Session2,4,2,2,427,50,1,RENT,3,thread,1,669,first,un,un,1,-0.324285,104,669,669,-0.297176,-0.259216
List4Session2,4,2,2,428,50,1,BELOW,1,above,1,769,first,rel,un,1,0.031471,104,769,769,0.138967,0.23566
List4Session2,4,2,2,429,50,2,REBEL,2,bungus,1,737,nw,nw,rel,1,-0.586917,204,737,737,-0.59133,-0.587198
List4Session2,4,2,2,430,50,2,DECIDE,2,enlirondent,1,738,nw,nw,nw,1,-0.583232,204,738,738,-0.587235,-0.582902
List4Session2,4,2,2,431,50,2,BLOOD,4,alrica,1,692,nw,nw,nw,1,-0.75276,204,692,692,-0.775611,-0.780549
List4Session2,4,2,2,432,50,1,ROCK,1,stone,1,727,first,rel,nw,1,-0.117947,104,727,727,-0.044213,0.027812
List4Session2,4,2,2,433,50,2,WEED,3,atch,1,617,nw,nw,rel,1,-1.029164,204,617,617,-1.082746,-1.1028
List4Session2,4,2,2,434,50,1,FRATERNITY,1,sorority,1,2031,first,rel,nw,1,4.521109,104,#NULL!,#NULL!,#NULL!,#NULL!
List4Session2,4,2,2,435,50,1,TOURIST,1,camera,1,574,first,rel,rel,1,-0.662253,104,574,574,-0.711513,-0.729347
List4Session2,4,2,2,436,50,2,TALK,3,selch,1,950,nw,nw,rel,1,0.198072,204,950,950,0.280935,0.327994
List4Session2,4,2,2,437,50,2,OVEN,4,beminning,1,1039,nw,nw,nw,1,0.526072,204,1039,1039,0.645402,0.710399
List4Session2,4,2,2,438,50,1,LAUNCH,3,white,1,1316,first,un,nw,1,1.977455,104,1316,1316,2.524673,2.942627
List4Session2,4,2,2,439,50,2,SELFISH,3,ofpice,1,559,nw,nw,un,1,-1.242917,204,559,559,-1.320264,-1.352007
List4Session2,4,2,2,440,50,2,BANDAID,3,nath,1,919,nw,nw,nw,1,0.083825,204,919,919,0.153985,0.194797
List4Session2,4,2,2,441,50,1,HEROIN,4,abuse,1,753,other,un,nw,1,-0.118822,101,753,753,-0.085905,-0.021848
List4Session2,4,2,2,442,50,2,RING,2,pisc,1,610,nw,nw,un,1,-1.054962,204,610,610,-1.111412,-1.132877
List4Session2,4,2,2,443,50,2,ALCOHOL,2,rumes,1,1385,nw,nw,nw,1,1.801218,204,1385,1385,2.06232,2.19705
List4Session2,4,2,2,444,50,1,ALBUM,1,record,1,592,first,rel,nw,1,-0.598217,104,592,592,-0.633007,-0.64027
List4Session2,4,2,2,445,50,2,SIREN,2,salp,1,855,nw,nw,rel,1,-0.152041,204,855,855,-0.108104,-0.08019
List4Session2,4,2,2,446,50,2,AWARD,3,rew,1,1157,nw,nw,nw,1,0.960948,204,1157,1157,1.128628,1.217407
List4Session2,4,2,2,447,50,1,BONDAGE,4,usa,0,1637,other,un,nw,0,#NULL!,#NULL!,#NULL!,#NULL!,#NULL!,#NULL!
List4Session2,4,2,2,448,50,1,JAIL,3,aluminum,1,1251,first,un,un,1,1.746214,104,1251,1251,2.241179,2.620958
List4Session2,4,2,2,449,50,1,BLANKET,3,why,1,703,first,un,un,1,-0.203328,104,703,703,-0.148887,-0.090958
List4Session2,4,2,2,450,50,2,TRUCK,2,scienme,1,1698,nw,nw,un,1,2.954746,204,#NULL!,1698,#NULL!,3.344098
List4Session2,4,2,2,451,50,2,JUSTICE,4,spraight,1,1037,nw,nw,nw,1,0.518701,204,1037,1037,0.637212,0.701805
List4Session2,4,2,2,452,50,2,DATE,3,preat,1,947,nw,nw,nw,1,0.187016,204,947,947,0.268649,0.315104
List4Session2,4,2,2,453,50,2,SECTION,2,naste,1,1004,nw,nw,nw,1,0.397083,204,1004,1004,0.502072,0.560015
List4Session2,4,2,2,454,50,2,GRAVY,4,yug,1,1523,nw,nw,nw,1,2.309802,204,1523,1523,2.627449,2.789992
List4Session2,4,2,2,455,50,1,NO,3,advice,1,661,first,un,nw,1,-0.352746,104,661,661,-0.332068,-0.298806
List4Session2,4,2,2,456,50,2,LUBRICATE,4,breate,1,1369,nw,nw,un,1,1.742252,204,1369,1369,1.996798,2.128303
List4Session2,4,2,2,457,50,2,LOW,3,questiop,1,801,nw,nw,nw,1,-0.351052,204,801,801,-0.329241,-0.312211
List4Session2,4,2,2,458,50,2,STOLEN,2,teb,1,656,nw,nw,nw,1,-0.885434,204,656,656,-0.923036,-0.93523
List4Session2,4,2,2,459,50,1,PUT,2,away,1,996,other,rel,nw,1,0.804624,101,996,996,0.915767,1.099477
List4Session2,4,2,2,460,50,2,SNAP,1,brime,1,493,nw,nw,rel,1,-1.486153,204,493,493,-1.590544,-1.635588
List4Session2,4,2,2,461,50,2,TABLET,3,nobe,1,760,nw,nw,nw,1,-0.502153,204,760,760,-0.497142,-0.488375
List4Session2,4,2,2,462,50,2,LAB,1,nop,1,1048,nw,nw,nw,1,0.55924,204,1048,1048,0.682258,0.749069
List4Session2,4,2,2,463,50,1,BURDEN,2,load,1,766,other,rel,nw,1,-0.069419,101,766,766,-0.032317,0.03814
List4Session2,4,2,2,464,50,2,CENTRAL,2,grops,1,799,nw,nw,rel,1,-0.358423,204,799,799,-0.337431,-0.320804
List4Session2,4,2,2,465,50,1,MEMORIAL,1,service,1,606,first,rel,nw,1,-0.548411,104,606,606,-0.571947,-0.570987
List4Session2,4,2,2,466,50,1,SHOCK,1,electric,1,1124,first,rel,rel,1,1.294404,104,1124,1124,1.687277,1.992467
List4Session2,4,2,2,467,50,2,SOUTHERN,2,sepretary,1,1030,nw,nw,rel,1,0.492903,204,1030,1030,0.608546,0.671729
List4Session2,4,2,2,468,50,2,TWIST,3,elergency,1,1053,nw,nw,nw,1,0.577667,204,1053,1053,0.702734,0.770552
List4Session2,4,2,2,469,50,1,FEED,1,eat,1,642,first,rel,nw,1,-0.420339,104,642,642,-0.414935,-0.392832
List4Session2,4,2,2,470,50,1,TEMPLE,1,church,1,711,first,rel,rel,1,-0.174868,104,711,711,-0.113996,-0.051368
List4Session2,4,2,2,471,50,1,MOW,3,run,1,586,first,un,rel,1,-0.619562,104,586,586,-0.659175,-0.669962
List4Session2,4,2,2,472,50,1,BOUQUET,1,flowers,1,658,first,rel,un,1,-0.363418,104,658,658,-0.345152,-0.313652
List4Session2,4,2,2,473,50,1,DEBATE,3,president,1,663,first,un,rel,1,-0.34563,104,663,663,-0.323345,-0.288908
List4Session2,4,2,2,474,50,1,SUPERIOR,3,tall,1,731,first,un,un,1,-0.103716,104,731,731,-0.026767,0.047607
List4Session2,4,2,2,475,50,2,LENS,1,rovement,1,782,nw,nw,un,1,-0.421074,204,782,782,-0.407049,-0.393848
List4Session2,4,2,2,476,50,2,MOUNTAIN,2,exglain,1,989,nw,nw,nw,1,0.341802,204,989,989,0.440645,0.495565
List4Session2,4,2,2,477,50,2,PRONOUN,4,mabbit,1,708,nw,nw,nw,1,-0.693793,204,708,708,-0.710089,-0.711802
List4Session2,4,2,2,478,50,1,PAN,3,strap,1,952,first,un,nw,1,0.682504,104,952,952,0.93711,1.141281
List4Session2,4,2,2,479,50,2,ALONE,3,stades,1,737,nw,nw,un,1,-0.586917,204,737,737,-0.59133,-0.587198
List4Session2,4,2,2,480,50,1,SPAGHETTI,1,sauce,1,834,first,rel,nw,1,0.262712,104,834,834,0.422461,0.557328
List4Session2,4,2,2,481,50,2,WOOL,4,chenf,1,623,nw,nw,rel,1,-1.007052,204,623,623,-1.058176,-1.07702
List4Session2,4,2,2,482,50,1,FAKE,1,real,1,566,first,rel,nw,1,-0.690714,104,566,566,-0.746404,-0.768937
List4Session2,4,2,2,483,50,2,GROVE,4,crob,1,527,nw,nw,rel,1,-1.36085,204,527,527,-1.451309,-1.489501
List4Session2,4,2,2,484,50,1,JELLY,4,spanish,1,585,other,un,nw,1,-0.757253,101,585,585,-0.778418,-0.797086
List4Session2,4,2,2,485,50,1,NATION,4,tree,1,512,other,un,un,1,-1.034667,101,512,512,-1.079332,-1.133945
List4Session2,4,2,2,486,50,2,FLUSH,4,isportant,1,650,nw,nw,un,1,-0.907546,204,650,650,-0.947607,-0.96101
List4Session2,4,2,2,487,50,2,OUTRAGEOUS,4,gackward,1,591,nw,nw,nw,1,-1.124985,204,591,591,-1.18922,-1.214514
List4Session2,4,2,2,488,50,1,COMMA,2,english,1,535,other,rel,nw,1,-0.947263,101,535,535,-0.984524,-1.027811
List4Session2,4,2,2,489,50,1,BOY,2,george,0,609,other,rel,rel,0,#NULL!,#NULL!,#NULL!,#NULL!,#NULL!,#NULL!
List4Session2,4,2,2,490,50,2,WELCOME,1,fependent,1,903,nw,nw,rel,1,0.024858,204,903,903,0.088463,0.12605
List4Session2,4,2,2,491,50,2,LOTS,1,trean,1,1026,nw,nw,nw,1,0.478162,204,1026,1026,0.592165,0.654542
List4Session2,4,2,2,492,50,2,DECEPTION,2,preathe,1,808,nw,nw,nw,1,-0.325254,204,808,808,-0.300575,-0.282134
List4Session2,4,2,2,493,50,2,SECURITY,2,yose,1,759,nw,nw,nw,1,-0.505838,204,759,759,-0.501237,-0.492672
List4Session2,4,2,2,494,50,1,CHOP,4,learn,1,824,other,un,nw,1,0.150992,101,824,824,0.206765,0.305782
List4Session2,4,2,2,495,50,2,WATCH,4,faj,1,822,nw,nw,un,1,-0.273659,204,822,822,-0.243243,-0.221981
List4Session2,4,2,2,496,50,1,FLYING,3,personality,1,1189,first,un,nw,1,1.525645,104,1189,1189,1.97077,2.314136
List4Session2,4,2,2,497,50,1,COOL,2,air,1,580,other,rel,un,1,-0.776254,101,580,580,-0.799029,-0.820158
List4Session2,4,2,2,498,50,1,ATTENTION,1,span,1,1421,first,rel,rel,1,2.350999,104,1421,1421,2.982623,3.462246
List4Session2,4,2,2,499,50,1,TRUTHFUL,3,leaf,1,580,first,un,rel,1,-0.640908,104,580,580,-0.685344,-0.699655
List4Session2,4,2,2,500,50,2,CEREAL,1,kew,1,636,nw,nw,un,1,-0.959142,204,636,636,-1.004939,-1.021163
List4Session2,4,2,2,501,50,2,UNDECIDED,4,funpy,1,897,nw,nw,nw,1,0.002746,204,897,897,0.063892,0.10027
List4Session2,4,2,2,502,50,2,SHOW,1,oub,1,605,nw,nw,nw,1,-1.073389,204,605,605,-1.131888,-1.15436
List4Session2,4,2,2,503,50,1,MINUTES,3,lonely,1,771,first,un,nw,1,0.038586,104,771,771,0.14769,0.245557
List4Session2,4,2,2,504,50,1,LAUGH,1,cry,1,660,first,rel,un,1,-0.356303,104,660,660,-0.336429,-0.303754
List4Session2,4,2,2,505,50,2,GRADUATION,2,clane,1,777,nw,nw,rel,1,-0.439501,204,777,777,-0.427524,-0.415331
List4Session2,4,2,2,506,50,1,PASS,3,jogger,1,681,first,un,nw,1,-0.281594,104,681,681,-0.244839,-0.199831
List4Session2,4,2,2,507,50,1,PROFESSOR,2,teach,1,493,other,rel,un,1,-1.106871,101,493,493,-1.157652,-1.221621
List4Session2,4,2,2,508,50,1,SPOUSE,3,toes,1,601,first,un,rel,1,-0.566199,104,601,601,-0.593754,-0.595731
List4Session2,4,2,2,509,50,2,DILEMMA,2,chetistry,1,974,nw,nw,un,1,0.286521,204,974,974,0.379218,0.431115
List4Session2,4,2,2,510,50,1,NUMBERS,2,add,1,503,other,rel,nw,1,-1.068869,101,503,503,-1.116431,-1.175476
List4Session2,4,2,2,511,50,2,HUNGER,2,rittle,1,626,nw,nw,rel,1,-0.995996,204,626,626,-1.04589,-1.06413
List4Session2,4,2,2,512,50,1,EVER,1,never,1,648,first,rel,nw,1,-0.398994,104,648,648,-0.388766,-0.363139
List4Session2,4,2,2,513,50,1,HUSBAND,3,period,1,573,first,un,rel,1,-0.665811,104,573,573,-0.715874,-0.734296
List4Session2,4,2,2,514,50,2,SOMETHING,2,mositive,1,1078,nw,nw,un,1,0.669802,204,1078,1078,0.805112,0.877969
List4Session2,4,2,2,515,50,1,CACTUS,2,spine,1,586,other,rel,nw,1,-0.753453,101,586,586,-0.774296,-0.792471
List4Session2,4,2,2,516,50,2,ELEMENTS,3,gries,1,914,nw,nw,rel,1,0.065398,204,914,914,0.13351,0.173314
List4Session2,4,2,2,517,50,2,WRAP,2,selt,1,718,nw,nw,nw,1,-0.656939,204,718,718,-0.669137,-0.668835
List4Session2,4,2,2,518,50,2,SOUND,1,cenler,1,719,nw,nw,nw,1,-0.653254,204,719,719,-0.665042,-0.664539
List4Session2,4,2,2,519,50,2,MULE,4,calt,1,657,nw,nw,nw,1,-0.881749,204,657,657,-0.918941,-0.930933
List4Session2,4,2,2,520,50,2,MARIJUANA,4,dist,1,774,nw,nw,nw,1,-0.450557,204,774,774,-0.43981,-0.428221
List4Session2,4,2,2,521,50,1,DISOWN,3,patient,1,710,first,un,nw,1,-0.178425,104,710,710,-0.118357,-0.056317
List4Session2,4,2,2,522,50,1,PLAIN,3,unclear,1,696,first,un,un,1,-0.228231,104,696,696,-0.179417,-0.125599
List4Session2,4,2,2,523,50,1,HELMET,1,motorcycle,1,668,first,rel,un,1,-0.327843,104,668,668,-0.301538,-0.264164
List4Session2,4,2,2,524,50,1,CENTURY,3,elect,1,640,first,un,rel,1,-0.427454,104,640,640,-0.423658,-0.402729
List4Session2,4,2,2,525,50,1,JAWS,3,stripe,1,742,first,un,un,1,-0.064583,104,742,742,0.021209,0.102043
List4Session2,4,2,2,526,50,1,FRIENDLINESS,1,nice,1,616,first,rel,un,1,-0.512836,104,616,616,-0.528332,-0.5215
List4Session2,4,2,2,527,50,1,DUPLICATE,4,TRUE,1,494,other,un,rel,1,-1.103071,101,494,494,-1.15353,-1.217006
List4Session2,4,2,2,528,50,2,CHOOSE,3,fath,0,506,nw,nw,un,0,#NULL!,#NULL!,#NULL!,#NULL!,#NULL!,#NULL!
List4Session2,4,2,2,529,50,2,GUESS,1,omeripan,1,677,nw,nw,nw,1,-0.808041,204,677,677,-0.837038,-0.844999
List4Session2,4,2,2,530,50,2,INSECURE,1,locaine,1,826,nw,nw,nw,1,-0.258917,204,826,826,-0.226863,-0.204794
List4Session2,4,2,2,531,50,2,BANKER,2,recision,1,1352,nw,nw,nw,1,1.6796,204,1352,1352,1.92718,2.055259
List4Session2,4,2,2,532,50,1,ROUGH,1,smooth,1,496,first,rel,nw,1,-0.939743,104,496,496,-1.051705,-1.11535
List4Session2,4,2,2,533,50,1,STIMULUS,4,monk,1,860,other,un,rel,1,0.287798,101,860,860,0.355161,0.471904
List4Session2,4,2,2,534,50,1,DELICIOUS,1,tasty,1,569,first,rel,un,1,-0.680041,104,569,569,-0.73332,-0.754091
List4Session2,4,2,2,535,50,2,SIDEWALK,2,basim,1,673,nw,nw,rel,1,-0.822782,204,673,673,-0.853419,-0.862186
List4Session2,4,2,2,536,50,2,MENTAL,1,extale,1,1268,nw,nw,nw,1,1.370027,204,1268,1268,1.583189,1.694338
List4Session2,4,2,2,537,50,1,CABBAGE,2,vegetable,1,1568,other,rel,nw,1,2.978332,101,#NULL!,1568,#NULL!,3.273611
List4Session2,4,2,2,538,50,2,BRAVADO,2,sar,1,721,nw,nw,rel,1,-0.645883,204,721,721,-0.656852,-0.655945
List4Session2,4,2,2,539,50,2,STUMP,4,neaning,1,1203,nw,nw,nw,1,1.130476,204,1203,1203,1.317005,1.415054
List4Session2,4,2,2,540,50,2,COUGH,1,volpano,1,691,nw,nw,nw,1,-0.756445,204,691,691,-0.779706,-0.784846
List4Session2,4,2,2,541,50,2,AGRICULTURE,3,bew,1,742,nw,nw,nw,1,-0.56849,204,742,742,-0.570854,-0.565715
List4Session2,4,2,2,542,50,1,SOON,4,general,1,696,other,un,nw,1,-0.335433,101,696,696,-0.320865,-0.284875
List4Session2,4,2,2,543,50,2,PRODUCER,2,patholic,1,1003,nw,nw,un,1,0.393398,204,1003,1003,0.497977,0.555718
List4Session2,4,2,2,544,50,2,INVENT,1,belp,1,609,nw,nw,nw,1,-1.058647,204,609,609,-1.115508,-1.137173
List4Session2,4,2,2,545,50,2,FAVORITE,1,mealth,1,824,nw,nw,nw,1,-0.266288,204,824,824,-0.235053,-0.213387
List4Session2,4,2,2,546,50,2,LEAST,3,apake,1,1046,nw,nw,nw,1,0.55187,204,1046,1046,0.674068,0.740476
List4Session2,4,2,2,547,50,2,CROSS,4,drinp,1,747,nw,nw,nw,1,-0.550063,204,747,747,-0.550378,-0.544232
List4Session2,4,2,2,548,50,2,HORNET,4,tebevision,1,1069,nw,nw,nw,1,0.636634,204,1069,1069,0.768256,0.839299
List4Session2,4,2,2,549,50,1,OPENING,1,closing,1,545,first,rel,nw,1,-0.765422,104,545,545,-0.837994,-0.872861
List4Session2,4,2,2,550,50,1,CONTEXT,4,need,1,586,other,un,rel,1,-0.753453,101,586,586,-0.774296,-0.792471
List4Session2,4,2,2,551,50,1,SUPER,2,me,1,801,other,rel,un,1,0.063587,101,801,801,0.111956,0.199648
List4Session2,4,2,2,552,50,2,HOOP,3,garnate,1,1265,nw,nw,rel,1,1.358971,204,1265,1265,1.570903,1.681448
List4Session2,4,2,2,553,50,2,DROWN,4,pyrup,1,734,nw,nw,nw,1,-0.597973,204,734,734,-0.603615,-0.600089
List4Session2,4,2,2,554,50,2,PENNY,2,pagger,1,1215,nw,nw,nw,1,1.174701,204,1215,1215,1.366146,1.466614
List4Session2,4,2,2,555,50,2,LUST,4,atarkment,1,1101,nw,nw,nw,1,0.754566,204,1101,1101,0.899301,0.976793
List4Session2,4,2,2,556,50,1,SNAKE,2,rattle,1,895,other,rel,nw,1,0.420805,101,895,895,0.499434,0.633412
List4Session2,4,2,2,557,50,2,AUTUMN,2,wimter,1,827,nw,nw,rel,1,-0.255232,204,827,827,-0.222767,-0.200497
List4Session2,4,2,2,558,50,1,FREEZER,2,refrigerato,1,1001,other,rel,nw,1,0.823625,101,1001,1001,0.936377,1.12255
List4Session2,4,2,2,559,50,1,UNTRUTHFUL,2,truth,1,496,other,rel,rel,1,-1.09547,101,496,496,-1.145286,-1.207777
List4Session2,4,2,2,560,50,1,IRRITATE,4,day,1,652,other,un,rel,1,-0.502641,101,652,652,-0.502237,-0.487914
List4Session2,4,2,2,561,50,2,SNOT,1,emdire,1,609,nw,nw,un,1,-1.058647,204,609,609,-1.115508,-1.137173
List4Session2,4,2,2,562,50,1,COVER,1,lid,1,504,first,rel,nw,1,-0.911282,104,504,504,-1.016813,-1.07576
List4Session2,4,2,2,563,50,1,JOINT,2,account,1,562,other,rel,rel,1,-0.844658,101,562,562,-0.873227,-0.90322
List4Session2,4,2,2,564,50,2,CONSCIENCE,2,vapuable,1,588,nw,nw,rel,1,-1.136041,204,588,588,-1.201505,-1.227404
List4Session2,4,2,2,565,50,1,TREES,4,booze,1,707,other,un,nw,1,-0.29363,101,707,707,-0.275522,-0.234116
List4Session2,4,2,2,566,50,2,CURVE,1,metchup,1,661,nw,nw,un,1,-0.867007,204,661,661,-0.90256,-0.913746
List4Session2,4,2,2,567,50,2,BLOT,4,sny,1,906,nw,nw,nw,1,0.035915,204,906,906,0.100749,0.13894
List4Session2,4,2,2,568,50,2,MASTERY,1,naxi,1,581,nw,nw,nw,1,-1.161838,204,581,581,-1.230171,-1.25748
List4Session2,4,2,2,569,50,2,FIGHT,1,poot,1,668,nw,nw,nw,1,-0.841209,204,668,668,-0.873894,-0.883669
List4Session2,4,2,2,570,50,1,RIGHTEOUS,3,soap,1,849,first,un,nw,1,0.316075,104,849,849,0.487882,0.63156
List4Session2,4,2,2,571,50,2,DISTANCE,1,vumble,1,734,nw,nw,un,1,-0.597973,204,734,734,-0.603615,-0.600089
List4Session2,4,2,2,572,50,1,HAIRCUT,4,land,1,559,other,un,nw,1,-0.856058,101,559,559,-0.885593,-0.917063
List4Session2,4,2,2,573,50,1,HUSKY,2,boys,1,663,other,rel,un,1,-0.460839,101,663,663,-0.456894,-0.437154
List4Session2,4,2,2,574,50,2,WHEN,1,igea,1,589,nw,nw,rel,1,-1.132355,204,589,589,-1.19741,-1.223107
List4Session2,4,2,2,575,50,1,TUSK,3,mold,1,628,first,un,nw,1,-0.470145,104,628,628,-0.475995,-0.462114
List4Session2,4,2,2,576,50,2,RIGHTS,3,breanfant,1,715,nw,nw,un,1,-0.667996,204,715,715,-0.681423,-0.681725
List4Session2,4,2,2,577,50,2,BAGEL,2,clup,1,782,nw,nw,nw,1,-0.421074,204,782,782,-0.407049,-0.393848
List4Session2,4,2,2,578,50,2,FORESIGHT,4,pifferent,1,846,nw,nw,nw,1,-0.185209,204,846,846,-0.14496,-0.11886
List4Session2,4,2,2,579,50,1,SHEETS,2,satin,1,1147,other,rel,nw,1,1.378453,101,1147,1147,1.538205,1.796268
List4Session2,4,2,2,580,50,2,COUPLE,4,geg,1,654,nw,nw,rel,1,-0.892805,204,654,654,-0.931226,-0.943823
List4Session2,4,2,2,581,50,2,LOVING,1,prenent,1,978,nw,nw,nw,1,0.301263,204,978,978,0.395599,0.448301
List4Session2,4,2,2,582,50,2,CABINET,3,hozy,1,1451,nw,nw,nw,1,2.044454,204,1451,1451,2.332599,2.480631
List4Session2,4,2,2,583,50,1,PLAZA,1,mall,1,655,first,rel,nw,1,-0.374091,104,655,655,-0.358236,-0.328498
List4Session2,4,2,2,584,50,2,EXPLOSION,3,roise,1,1091,nw,nw,rel,1,0.717712,204,1091,1091,0.858349,0.933826
List4Session2,4,2,2,585,50,2,EXPENSIVE,1,pold,1,711,nw,nw,nw,1,-0.682737,204,711,711,-0.697803,-0.698912
List4Session2,4,2,2,586,50,1,GRAPE,3,thursday,1,1546,first,un,nw,1,2.795693,104,#NULL!,1546,#NULL!,3.527803
List4Session2,4,2,2,587,50,2,LION,3,pastle,1,859,nw,nw,un,1,-0.137299,204,859,859,-0.091723,-0.063004
List4Session2,4,2,2,588,50,2,INCLINE,4,heanashe,1,1337,nw,nw,nw,1,1.624319,204,1337,1337,1.865753,1.990809
List4Session2,4,2,2,589,50,2,DISSOLVE,2,buminess,1,946,nw,nw,nw,1,0.18333,204,946,946,0.264554,0.310808
List4Session2,4,2,2,590,50,1,ETHICS,2,code,1,588,other,rel,nw,1,-0.745853,101,588,588,-0.766052,-0.783242
List4Session2,4,2,2,591,50,1,CANYON,1,grand,1,612,first,rel,rel,1,-0.527066,104,612,612,-0.545778,-0.541295
List4Session2,4,2,2,592,50,2,PARTY,2,chrimtpas,1,635,nw,nw,rel,1,-0.962827,204,635,635,-1.009034,-1.02546
List4Session2,4,2,2,593,50,2,NOTE,3,admenpure,1,592,nw,nw,nw,1,-1.121299,204,592,592,-1.185125,-1.210217
List4Session2,4,2,2,594,50,1,CHARM,1,bracelet,1,600,first,rel,nw,1,-0.569757,104,600,600,-0.598115,-0.60068
List4Session2,4,2,2,595,50,1,STAMP,2,card,1,1040,other,rel,rel,1,0.971832,101,1040,1040,1.09714,1.302516
List4Session2,4,2,2,596,50,1,SPRINKLE,4,lie,1,565,other,un,rel,1,-0.833257,101,565,565,-0.860861,-0.889376
List4Session2,4,2,2,597,50,1,CLIMATE,3,none,1,590,first,un,un,1,-0.605332,104,590,590,-0.64173,-0.650167
List4Session2,4,2,2,598,50,2,BEAUTIFUL,1,ane,1,726,nw,nw,un,1,-0.627456,204,726,726,-0.636376,-0.634462
List4Session2,4,2,2,599,50,1,HAVE,1,own,1,601,first,rel,nw,1,-0.566199,104,601,601,-0.593754,-0.595731
List4Session2,4,2,2,600,50,1,AGREEMENT,3,high,1,527,first,un,rel,1,-0.829458,104,527,527,-0.9165,-0.961938
List4Session2,4,2,2,601,50,1,VOTE,3,trouble,1,748,first,un,un,1,-0.043238,104,748,748,0.047377,0.131736
List4Session2,4,2,2,602,50,2,SPOILED,1,mutter,0,590,nw,nw,un,0,#NULL!,#NULL!,#NULL!,#NULL!,#NULL!,#NULL!
List4Session2,4,2,2,603,50,2,LOUD,2,prafts,1,1189,nw,nw,nw,1,1.078881,204,1189,1189,1.259673,1.354901
List4Session2,4,2,2,604,50,2,RUSSIA,1,anound,1,1604,nw,nw,nw,1,2.608319,204,#NULL!,1604,#NULL!,2.959155
List4Session2,4,2,2,605,50,1,FILTHY,2,bum,1,867,other,rel,nw,1,0.3144,101,867,867,0.384015,0.504206
List4Session2,4,2,2,606,50,1,RIDER,2,cowboy,1,544,other,rel,rel,1,-0.913061,101,544,544,-0.947425,-0.986281
List4Session2,4,2,2,607,50,1,ORIENT,2,asia,1,649,other,rel,rel,1,-0.514041,101,649,649,-0.514604,-0.501757
List4Session2,4,2,2,608,50,2,DISINTEGRATE,4,jow,1,894,nw,nw,rel,1,-0.00831,204,894,894,0.051607,0.08738
List4Session2,4,2,2,609,50,2,PAGE,2,warl,1,1210,nw,nw,nw,1,1.156274,204,1210,1210,1.345671,1.445131
List4Session2,4,2,2,610,50,2,EYEBALL,3,inderior,1,1097,nw,nw,nw,1,0.739825,204,1097,1097,0.88292,0.959606
List4Session2,4,2,2,611,50,1,LINGERIE,3,attic,1,860,first,un,nw,1,0.355208,104,860,860,0.535858,0.685996
List4Session2,4,2,2,612,50,2,LEASE,3,teln,1,682,nw,nw,un,1,-0.789614,204,682,682,-0.816562,-0.823516
List4Session2,4,2,2,613,50,2,SICKLE,1,spail,1,781,nw,nw,nw,1,-0.42476,204,781,781,-0.411144,-0.398145
List4Session2,4,2,2,614,50,1,STICKER,4,clean,1,845,other,un,nw,1,0.230796,101,845,845,0.293329,0.402687
List4Session2,4,2,2,615,50,2,BECOME,4,plint,1,650,nw,nw,un,1,-0.907546,204,650,650,-0.947607,-0.96101
List4Session2,4,2,2,616,50,1,FRIDAY,1,weekend,1,800,first,rel,nw,1,0.141755,104,800,800,0.274172,0.389071
List4Session2,4,2,2,617,50,1,THIRSTY,2,dry,1,591,other,rel,rel,1,-0.734452,101,591,591,-0.753686,-0.769399
List4Session2,4,2,2,618,50,1,SOLDIER,2,brave,1,598,other,rel,rel,1,-0.707851,101,598,598,-0.724831,-0.737097
List4Session2,4,2,2,619,50,1,UNCOMMON,4,cologne,1,942,other,un,rel,1,0.599414,101,942,942,0.693173,0.850294
List4Session2,4,2,2,620,50,1,PLATE,2,saucer,1,711,other,rel,un,1,-0.27843,101,711,711,-0.259033,-0.215658
List4Session2,4,2,2,621,50,2,BIBLE,2,praw,1,697,nw,nw,rel,1,-0.734333,204,697,697,-0.755135,-0.759066
List4Session2,4,2,2,622,50,2,COMMANDER,1,plide,1,1005,nw,nw,nw,1,0.400769,204,1005,1005,0.506167,0.564312
List4Session2,4,2,2,623,50,1,WHEAT,4,you,1,595,other,un,nw,1,-0.719252,101,595,595,-0.737197,-0.750941
List4Session2,4,2,2,624,50,1,BISON,3,year,1,666,first,un,un,1,-0.334958,104,666,666,-0.310261,-0.274062
List4Session2,4,2,2,625,50,1,THERAPY,4,offense,1,703,other,un,un,1,-0.308831,101,703,703,-0.29201,-0.252574
List4Session2,4,2,2,626,50,2,GUN,3,honetsy,1,1538,nw,nw,un,1,2.365083,204,1538,1538,2.688876,2.854442
List4Session2,4,2,2,627,50,1,VEGETABLES,2,broccoli,1,1827,other,rel,nw,1,3.962581,101,#NULL!,#NULL!,#NULL!,#NULL!
List4Session2,4,2,2,628,50,1,BIRTHDAY,4,hill,1,586,other,un,rel,1,-0.753453,101,586,586,-0.774296,-0.792471
List4Session2,4,2,2,629,50,2,TENOR,2,guarm,1,786,nw,nw,un,1,-0.406333,204,786,786,-0.390668,-0.376661
List4Session2,4,2,2,630,50,2,HELP,4,oxit,1,770,nw,nw,nw,1,-0.465299,204,770,770,-0.45619,-0.445408
List4Session2,4,2,2,631,50,2,CROCHET,3,drine,1,803,nw,nw,nw,1,-0.343681,204,803,803,-0.321051,-0.303618
List4Session2,4,2,2,632,50,1,INFERNO,4,last,1,674,other,un,nw,1,-0.419037,101,674,674,-0.411551,-0.386395
List4Session2,4,2,2,633,50,2,LIBERTY,3,plave,1,1141,nw,nw,un,1,0.901982,204,1141,1141,1.063106,1.14866
List4Session2,4,2,2,634,50,1,FAD,1,fashion,1,727,first,rel,nw,1,-0.117947,104,727,727,-0.044213,0.027812
List4Session2,4,2,2,635,50,1,START,2,begin,1,650,other,rel,rel,1,-0.510241,101,650,650,-0.510482,-0.497143
List4Session2,4,2,2,636,50,1,DETACH,3,freedom,1,670,first,un,rel,1,-0.320728,104,670,670,-0.292815,-0.254267
List4Session2,4,2,2,637,50,2,VIOLIN,2,vod,1,643,nw,nw,un,1,-0.933344,204,643,643,-0.976273,-0.991086
List4Session2,4,2,2,638,50,1,SOIL,3,marry,1,536,first,un,nw,1,-0.79744,104,536,536,-0.877247,-0.9174
List4Session2,4,2,2,639,50,2,MUG,1,maper,1,578,nw,nw,un,1,-1.172895,204,578,578,-1.242457,-1.270371
List4Session2,4,2,2,640,50,1,TOUCHDOWN,2,seven,1,795,other,rel,nw,1,0.040786,101,795,795,0.087224,0.171961
List4Session2,4,2,2,641,50,1,ADJECTIVE,2,blue,1,618,other,rel,rel,1,-0.631847,101,618,618,-0.642389,-0.644807
List4Session2,4,2,2,642,50,1,HARP,2,angel,1,512,other,rel,rel,1,-1.034667,101,512,512,-1.079332,-1.133945
List4Session2,4,2,2,643,50,2,ANXIETY,1,bilty,1,1034,nw,nw,rel,1,0.507645,204,1034,1034,0.624926,0.688915
List4Session2,4,2,2,644,50,2,ENTRANCE,1,brinain,1,817,nw,nw,nw,1,-0.292086,204,817,817,-0.263719,-0.243464
List4Session2,4,2,2,645,50,2,POST,1,smill,1,1023,nw,nw,nw,1,0.467106,204,1023,1023,0.57988,0.641652
List4Session2,4,2,2,646,50,1,UNCOOKED,3,gift,1,949,first,un,nw,1,0.671831,104,949,949,0.924026,1.126435
List4Session2,4,2,2,647,50,1,BRICK,2,layer,1,1118,other,rel,un,1,1.268247,101,1118,1118,1.418664,1.662448
List4Session2,4,2,2,648,50,1,THIGH,2,hip,1,656,other,rel,rel,1,-0.48744,101,656,656,-0.485749,-0.469456
List4Session2,4,2,2,649,50,2,INTAKE,4,von,1,566,nw,nw,rel,1,-1.217119,204,566,566,-1.291598,-1.321931
List4Session2,4,2,2,650,50,2,CHISEL,4,kint,1,1085,nw,nw,nw,1,0.6956,204,1085,1085,0.833778,0.908046
List4Session2,4,2,2,651,50,1,GUMS,1,teeth,1,561,first,rel,nw,1,-0.708501,104,561,561,-0.768211,-0.793681
List4Session2,4,2,2,652,50,1,BRING,4,answer,1,505,other,un,rel,1,-1.061269,101,505,505,-1.108187,-1.166247
List4Session2,4,2,2,653,50,2,CORPORATION,1,teght,1,741,nw,nw,un,1,-0.572175,204,741,741,-0.574949,-0.570012
List4Session2,4,2,2,654,50,1,HOSTAGE,4,heart,1,870,other,un,nw,1,0.3258,101,870,870,0.396382,0.518049
List4Session2,4,2,2,655,50,1,ANGRY,4,gamble,1,658,other,un,un,1,-0.47984,101,658,658,-0.477505,-0.460227
List4Session2,4,2,2,656,50,2,BELONG,4,toprano,1,727,nw,nw,un,1,-0.623771,204,727,727,-0.632281,-0.630165
List4Session2,4,2,2,657,50,1,SECRETIVE,3,fence,1,729,first,un,nw,1,-0.110832,104,729,729,-0.03549,0.037709
List4Session2,4,2,2,658,50,2,CHESS,2,sharm,1,811,nw,nw,un,1,-0.314198,204,811,811,-0.28829,-0.269244
List4Session2,4,2,2,659,50,1,TURN,3,say,1,538,first,un,nw,1,-0.790325,104,538,538,-0.868524,-0.907502
List4Session2,4,2,2,660,50,2,SKINNY,1,knon,1,722,nw,nw,un,1,-0.642198,204,722,722,-0.652757,-0.651649
List4Session2,4,2,2,661,50,1,FUN,4,poem,1,709,other,un,nw,1,-0.28603,101,709,709,-0.267277,-0.224887
List4Session2,4,2,2,662,50,1,DIRECTION,4,geek,1,1240,other,un,un,1,1.73187,101,1240,1240,1.921561,2.225418
List4Session2,4,2,2,663,50,1,FAILURE,3,write,1,597,first,un,un,1,-0.580429,104,597,597,-0.6112,-0.615526
List4Session2,4,2,2,664,50,2,HUE,3,nust,1,925,nw,nw,un,1,0.105937,204,925,925,0.178556,0.220577
List4Session2,4,2,2,665,50,2,SCALE,3,nomice,1,1240,nw,nw,nw,1,1.266836,204,1240,1240,1.468525,1.574031
List4Session2,4,2,2,666,50,1,HYGIENE,4,quack,1,982,other,un,nw,1,0.751421,101,982,982,0.858057,1.034874
List4Session2,4,2,2,667,50,1,OBLIGATION,1,duty,1,749,first,rel,un,1,-0.03968,104,749,749,0.051739,0.136685
List4Session2,4,2,2,668,50,2,POPE,2,bervous,1,895,nw,nw,rel,1,-0.004625,204,895,895,0.055702,0.091677
List4Session2,4,2,2,669,50,2,OPERATION,3,pired,1,1097,nw,nw,nw,1,0.739825,204,1097,1097,0.88292,0.959606
List4Session2,4,2,2,670,50,2,FROWN,3,sathproom,1,701,nw,nw,nw,1,-0.719591,204,701,701,-0.738755,-0.741879
List4Session2,4,2,2,671,50,1,ASPHALT,3,sister,1,672,first,un,nw,1,-0.313612,104,672,672,-0.284092,-0.244369
List4Session2,4,2,2,672,50,1,LOSE,4,style,1,820,other,un,un,1,0.135791,101,820,820,0.190276,0.287324
List4Session2,4,2,2,673,50,1,KID,1,child,1,818,first,rel,un,1,0.205791,104,818,818,0.352678,0.478148
List4Session2,4,2,2,674,50,2,PERCEPTION,3,chilken,1,768,nw,nw,rel,1,-0.47267,204,768,768,-0.464381,-0.454001
List4Session2,4,2,2,675,50,1,CANE,3,dill,1,1504,first,un,nw,1,2.646276,104,#NULL!,1504,#NULL!,3.344622
List4Session2,4,2,2,676,50,1,CRISIS,2,stress,1,884,other,rel,un,1,0.379003,101,884,884,0.454091,0.582652
List4Session2,4,2,2,677,50,1,TOMB,3,cave,1,719,first,un,rel,1,-0.146407,104,719,719,-0.079104,-0.011778
List4Session2,4,2,2,678,50,2,AHEAD,3,clomb,1,1040,nw,nw,un,1,0.529757,204,1040,1040,0.649497,0.714695
List4Session2,4,2,2,679,50,1,EVACUATE,2,earthquake,1,1110,other,rel,nw,1,1.237846,101,1110,1110,1.385687,1.625531
List4Session2,4,2,2,680,50,2,DAIRY,3,beeb,1,618,nw,nw,rel,1,-1.025479,204,618,618,-1.078651,-1.098503
List4Session2,4,2,2,681,50,1,TRICK,3,eggs,1,560,first,un,nw,1,-0.712059,104,560,560,-0.772573,-0.79863
List4Session2,4,2,2,682,50,2,SPLINTER,2,ganber,1,681,nw,nw,un,1,-0.793299,204,681,681,-0.820658,-0.827813
List4Session2,4,2,2,683,50,1,HISTORY,2,war,1,525,other,rel,nw,1,-0.985265,101,525,525,-1.025745,-1.073956
List4Session2,4,2,2,684,50,1,CABOOSE,4,minute,1,599,other,un,rel,1,-0.704051,101,599,599,-0.720709,-0.732483
List4Session2,4,2,2,685,50,2,BUSH,4,heak,1,814,nw,nw,un,1,-0.303142,204,814,814,-0.276004,-0.256354
List4Session2,4,2,2,686,50,2,WEAVE,1,pank,1,1885,nw,nw,nw,1,3.643915,204,#NULL!,#NULL!,#NULL!,#NULL!
List4Session2,4,2,2,687,50,1,FOIL,3,kidnap,1,688,first,un,nw,1,-0.256691,104,688,688,-0.214309,-0.165189
List4Session2,4,2,2,688,50,1,SASH,3,subtract,1,931,first,un,un,1,0.607795,104,931,931,0.84552,1.037357
List4Session2,4,2,2,689,50,1,RESCUE,2,ambulance,1,941,other,rel,un,1,0.595614,101,941,941,0.689051,0.845679
List4Session2,4,2,2,690,50,1,BREAK,4,nature,1,919,other,un,rel,1,0.51201,101,919,919,0.598365,0.74416
List4Session2,4,2,2,691,50,1,SEA,3,tears,1,577,first,un,un,1,-0.65158,104,577,577,-0.698428,-0.714501
List4Session2,4,2,2,692,50,2,SCIENTIST,2,fain,1,1321,nw,nw,un,1,1.565353,204,1321,1321,1.800231,1.922062
List4Session2,4,2,2,693,50,2,APPRAISE,1,wheme,1,867,nw,nw,nw,1,-0.107816,204,867,867,-0.058962,-0.02863
List4Session2,4,2,2,694,50,1,SAILING,4,dangerous,1,943,other,un,nw,1,0.603214,101,943,943,0.697295,0.854908
List4Session2,4,2,2,695,50,1,ABILITY,1,capability,1,793,first,rel,un,1,0.116852,104,793,793,0.243642,0.35443
List4Session2,4,2,2,696,50,1,THRIFT,1,save,1,984,first,rel,rel,1,0.796346,104,984,984,1.076676,1.299641
List4Session2,4,2,2,697,50,2,BENEFIT,3,rell,1,814,nw,nw,rel,1,-0.303142,204,814,814,-0.276004,-0.256354
List4Session2,4,2,2,698,50,1,DICE,1,game,1,622,first,rel,nw,1,-0.49149,104,622,622,-0.502164,-0.491807
List4Session2,4,2,2,699,50,2,ELABORATE,1,cetemony,1,1204,nw,nw,rel,1,1.134162,204,1204,1204,1.3211,1.419351
List4Session2,4,2,2,700,50,1,GATE,3,emotion,1,1251,first,un,nw,1,1.746214,104,1251,1251,2.241179,2.620958
List4Session2,4,2,2,701,50,1,COMEDY,4,finger,1,632,other,un,un,1,-0.578645,101,632,632,-0.584679,-0.580204
List4Session2,4,2,2,702,50,1,QUALITY,2,characteris,1,1071,other,rel,un,1,1.089638,101,1071,1071,1.224925,1.445566
List4Session2,4,2,2,703,50,1,MAGICIAN,1,magic,1,498,first,rel,rel,1,-0.932628,104,498,498,-1.042982,-1.105452
List4Session2,4,2,2,704,50,1,COFFEE,3,life,1,1006,first,un,rel,1,0.874612,104,1006,1006,1.172628,1.408514
List4Session2,4,2,2,705,50,2,RESPOND,4,ropten,1,757,nw,nw,un,1,-0.513209,204,757,757,-0.509427,-0.501265
List4Session2,4,2,2,706,50,2,EXAMPLE,3,dite,1,1142,nw,nw,nw,1,0.905667,204,1142,1142,1.067201,1.152957
List4Session2,4,2,2,707,50,1,LOFT,3,sample,1,615,first,un,nw,1,-0.516393,104,615,615,-0.532694,-0.526448
List4Session2,4,2,2,708,50,1,MUMMY,1,dad,1,542,first,rel,un,1,-0.776095,104,542,542,-0.851079,-0.887707
List4Session2,4,2,2,709,50,2,STUDY,4,fonest,1,710,nw,nw,rel,1,-0.686423,204,710,710,-0.701899,-0.703209
List4Session2,4,2,2,710,50,2,FADE,2,prackle,1,777,nw,nw,nw,1,-0.439501,204,777,777,-0.427524,-0.415331
List4Session2,4,2,2,711,50,2,LEAVES,4,vanues,1,714,nw,nw,nw,1,-0.671681,204,714,714,-0.685518,-0.686022
List4Session2,4,2,2,712,50,2,OASIS,4,caming,1,877,nw,nw,nw,1,-0.070962,204,877,877,-0.01801,0.014337
List4Session2,4,2,2,713,50,1,SPILL,2,drop,1,777,other,rel,nw,1,-0.027617,101,777,777,0.013026,0.0889
List4Session2,4,2,2,714,50,2,YOUNG,4,segure,1,649,nw,nw,rel,1,-0.911232,204,649,649,-0.951702,-0.965306
List4Session2,4,2,2,715,50,1,DOWN,4,nut,1,590,other,un,nw,1,-0.738253,101,590,590,-0.757808,-0.774013
List4Session2,4,2,2,716,50,2,CHANGE,3,dipe,1,710,nw,nw,un,1,-0.686423,204,710,710,-0.701899,-0.703209
List4Session2,4,2,2,717,50,2,MEADOW,1,paked,1,1256,nw,nw,nw,1,1.325802,204,1256,1256,1.534047,1.642778
List4Session2,4,2,2,718,50,1,VENUS,1,planet,1,597,first,rel,nw,1,-0.580429,104,597,597,-0.6112,-0.615526
List4Session2,4,2,2,719,50,1,SIGHT,2,vision,1,684,other,rel,rel,1,-0.381035,101,684,684,-0.37033,-0.340249
List4Session2,4,2,2,720,50,2,PLAYGROUND,2,eaply,1,704,nw,nw,rel,1,-0.708535,204,704,704,-0.726469,-0.728989
List4Session2,4,2,2,721,50,1,CORAL,1,reef,1,1140,first,rel,nw,1,1.351325,104,1140,1140,1.75706,2.071647
List4Session2,4,2,2,722,50,2,FOE,4,pogato,1,1157,nw,nw,rel,1,0.960948,204,1157,1157,1.128628,1.217407
List4Session2,4,2,2,723,50,1,SALE,1,bargain,1,935,first,rel,nw,1,0.622025,104,935,935,0.862966,1.057152
List4Session2,4,2,2,724,50,2,MATURE,2,bome,1,560,nw,nw,rel,1,-1.239232,204,560,560,-1.316169,-1.347711
List4Session2,4,2,2,725,50,2,ADVERTISEMENT,2,eighn,1,633,nw,nw,nw,1,-0.970198,204,633,633,-1.017224,-1.034053
List4Session2,4,2,2,726,50,2,ANISETTE,4,lond,1,687,nw,nw,nw,1,-0.771187,204,687,687,-0.796087,-0.802032
List4Session2,4,2,2,727,50,1,DEMOCRAT,1,republican,1,1266,first,rel,nw,1,1.799577,104,1266,1266,2.306601,2.69519
List4Session2,4,2,2,728,50,1,MOST,3,annually,1,702,first,un,rel,1,-0.206886,104,702,702,-0.153249,-0.095907
List4Session2,4,2,2,729,50,2,JOURNAL,3,,1,1073,nw,nw,un,1,0.651375,204,1073,1073,0.784637,0.856486
List4Session2,4,2,2,730,50,1,GALAXY,2,planets,1,741,other,rel,nw,1,-0.164424,101,741,741,-0.13537,-0.077222
List4Session2,4,2,2,731,50,2,ENTERTAINMENT,1,spation,1,999,nw,nw,rel,1,0.378656,204,999,999,0.481596,0.538532
List4Session2,4,2,2,732,50,2,LEVEL,3,fibe,1,863,nw,nw,nw,1,-0.122557,204,863,863,-0.075342,-0.045817
List4Session2,4,2,2,733,50,2,CLOAK,1,knighm,1,908,nw,nw,nw,1,0.043285,204,908,908,0.108939,0.147534
List4Session2,4,2,2,734,50,2,ROMAN,1,shom,1,822,nw,nw,nw,1,-0.273659,204,822,822,-0.243243,-0.221981
List4Session2,4,2,2,735,50,1,TITLE,2,insurance,1,821,other,rel,nw,1,0.139591,101,821,821,0.194398,0.291938
List4Session2,4,2,2,736,50,1,POLYESTER,1,cotton,1,691,first,rel,rel,1,-0.246019,104,691,691,-0.201225,-0.150343
List4Session2,4,2,2,737,50,2,ROOST,3,ramio,1,822,nw,nw,rel,1,-0.273659,204,822,822,-0.243243,-0.221981
List4Session2,4,2,2,738,50,1,STEREOTYPE,3,virgin,1,741,first,un,nw,1,-0.068141,104,741,741,0.016847,0.097095
List4Session2,4,2,2,739,50,1,ADDICTION,4,poker,1,567,other,un,un,1,-0.825657,101,567,567,-0.852616,-0.880147
List4Session2,4,2,2,740,50,1,FELT,2,hand,1,623,other,rel,un,1,-0.612846,101,623,623,-0.621778,-0.621734
List4Session2,4,2,2,741,50,1,LIME,1,lemon,1,612,first,rel,rel,1,-0.527066,104,612,612,-0.545778,-0.541295
List4Session2,4,2,2,742,50,1,ROMANCE,2,kiss,1,556,other,rel,rel,1,-0.867459,101,556,556,-0.897959,-0.930907
List4Session2,4,2,2,743,50,2,ATOMIC,4,zarry,1,1140,nw,nw,rel,1,0.898297,204,1140,1140,1.059011,1.144363
List4Session2,4,2,2,744,50,2,ACHIEVE,4,tuccess,1,742,nw,nw,nw,1,-0.56849,204,742,742,-0.570854,-0.565715
List4Session2,4,2,2,745,50,1,CRICKET,3,better,1,697,first,un,nw,1,-0.224673,104,697,697,-0.175056,-0.120651
List4Session2,4,2,2,746,50,1,LOST,1,found,1,827,first,rel,un,1,0.237809,104,827,827,0.391931,0.522687
List4Session2,4,2,2,747,50,2,HEAVEN,3,wiln,1,937,nw,nw,rel,1,0.150162,204,937,937,0.227698,0.272137
List4Session2,4,2,2,748,50,2,HAPPENING,1,fielp,1,1042,nw,nw,nw,1,0.537128,204,1042,1042,0.657687,0.723289
List4Session2,4,2,2,749,50,2,KILL,3,mose,1,1033,nw,nw,nw,1,0.50396,204,1033,1033,0.620831,0.684619
List4Session2,4,2,2,750,50,1,COFFIN,2,death,1,1134,other,rel,nw,1,1.32905,101,1134,1134,1.484618,1.73628
List4Session2,4,2,2,751,50,1,STAG,4,id,0,1248,other,un,rel,0,#NULL!,#NULL!,#NULL!,#NULL!,#NULL!,#NULL!
List4Session2,4,2,2,752,50,1,SCUBA,3,fail,1,1837,first,un,un,1,3.830943,104,#NULL!,#NULL!,#NULL!,#NULL!
List4Session2,4,2,2,753,50,2,OUNCE,3,ase,1,1395,nw,nw,un,1,1.838072,204,1395,1395,2.103271,2.240017
List4Session2,4,2,2,754,50,1,BRAVERY,2,scare,1,1146,other,rel,nw,1,1.374652,101,1146,1146,1.534083,1.791654
List4Session2,4,2,2,755,50,1,HEIGHT,4,annoy,1,1371,other,un,rel,1,2.229695,101,1371,1371,2.461557,2.829918
List4Session2,4,2,2,756,50,1,BILLBOARD,1,sign,1,1107,first,rel,un,1,1.233925,104,1107,1107,1.613133,1.908338
List4Session2,4,2,2,757,50,1,TOUR,4,love,1,790,other,un,rel,1,0.021785,101,790,790,0.066613,0.148889
List4Session2,4,2,2,758,50,1,SUITCASE,4,hypnotize,1,1077,other,un,un,1,1.112439,101,1077,1077,1.249658,1.473253
List4Session2,4,2,2,759,50,2,POSSIBLE,4,monley,1,1130,nw,nw,un,1,0.861443,204,1130,1130,1.01806,1.101397
List4Session2,4,2,2,760,50,2,SUMMER,1,artor,1,1132,nw,nw,nw,1,0.868814,204,1132,1132,1.02625,1.10999
List4Session2,4,2,2,761,50,2,MINOR,3,colmunist,0,1599,nw,nw,nw,0,#NULL!,#NULL!,#NULL!,#NULL!,#NULL!,#NULL!
List4Session2,4,2,2,762,50,1,BRUSH,4,male,1,1054,other,un,nw,1,1.025035,101,1054,1054,1.154849,1.367119
List4Session2,4,2,2,763,50,1,GOURMET,2,cook,1,850,other,rel,un,1,0.249797,101,850,850,0.31394,0.425759
List4Session2,4,2,2,764,50,2,UNDERGROUND,4,toasp,1,1247,nw,nw,rel,1,1.292634,204,1247,1247,1.497191,1.604108
List4Session2,4,2,2,765,50,1,DOORWAY,2,hallway,1,1133,other,rel,nw,1,1.32525,101,1133,1133,1.480495,1.731665
List4Session2,4,2,2,766,50,2,CHAMBER,3,glastes,1,1935,nw,nw,rel,1,3.828185,204,#NULL!,#NULL!,#NULL!,#NULL!
List4Session2,4,2,2,767,50,1,INTEGRATE,4,hard,1,1280,other,un,nw,1,1.883878,101,1280,1280,2.086445,2.409998
List4Session2,4,2,2,768,50,2,BUSY,3,nacation,1,1500,nw,nw,un,1,2.225038,204,1500,1500,2.533261,2.691168
List4Session2,4,2,2,769,50,2,BUY,1,chean,1,1152,nw,nw,nw,1,0.942521,204,1152,1152,1.108153,1.195924
List4Session2,4,2,2,770,50,2,SEE,2,nong,1,1024,nw,nw,nw,1,0.470791,204,1024,1024,0.583975,0.645949
List4Session2,4,2,2,771,50,1,LITERATURE,2,poetry,1,870,other,rel,nw,1,0.3258,101,870,870,0.396382,0.518049
List4Session2,4,2,2,772,50,1,TREATMENT,2,disease,1,1107,other,rel,rel,1,1.226445,101,1107,1107,1.373321,1.611688
List4Session2,4,2,2,773,50,2,ROCKET,2,faf,1,998,nw,nw,rel,1,0.374971,204,998,998,0.477501,0.534235
List4Session2,4,2,2,774,50,2,EXTINCT,2,speeze,1,1181,nw,nw,nw,1,1.049398,204,1181,1181,1.226912,1.320527
List4Session2,4,2,2,775,50,2,BOOTS,4,dewslaper,1,1230,nw,nw,nw,1,1.229982,204,1230,1230,1.427573,1.531065
List4Session2,4,2,2,776,50,1,SPHINX,2,pyramid,1,1068,other,rel,nw,1,1.078238,101,1068,1068,1.212559,1.431722
List4Session2,4,2,2,777,50,1,SENATOR,4,rocks,1,864,other,un,rel,1,0.302999,101,864,864,0.371649,0.490362
List4Session2,4,2,2,778,50,1,NEGATIVE,2,minus,1,1037,other,rel,un,1,0.960432,101,1037,1037,1.084773,1.288672
List4Session2,4,2,2,779,50,2,DUMP,1,ast,1,1123,nw,nw,rel,1,0.835645,204,1123,1123,0.989394,1.07132
List4Session2,4,2,2,780,50,2,POPCORN,4,varth,1,1108,nw,nw,nw,1,0.780364,204,1108,1108,0.927966,1.00687
List4Session2,4,2,2,781,50,1,COLONEL,4,words,1,920,other,un,nw,1,0.51581,101,920,920,0.602487,0.748775
List4Session2,4,2,2,782,50,2,CONQUEST,4,fimtion,1,1138,nw,nw,un,1,0.890926,204,1138,1138,1.050821,1.13577
List4Session2,4,2,2,783,50,2,STEAL,2,aky,1,1107,nw,nw,nw,1,0.776679,204,1107,1107,0.923871,1.002573
List4Session2,4,2,2,784,50,1,MATCH,2,mix,1,1558,other,rel,nw,1,2.94033,101,#NULL!,1558,#NULL!,3.23239
List4Session2,4,2,2,785,50,2,CERAMICS,2,celn,1,728,nw,nw,rel,1,-0.620086,204,728,728,-0.628186,-0.625869
List4Session2,4,2,2,786,50,2,SURROUNDINGS,1,tretty,1,826,nw,nw,nw,1,-0.258917,204,826,826,-0.226863,-0.204794
List4Session2,4,2,2,787,50,1,RAZOR,3,weather,1,599,first,un,nw,1,-0.573314,104,599,599,-0.602477,-0.605628
List4Session2,4,2,2,788,50,1,POP,1,soda,1,543,first,rel,un,1,-0.772537,104,543,543,-0.846717,-0.882758
List4Session2,4,2,2,789,50,2,SMELL,3,sheem,1,616,nw,nw,rel,1,-1.03285,204,616,616,-1.086842,-1.107097
List4Session2,4,2,2,790,50,1,PIMPLE,3,furniture,1,686,first,un,nw,1,-0.263807,104,686,686,-0.223032,-0.175087
List4Session2,4,2,2,791,50,2,OPENER,1,driter,1,706,nw,nw,un,1,-0.701164,204,706,706,-0.718279,-0.720396
List4Session2,4,2,2,792,50,1,FRILL,1,lace,1,565,first,rel,nw,1,-0.694271,104,565,565,-0.750766,-0.773886
List4Session2,4,2,2,793,50,1,SLAY,3,schedule,1,717,first,un,rel,1,-0.153522,104,717,717,-0.087827,-0.021676
List4Session2,4,2,2,794,50,1,HIKER,1,hitchhike,1,1104,first,rel,un,1,1.223253,104,1104,1104,1.600048,1.893492
List4Session2,4,2,2,795,50,1,VISIT,4,fix,1,515,other,un,rel,1,-1.023267,101,515,515,-1.066966,-1.120101
List4Session2,4,2,2,796,50,1,MODERN,4,roses,1,590,other,un,un,1,-0.738253,101,590,590,-0.757808,-0.774013
List4Session2,4,2,2,797,50,1,FAIRYTALE,4,decay,1,629,other,un,un,1,-0.590045,101,629,629,-0.597046,-0.594047
List4Session2,4,2,2,798,50,1,ACCURATE,4,fish,1,474,other,un,un,1,-1.179074,101,474,474,-1.235972,-1.309296
List4Session2,4,2,2,799,50,1,BROKEN,4,luggage,1,503,other,un,un,1,-1.068869,101,503,503,-1.116431,-1.175476
List4Session2,4,2,2,800,50,2,BIRTH,4,bept,1,641,nw,nw,un,1,-0.940715,204,641,641,-0.984463,-0.99968
List4Session2,4,2,2,801,50,1,GENE,1,pool,1,487,first,rel,nw,1,-0.971761,104,487,487,-1.090958,-1.159889
List4Session2,4,2,2,802,50,2,NUMBER,1,choin,1,883,nw,nw,rel,1,-0.04885,204,883,883,0.00656,0.040117
List4Session2,4,2,2,803,50,2,TOMATO,3,repigion,1,638,nw,nw,nw,1,-0.951771,204,638,638,-0.996749,-1.01257
List4Session2,4,2,2,804,50,1,INDOORS,1,outdoors,1,564,first,rel,nw,1,-0.697829,104,564,564,-0.755127,-0.778835
List4Session2,4,2,2,805,50,1,CUSTARD,1,pudding,1,493,first,rel,rel,1,-0.950415,104,493,493,-1.064789,-1.130196
List4Session2,4,2,2,806,50,2,DRUG,2,kamburter,1,680,nw,nw,rel,1,-0.796984,204,680,680,-0.824753,-0.832109
List4Session2,4,2,2,807,50,2,OBJECT,4,expenilent,1,893,nw,nw,nw,1,-0.011996,204,893,893,0.047512,0.083084
List4Session2,4,2,2,808,50,2,ROAR,3,tralt,1,664,nw,nw,nw,1,-0.855951,204,664,664,-0.890275,-0.900856
List4Session2,4,2,2,809,50,1,HYPER,1,active,1,588,first,rel,nw,1,-0.612447,104,588,588,-0.650453,-0.660065
List4Session2,4,2,2,810,50,1,LUCK,4,maze,1,580,other,un,rel,1,-0.776254,101,580,580,-0.799029,-0.820158
List4Session2,4,2,2,811,50,1,PHYSICIAN,2,needle,1,557,other,rel,un,1,-0.863659,101,557,557,-0.893837,-0.926292
List4Session2,4,2,2,812,50,1,TROT,3,leave,1,535,first,un,rel,1,-0.800998,104,535,535,-0.881609,-0.922348
List4Session2,4,2,2,813,50,2,IDENTIFICATIO,4,ope,1,656,nw,nw,un,1,-0.885434,204,656,656,-0.923036,-0.93523
List4Session2,4,2,2,814,50,2,COMPUTER,2,choife,1,661,nw,nw,nw,1,-0.867007,204,661,661,-0.90256,-0.913746
List4Session2,4,2,2,815,50,1,PENDULUM,4,what,1,506,other,un,nw,1,-1.057468,101,506,506,-1.104065,-1.161632
List4Session2,4,2,2,816,50,2,PERSUADE,2,skiln,1,836,nw,nw,un,1,-0.222063,204,836,836,-0.185911,-0.161827
List4Session2,4,2,2,817,50,2,PIG,3,apark,1,690,nw,nw,nw,1,-0.760131,204,690,690,-0.783801,-0.789142
List4Session2,4,2,2,818,50,1,SHAME,1,guilt,1,630,first,rel,nw,1,-0.46303,104,630,630,-0.467272,-0.452217
List4Session2,4,2,2,819,50,1,PICKLES,3,sexy,1,620,first,un,rel,1,-0.498605,104,620,620,-0.510887,-0.501705
List4Session2,4,2,2,820,50,2,LATE,1,goor,1,850,nw,nw,un,1,-0.170468,204,850,850,-0.128579,-0.101674
List4Session2,4,2,2,821,50,2,CRAFT,2,neing,1,831,nw,nw,nw,1,-0.24049,204,831,831,-0.206387,-0.183311
List4Session2,4,2,2,822,50,2,TOWEL,4,tind,1,1229,nw,nw,nw,1,1.226297,204,1229,1229,1.423478,1.526768
List4Session2,4,2,2,823,50,1,SHIP,4,cloth,1,571,other,un,nw,1,-0.810456,101,571,571,-0.836128,-0.861689
List4Session2,4,2,2,824,50,2,LASTING,1,noj,1,611,nw,nw,un,1,-1.051277,204,611,611,-1.107317,-1.12858
List4Session2,4,2,2,825,50,2,SPREAD,2,wilkway,1,921,nw,nw,nw,1,0.091195,204,921,921,0.162176,0.203391
List4Session2,4,2,2,826,50,2,BEGINNER,1,fush,1,708,nw,nw,nw,1,-0.693793,204,708,708,-0.710089,-0.711802
List4Session2,4,2,2,827,50,2,TWILIGHT,3,troperty,1,646,nw,nw,nw,1,-0.922288,204,646,646,-0.963987,-0.978196
List4Session2,4,2,2,828,50,1,COP,4,again,1,619,other,un,nw,1,-0.628047,101,619,619,-0.638267,-0.640193
List4Session2,4,2,2,829,50,2,GOOSE,1,bloach,1,737,nw,nw,un,1,-0.586917,204,737,737,-0.59133,-0.587198
List4Session2,4,2,2,830,50,2,TOYS,3,palue,1,611,nw,nw,nw,1,-1.051277,204,611,611,-1.107317,-1.12858
List4Session2,4,2,2,831,50,2,FLU,2,eyet,1,697,nw,nw,nw,1,-0.734333,204,697,697,-0.755135,-0.759066
List5Session1,5,1,2,1,50,2,CREATURE,4,tive,1,1193,nw,nw,nw,1,2.341123,200,1193,1193,2.727787,2.879503
List5Session1,5,1,2,2,50,2,SCHOLARSHIP,2,lofe,0,952,nw,nw,nw,0,#NULL!,#NULL!,#NULL!,#NULL!,#NULL!,#NULL!
List5Session1,5,1,2,3,50,2,ARGUE,2,cort,1,1249,nw,nw,nw,1,2.616795,200,#NULL!,1249,#NULL!,3.041095
List5Session1,5,1,2,4,50,1,APPLE,1,red,1,574,first,rel,nw,1,-0.270893,102,574,574,-0.270893,-0.232924
List5Session1,5,1,2,5,50,1,LOOK,2,eye,1,663,other,rel,rel,1,0.430607,102,663,663,0.589745,0.589745
List5Session1,5,1,2,6,50,2,SHAVE,4,lantasy,1,875,nw,nw,rel,1,0.775698,200,875,875,0.948644,1.022233
List5Session1,5,1,2,7,50,1,MARK,1,check,1,695,first,rel,nw,1,0.30337,102,695,695,0.30337,0.380834
List5Session1,5,1,2,8,50,1,CHICKEN,3,communism,1,1164,first,un,rel,1,2.529233,102,#NULL!,1164,#NULL!,2.529233
List5Session1,5,1,2,9,50,1,COMPASS,3,spring,1,540,first,un,un,1,-0.432256,102,540,540,-0.432256,-0.405385
List5Session1,5,1,2,10,50,1,PASTA,1,spaghetti,1,630,first,rel,un,1,-0.005118,102,630,630,-0.005118,0.05113
List5Session1,5,1,2,11,50,2,BUDGET,4,mositive,1,1115,nw,nw,rel,1,1.957151,200,1115,1115,2.291393,2.423946
List5Session1,5,1,2,12,50,2,AMATEUR,2,duman,1,1198,nw,nw,nw,1,2.365737,200,1198,1198,2.755761,2.908706
List5Session1,5,1,2,13,50,2,GROOM,1,aspear,1,862,nw,nw,nw,1,0.711702,200,862,862,0.875911,0.946306
List5Session1,5,1,2,14,50,2,SHELL,4,lill,1,1130,nw,nw,nw,1,2.030992,200,1130,1130,2.375315,2.511553
List5Session1,5,1,2,15,50,1,CHURCH,4,white,1,492,other,un,nw,1,-0.515676,102,492,492,-0.515058,-0.515058
List5Session1,5,1,2,16,50,2,MARGIN,2,dother,1,775,nw,nw,un,1,0.283426,200,775,775,0.389165,0.438185
List5Session1,5,1,2,17,50,2,INFERIOR,3,queeg,1,744,nw,nw,nw,1,0.130821,200,744,744,0.215726,0.257131
List5Session1,5,1,2,18,50,2,PLASTER,1,belax,1,746,nw,nw,nw,1,0.140667,200,746,746,0.226916,0.268812
List5Session1,5,1,2,19,50,1,SAYING,3,extrovert,1,955,first,un,nw,1,1.537324,102,955,955,1.537324,1.699653
List5Session1,5,1,2,20,50,1,ENTER,2,computer,1,612,other,rel,un,1,0.148382,102,612,612,0.260242,0.260242
List5Session1,5,1,2,21,50,2,SCREW,3,dipe,1,651,nw,nw,rel,1,-0.326992,200,651,651,-0.304589,-0.286033
List5Session1,5,1,2,22,50,1,FOUNDATION,3,view,1,751,first,un,nw,1,0.569145,102,751,751,0.569145,0.664887
List5Session1,5,1,2,23,50,1,CONSTRUCTION,3,climate,1,1136,first,un,un,1,2.396346,102,1136,1136,2.396346,2.617754
List5Session1,5,1,2,24,50,1,RUBBER,3,pain,1,993,first,un,un,1,1.717671,102,993,993,1.717671,1.892403
List5Session1,5,1,2,25,50,2,BREAKFAST,4,rix,1,1129,nw,nw,un,1,2.026069,200,1129,1129,2.36972,2.505713
List5Session1,5,1,2,26,50,2,HAUNT,2,niller,1,1195,nw,nw,nw,1,2.350968,200,1195,1195,2.738977,2.891184
List5Session1,5,1,2,27,50,2,PRIDE,4,yock,1,1034,nw,nw,nw,1,1.55841,200,1034,1034,1.838215,1.950868
List5Session1,5,1,2,28,50,1,BALCONY,3,storage,1,768,first,un,nw,1,0.649827,102,768,768,0.649827,0.751118
List5Session1,5,1,2,29,50,1,WAY,2,wrong,1,688,other,rel,un,1,0.568953,102,688,688,0.751266,0.751266
List5Session1,5,1,2,30,50,2,MURDERER,1,calb,1,819,nw,nw,rel,1,0.500025,200,819,819,0.635335,0.695166
List5Session1,5,1,2,31,50,2,CHANCE,3,conleited,1,977,nw,nw,nw,1,1.277815,200,977,977,1.519312,1.617961
List5Session1,5,1,2,32,50,1,OUTLET,3,attempt,1,889,first,un,nw,1,1.22409,102,889,889,1.22409,1.364876
List5Session1,5,1,2,33,50,1,HAZE,2,mist,1,821,other,rel,un,1,1.304951,102,821,821,1.610556,1.610556
List5Session1,5,1,2,34,50,1,MAROON,4,trouble,1,787,other,un,rel,1,1.116801,102,787,787,1.390888,1.390888
List5Session1,5,1,2,35,50,1,FORGIVE,4,tears,1,738,other,un,un,1,0.845644,102,738,738,1.074307,1.074307
List5Session1,5,1,2,36,50,2,OLYMPICS,4,choin,1,836,nw,nw,un,1,0.583712,200,836,836,0.730447,0.794454
List5Session1,5,1,2,37,50,2,SPATULA,2,irnegumar,1,817,nw,nw,nw,1,0.49018,200,817,817,0.624146,0.683485
List5Session1,5,1,2,38,50,2,SLIDE,1,epil,1,879,nw,nw,nw,1,0.795389,200,879,879,0.971023,1.045595
List5Session1,5,1,2,39,50,1,RADIATOR,4,sister,1,555,other,un,nw,1,-0.167045,102,555,555,-0.108025,-0.108025
List5Session1,5,1,2,40,50,2,PACK,2,teght,1,612,nw,nw,un,1,-0.518978,200,612,612,-0.522786,-0.513812
List5Session1,5,1,2,41,50,2,AMBULANCE,3,schoom,1,698,nw,nw,nw,1,-0.095624,200,698,698,-0.041634,-0.011531
List5Session1,5,1,2,42,50,1,LID,3,bird,1,957,first,un,nw,1,1.546816,102,957,957,1.546816,1.709798
List5Session1,5,1,2,43,50,1,BOOTH,1,telephone,1,854,first,rel,un,1,1.057981,102,854,854,1.057981,1.187343
List5Session1,5,1,2,44,50,1,BAGGAGE,1,luggage,1,755,first,rel,rel,1,0.588129,102,755,755,0.588129,0.685177
List5Session1,5,1,2,45,50,2,LORD,2,thoumand,1,1348,nw,nw,rel,1,3.104145,200,#NULL!,#NULL!,#NULL!,#NULL!
List5Session1,5,1,2,46,50,1,PHRASE,3,characteris,1,1053,first,un,nw,1,2.00243,102,1053,1053,2.00243,2.196746
List5Session1,5,1,2,47,50,1,VALOR,1,bravery,1,834,first,rel,un,1,0.963061,102,834,834,0.963061,1.085895
List5Session1,5,1,2,48,50,2,CALORIES,4,baucer,1,655,nw,nw,rel,1,-0.307301,200,655,655,-0.28221,-0.262672
List5Session1,5,1,2,49,50,2,RECOMMEND,2,nush,1,1076,nw,nw,nw,1,1.765165,200,1076,1076,2.073196,2.196168
List5Session1,5,1,2,50,50,2,TARZAN,3,repigion,1,807,nw,nw,nw,1,0.440953,200,807,807,0.568198,0.62508
List5Session1,5,1,2,51,50,2,VANISH,2,floripa,1,869,nw,nw,nw,1,0.746161,200,869,869,0.915075,0.98719
List5Session1,5,1,2,52,50,1,CONVINCE,3,comfortable,1,962,first,un,nw,1,1.570546,102,962,962,1.570546,1.73516
List5Session1,5,1,2,53,50,1,MATERIAL,4,hamburger,0,1931,other,un,un,0,#NULL!,#NULL!,#NULL!,#NULL!,#NULL!,#NULL!
List5Session1,5,1,2,54,50,2,ADVENTUROUS,3,dountry,1,1228,nw,nw,un,1,2.513418,200,#NULL!,1228,#NULL!,2.923605
List5Session1,5,1,2,55,50,2,MUST,1,brime,1,779,nw,nw,nw,1,0.303117,200,779,779,0.411544,0.461547
List5Session1,5,1,2,56,50,2,APRON,2,warl,1,715,nw,nw,nw,1,-0.011938,200,715,715,0.053477,0.087757
List5Session1,5,1,2,57,50,2,PARK,1,cits,1,605,nw,nw,nw,1,-0.553437,200,605,605,-0.56195,-0.554695
List5Session1,5,1,2,58,50,1,CORPSE,1,dead,1,725,first,rel,nw,1,0.44575,102,725,725,0.44575,0.533006
List5Session1,5,1,2,59,50,1,ADVISE,4,kitchen,1,566,other,un,rel,1,-0.106173,102,566,566,-0.036956,-0.036956
List5Session1,5,1,2,60,50,2,ELECTRON,1,hode,1,622,nw,nw,un,1,-0.469751,200,622,622,-0.466838,-0.455407
List5Session1,5,1,2,61,50,2,CRAFTS,4,regative,1,1141,nw,nw,nw,1,2.085142,200,1141,1141,2.436858,2.575799
List5Session1,5,1,2,62,50,2,DULL,4,nall,0,966,nw,nw,nw,0,#NULL!,#NULL!,#NULL!,#NULL!,#NULL!,#NULL!
List5Session1,5,1,2,63,50,1,ESSENCE,4,knife,1,1230,other,un,nw,1,3.568285,102,#NULL!,#NULL!,#NULL!,#NULL!
List5Session1,5,1,2,64,50,1,FRAGILE,2,weak,1,540,other,rel,un,1,-0.250053,102,540,540,-0.204938,-0.204938
List5Session1,5,1,2,65,50,1,TREBLE,1,bass,1,470,first,rel,rel,1,-0.764474,102,470,470,-0.764474,-0.760451
List5Session1,5,1,2,66,50,2,BRACELET,2,douth,1,849,nw,nw,rel,1,0.647707,200,849,849,0.803179,0.87038
List5Session1,5,1,2,67,50,1,HAWAII,4,station,1,831,other,un,nw,1,1.36029,102,831,831,1.675164,1.675164
List5Session1,5,1,2,68,50,1,HERB,4,success,1,797,other,un,un,1,1.17214,102,797,797,1.455496,1.455496
List5Session1,5,1,2,69,50,2,KLEENEX,1,pon,1,588,nw,nw,un,1,-0.637123,200,588,588,-0.657061,-0.653983
List5Session1,5,1,2,70,50,2,ATTENDANCE,4,baspet,1,709,nw,nw,nw,1,-0.041474,200,709,709,0.019908,0.052714
List5Session1,5,1,2,71,50,2,SLEEVE,4,gloceties,1,807,nw,nw,nw,1,0.440953,200,807,807,0.568198,0.62508
List5Session1,5,1,2,72,50,1,FRAY,2,rug,1,599,other,rel,nw,1,0.076443,102,599,599,0.176251,0.176251
List5Session1,5,1,2,73,50,1,COMMON,1,uncommon,1,1214,first,rel,rel,1,2.766532,102,#NULL!,1214,#NULL!,2.766532
List5Session1,5,1,2,74,50,1,EXCEL,1,succeed,1,541,first,rel,rel,1,-0.42751,102,541,541,-0.42751,-0.400312
List5Session1,5,1,2,75,50,1,PLOT,2,summary,1,694,other,rel,rel,1,0.602156,102,694,694,0.790031,0.790031
List5Session1,5,1,2,76,50,2,EARTHQUAKE,4,ley,1,683,nw,nw,rel,1,-0.169465,200,683,683,-0.125556,-0.099138
List5Session1,5,1,2,77,50,1,CONSCIOUS,4,rabbit,1,510,other,un,nw,1,-0.416068,102,510,510,-0.398763,-0.398763
List5Session1,5,1,2,78,50,2,OWNER,4,bree,1,600,nw,nw,un,1,-0.578051,200,600,600,-0.589924,-0.583898
List5Session1,5,1,2,79,50,2,BLUR,3,astume,1,655,nw,nw,nw,1,-0.307301,200,655,655,-0.28221,-0.262672
List5Session1,5,1,2,80,50,1,GOVERNOR,3,green,1,757,first,un,nw,1,0.597621,102,757,757,0.597621,0.695322
List5Session1,5,1,2,81,50,1,OREGANO,1,spice,1,517,first,rel,un,1,-0.541414,102,517,517,-0.541414,-0.522049
List5Session1,5,1,2,82,50,1,PUMPKIN,2,halloween,1,576,other,rel,rel,1,-0.050835,102,576,576,0.027652,0.027652
List5Session1,5,1,2,83,50,2,SKILLET,1,conwert,1,632,nw,nw,rel,1,-0.420523,200,632,632,-0.410891,-0.397002
List5Session1,5,1,2,84,50,1,MOTEL,2,sleep,1,686,other,rel,nw,1,0.557885,102,686,686,0.738344,0.738344
List5Session1,5,1,2,85,50,1,REEF,3,apart,1,786,first,un,rel,1,0.735254,102,786,786,0.735254,0.842421
List5Session1,5,1,2,86,50,2,HALF,3,veach,1,657,nw,nw,un,1,-0.297455,200,657,657,-0.271021,-0.250991
List5Session1,5,1,2,87,50,2,WOOD,4,kafe,1,646,nw,nw,nw,1,-0.351605,200,646,646,-0.332563,-0.315236
List5Session1,5,1,2,88,50,2,MARRIAGE,2,suffomate,1,763,nw,nw,nw,1,0.224353,200,763,763,0.322027,0.3681
List5Session1,5,1,2,89,50,2,BACKGROUND,1,peather,1,779,nw,nw,nw,1,0.303117,200,779,779,0.411544,0.461547
List5Session1,5,1,2,90,50,1,CAREFUL,3,ceremony,1,764,first,un,nw,1,0.630843,102,764,764,0.630843,0.730828
List5Session1,5,1,2,91,50,1,SINGER,1,dancer,1,492,first,rel,un,1,-0.660063,102,492,492,-0.660063,-0.648859
List5Session1,5,1,2,92,50,2,FLUNK,2,cramy,1,584,nw,nw,rel,1,-0.656814,200,584,584,-0.67944,-0.677345
List5Session1,5,1,2,93,50,1,OVERFLOW,4,italian,1,495,other,un,nw,1,-0.499075,102,495,495,-0.495675,-0.495675
List5Session1,5,1,2,94,50,2,BRUNETTE,3,aif,1,587,nw,nw,un,1,-0.642046,200,587,587,-0.662656,-0.659824
List5Session1,5,1,2,95,50,1,MERIT,1,award,1,481,first,rel,nw,1,-0.712269,102,481,481,-0.712269,-0.704655
List5Session1,5,1,2,96,50,1,JUVENILE,4,sheets,1,414,other,un,rel,1,-0.947315,102,414,414,-1.019002,-1.019002
List5Session1,5,1,2,97,50,2,FLEXIBLE,1,birect,1,604,nw,nw,un,1,-0.55836,200,604,604,-0.567545,-0.560536
List5Session1,5,1,2,98,50,2,ANTIQUE,4,nefs,1,563,nw,nw,nw,1,-0.760191,200,563,563,-0.796931,-0.799995
List5Session1,5,1,2,99,50,1,COMEDIAN,2,actor,1,539,other,rel,nw,1,-0.255587,102,539,539,-0.211398,-0.211398
List5Session1,5,1,2,100,50,1,OUTDOORS,3,lose,0,533,first,un,rel,0,#NULL!,#NULL!,#NULL!,#NULL!,#NULL!,#NULL!
List5Session1,5,1,2,101,50,2,TRAIT,3,pirt,1,665,nw,nw,un,1,-0.258074,200,665,665,-0.226262,-0.204267
List5Session1,5,1,2,102,50,2,RIGID,1,mouch,1,717,nw,nw,nw,1,-0.002092,200,717,717,0.064667,0.099438
List5Session1,5,1,2,103,50,2,PACKAGE,2,voap,1,543,nw,nw,nw,1,-0.858646,200,543,543,-0.908827,-0.916805
List5Session1,5,1,2,104,50,2,DOUBT,2,arnow,1,569,nw,nw,nw,1,-0.730655,200,569,569,-0.763362,-0.764952
List5Session1,5,1,2,105,50,2,TOE,3,daid,1,592,nw,nw,nw,1,-0.617432,200,592,592,-0.634682,-0.630621
List5Session1,5,1,2,106,50,2,WAG,1,plut,1,519,nw,nw,nw,1,-0.976791,200,519,519,-1.043102,-1.056976
List5Session1,5,1,2,107,50,1,POOR,4,dinosaur,1,1025,other,un,nw,1,2.433851,102,1025,1025,2.928566,2.928566
List5Session1,5,1,2,108,50,1,EVALUATE,2,judge,1,488,other,rel,un,1,-0.537812,102,488,488,-0.540901,-0.540901
List5Session1,5,1,2,109,50,2,FREAK,1,ix,1,532,nw,nw,rel,1,-0.912796,200,532,532,-0.97037,-0.98105
List5Session1,5,1,2,110,50,2,OWE,2,betner,1,574,nw,nw,nw,1,-0.706041,200,574,574,-0.735388,-0.73575
List5Session1,5,1,2,111,50,1,KNITTING,4,leave,1,422,other,un,nw,1,-0.903044,102,422,422,-0.967316,-0.967316
List5Session1,5,1,2,112,50,2,PROUD,4,quild,1,563,nw,nw,un,1,-0.760191,200,563,563,-0.796931,-0.799995
List5Session1,5,1,2,113,50,1,MAILBOX,4,major,1,477,other,un,nw,1,-0.598684,102,477,477,-0.61197,-0.61197
List5Session1,5,1,2,114,50,2,SLY,3,yug,1,537,nw,nw,un,1,-0.888182,200,537,537,-0.942396,-0.951847
List5Session1,5,1,2,115,50,1,ALLOW,3,seven,1,865,first,un,nw,1,1.110186,102,865,865,1.110186,1.243139
List5Session1,5,1,2,116,50,1,TORTOISE,1,turtle,1,861,first,rel,un,1,1.091202,102,861,861,1.091202,1.222849
List5Session1,5,1,2,117,50,1,TIMES,2,days,1,699,other,rel,rel,1,0.629825,102,699,699,0.822335,0.822335
List5Session1,5,1,2,118,50,1,NET,2,gain,1,654,other,rel,rel,1,0.380803,102,654,654,0.531597,0.531597
List5Session1,5,1,2,119,50,1,CHILD,3,dots,1,610,first,un,rel,1,-0.100038,102,610,610,-0.100038,-0.050318
List5Session1,5,1,2,120,50,2,SEAT,4,gouse,1,698,nw,nw,un,1,-0.095624,200,698,698,-0.041634,-0.011531
List5Session1,5,1,2,121,50,1,WET,3,care,1,557,first,un,nw,1,-0.351575,102,557,557,-0.351575,-0.319154
List5Session1,5,1,2,122,50,1,HAPPINESS,1,sad,1,549,first,rel,un,1,-0.389542,102,549,549,-0.389542,-0.359733
List5Session1,5,1,2,123,50,2,HERD,4,pav,1,831,nw,nw,rel,1,0.559098,200,831,831,0.702473,0.765252
List5Session1,5,1,2,124,50,1,EGYPT,3,abnormal,1,668,first,un,nw,1,0.175229,102,668,668,0.175229,0.24388
List5Session1,5,1,2,125,50,1,THUNDER,3,done,1,545,first,un,un,1,-0.408526,102,545,545,-0.408526,-0.380023
List5Session1,5,1,2,126,50,2,CURIOUS,3,conpinent,1,1083,nw,nw,un,1,1.799624,200,1083,1083,2.11236,2.237051
List5Session1,5,1,2,127,50,1,RECLINER,1,chair,1,670,first,rel,nw,1,0.184721,102,670,670,0.184721,0.254025
List5Session1,5,1,2,128,50,2,STOCKING,2,derfect,1,738,nw,nw,rel,1,0.101285,200,738,738,0.182157,0.222088
List5Session1,5,1,2,129,50,1,BROIL,1,bake,1,596,first,rel,nw,1,-0.166481,102,596,596,-0.166481,-0.121331
List5Session1,5,1,2,130,50,2,WAREHOUSE,3,thoughn,1,604,nw,nw,rel,1,-0.55836,200,604,604,-0.567545,-0.560536
List5Session1,5,1,2,131,50,2,WILLING,2,matient,1,1074,nw,nw,nw,1,1.755319,200,1074,1074,2.062007,2.184487
List5Session1,5,1,2,132,50,1,JOIN,2,group,1,695,other,rel,nw,1,0.60769,102,695,695,0.796491,0.796491
List5Session1,5,1,2,133,50,1,SMEAR,1,smudge,1,1003,first,rel,rel,1,1.765131,102,1003,1003,1.765131,1.943127
List5Session1,5,1,2,134,50,2,SABER,1,meach,1,720,nw,nw,rel,1,0.012676,200,720,720,0.081451,0.116959
List5Session1,5,1,2,135,50,2,LABYRINTH,1,inem,1,595,nw,nw,nw,1,-0.602664,200,595,595,-0.617898,-0.6131
List5Session1,5,1,2,136,50,2,BEAN,3,tabin,1,635,nw,nw,nw,1,-0.405755,200,635,635,-0.394106,-0.379481
List5Session1,5,1,2,137,50,2,EXCITED,4,clow,0,880,nw,nw,nw,0,#NULL!,#NULL!,#NULL!,#NULL!,#NULL!,#NULL!
List5Session1,5,1,2,138,50,1,LONELY,3,kiss,1,476,first,un,nw,1,-0.735999,102,476,476,-0.735999,-0.730017
List5Session1,5,1,2,139,50,1,HAY,4,breathe,1,568,other,un,un,1,-0.095106,102,568,568,-0.024034,-0.024034
List5Session1,5,1,2,140,50,1,WARRIOR,1,fighter,1,465,first,rel,un,1,-0.788204,102,465,465,-0.788204,-0.785813
List5Session1,5,1,2,141,50,1,NURSE,4,high,1,509,other,un,rel,1,-0.421601,102,509,509,-0.405223,-0.405223
List5Session1,5,1,2,142,50,1,FLY,4,gold,1,457,other,un,un,1,-0.70936,102,457,457,-0.741187,-0.741187
List5Session1,5,1,2,143,50,1,STUCK,2,mud,1,372,other,rel,un,1,-1.179735,102,372,372,-1.290357,-1.290357
List5Session1,5,1,2,144,50,2,KNOWN,1,monservativ,1,725,nw,nw,rel,1,0.03729,200,725,725,0.109425,0.146162
List5Session1,5,1,2,145,50,2,BREATH,2,gen,1,743,nw,nw,nw,1,0.125899,200,743,743,0.210131,0.25129
List5Session1,5,1,2,146,50,2,PLANT,2,nuscle,1,793,nw,nw,nw,1,0.372035,200,793,793,0.489871,0.543314
List5Session1,5,1,2,147,50,1,MUSK,1,cologne,1,536,first,rel,nw,1,-0.45124,102,536,536,-0.45124,-0.425674
List5Session1,5,1,2,148,50,2,HERO,1,bipycle,1,754,nw,nw,rel,1,0.180049,200,754,754,0.271674,0.315535
List5Session1,5,1,2,149,50,1,FUNCTION,2,purpose,1,898,other,rel,nw,1,1.731056,102,898,898,2.10804,2.10804
List5Session1,5,1,2,150,50,1,YES,4,raw,1,942,other,un,rel,1,1.974544,102,942,942,2.392317,2.392317
List5Session1,5,1,2,151,50,2,HEAVY,4,hain,0,424,nw,nw,un,0,#NULL!,#NULL!,#NULL!,#NULL!,#NULL!,#NULL!
List5Session1,5,1,2,152,50,2,EGGS,1,slib,1,870,nw,nw,nw,1,0.751084,200,870,870,0.92067,0.99303
List5Session1,5,1,2,153,50,1,SUBTRACTION,1,addition,1,929,first,rel,nw,1,1.413929,102,929,929,1.413929,1.567771
List5Session1,5,1,2,154,50,2,FLEX,1,spord,1,603,nw,nw,rel,1,-0.563282,200,603,603,-0.573139,-0.566376
List5Session1,5,1,2,155,50,2,MASTER,1,balp,1,1026,nw,nw,nw,1,1.519029,200,1026,1026,1.793457,1.904144
List5Session1,5,1,2,156,50,2,BROTHER,2,stade,1,1032,nw,nw,nw,1,1.548565,200,1032,1032,1.827026,1.939187
List5Session1,5,1,2,157,50,2,SPRAIN,3,vo,1,1102,nw,nw,nw,1,1.893155,200,1102,1102,2.218661,2.34802
List5Session1,5,1,2,158,50,2,CURSIVE,3,ot,1,1073,nw,nw,nw,1,1.750397,200,1073,1073,2.056412,2.178646
List5Session1,5,1,2,159,50,1,MONEY,3,preview,1,757,first,un,nw,1,0.597621,102,757,757,0.597621,0.695322
List5Session1,5,1,2,160,50,2,HATCHET,1,weirn,1,966,nw,nw,un,1,1.223665,200,966,966,1.45777,1.553716
List5Session1,5,1,2,161,50,1,CALCULATOR,1,math,1,686,first,rel,nw,1,0.260656,102,686,686,0.260656,0.335183
List5Session1,5,1,2,162,50,2,JAPAN,1,dend,1,1073,nw,nw,rel,1,1.750397,200,1073,1073,2.056412,2.178646
List5Session1,5,1,2,163,50,1,RIDICULE,2,blame,1,645,other,rel,nw,1,0.330999,102,645,645,0.47345,0.47345
List5Session1,5,1,2,164,50,2,NOT,2,suppen,1,635,nw,nw,rel,1,-0.405755,200,635,635,-0.394106,-0.379481
List5Session1,5,1,2,165,50,2,WIND,2,stopy,1,656,nw,nw,nw,1,-0.302378,200,656,656,-0.276616,-0.256831
List5Session1,5,1,2,166,50,2,TAX,4,hovie,1,708,nw,nw,nw,1,-0.046397,200,708,708,0.014314,0.046874
List5Session1,5,1,2,167,50,1,GRAFT,4,lobster,1,760,other,un,nw,1,0.967388,102,760,760,1.216445,1.216445
List5Session1,5,1,2,168,50,1,GRAB,4,river,1,792,other,un,un,1,1.144471,102,792,792,1.423192,1.423192
List5Session1,5,1,2,169,50,2,EUROPE,3,percil,1,665,nw,nw,un,1,-0.258074,200,665,665,-0.226262,-0.204267
List5Session1,5,1,2,170,50,1,BEAD,1,necklace,1,653,first,rel,nw,1,0.104039,102,653,653,0.104039,0.167794
List5Session1,5,1,2,171,50,1,SEASONING,3,definition,1,609,first,un,rel,1,-0.104784,102,609,609,-0.104784,-0.05539
List5Session1,5,1,2,172,50,2,DEER,1,cotlon,1,599,nw,nw,un,1,-0.582973,200,599,599,-0.595519,-0.589738
List5Session1,5,1,2,173,50,2,BROCCOLI,4,hape,1,703,nw,nw,nw,1,-0.07101,200,703,703,-0.01366,0.017671
List5Session1,5,1,2,174,50,1,OBSESSION,1,perfume,1,785,first,rel,nw,1,0.730508,102,785,785,0.730508,0.837348
List5Session1,5,1,2,175,50,2,FILL,4,dom,1,610,nw,nw,rel,1,-0.528823,200,610,610,-0.533976,-0.525493
List5Session1,5,1,2,176,50,2,HITCH,4,trooked,1,824,nw,nw,nw,1,0.524639,200,824,824,0.663309,0.724368
List5Session1,5,1,2,177,50,1,SNUGGLE,3,blue,1,822,first,un,nw,1,0.906109,102,822,822,0.906109,1.025026
List5Session1,5,1,2,178,50,1,TRANSPARENT,2,tape,1,388,other,rel,un,1,-1.091194,102,388,388,-1.186984,-1.186984
List5Session1,5,1,2,179,50,1,HOTTER,4,vegetables,1,469,other,un,rel,1,-0.642954,102,469,469,-0.663657,-0.663657
List5Session1,5,1,2,180,50,2,INSTANCE,4,ress,1,641,nw,nw,un,1,-0.376219,200,641,641,-0.360537,-0.344438
List5Session1,5,1,2,181,50,2,STOMACH,3,cleck,0,757,nw,nw,nw,0,#NULL!,#NULL!,#NULL!,#NULL!,#NULL!,#NULL!
List5Session1,5,1,2,182,50,1,RYE,2,wheat,1,405,other,rel,nw,1,-0.997119,102,405,405,-1.07715,-1.07715
List5Session1,5,1,2,183,50,2,HEADING,3,misunpersla,1,677,nw,nw,rel,1,-0.199001,200,677,677,-0.159125,-0.134181
List5Session1,5,1,2,184,50,2,VEER,4,ciparette,1,777,nw,nw,nw,1,0.293271,200,777,777,0.400354,0.449866
List5Session1,5,1,2,185,50,2,DONATION,4,anay,1,584,nw,nw,nw,1,-0.656814,200,584,584,-0.67944,-0.677345
List5Session1,5,1,2,186,50,2,TOY,4,laka,1,592,nw,nw,nw,1,-0.617432,200,592,592,-0.634682,-0.630621
List5Session1,5,1,2,187,50,2,RECORD,4,pogato,1,504,nw,nw,nw,1,-1.050632,200,504,504,-1.127024,-1.144583
List5Session1,5,1,2,188,50,1,HER,2,she,1,642,other,rel,nw,1,0.314397,102,642,642,0.454067,0.454067
List5Session1,5,1,2,189,50,2,COUCH,2,hurny,1,921,nw,nw,rel,1,1.002143,200,921,921,1.206004,1.290894
List5Session1,5,1,2,190,50,2,DIAMETER,3,miptane,1,625,nw,nw,nw,1,-0.454982,200,625,625,-0.450054,-0.437886
List5Session1,5,1,2,191,50,1,NEPHEW,2,uncle,1,583,other,rel,nw,1,-0.012098,102,583,583,0.072878,0.072878
List5Session1,5,1,2,192,50,1,DIVIDE,3,good,1,543,first,un,rel,1,-0.418018,102,543,543,-0.418018,-0.390167
List5Session1,5,1,2,193,50,1,COMPONENTS,3,cop,1,617,first,un,un,1,-0.066816,102,617,617,-0.066816,-0.014811
List5Session1,5,1,2,194,50,1,MEET,2,new,1,638,other,rel,un,1,0.292262,102,638,638,0.428224,0.428224
List5Session1,5,1,2,195,50,2,REFEREE,4,etercise,1,1700,nw,nw,rel,1,4.836943,200,#NULL!,#NULL!,#NULL!,#NULL!
List5Session1,5,1,2,196,50,1,VODKA,2,tonic,1,543,other,rel,nw,1,-0.233451,102,543,543,-0.185555,-0.185555
List5Session1,5,1,2,197,50,2,FAIRY,2,murn,1,632,nw,nw,rel,1,-0.420523,200,632,632,-0.410891,-0.397002
List5Session1,5,1,2,198,50,1,WEATHER,3,lunch,1,639,first,un,nw,1,0.037596,102,639,639,0.037596,0.096781
List5Session1,5,1,2,199,50,1,MEANING,3,egg,1,453,first,un,un,1,-0.845156,102,453,453,-0.845156,-0.846682
List5Session1,5,1,2,200,50,2,ROAST,3,floner,1,640,nw,nw,un,1,-0.381142,200,640,640,-0.366132,-0.350279
List5Session1,5,1,2,201,50,2,DINE,4,pift,1,514,nw,nw,nw,1,-1.001405,200,514,514,-1.071076,-1.086178
List5Session1,5,1,2,202,50,2,ORIGINATE,3,priend,1,573,nw,nw,nw,1,-0.710964,200,573,573,-0.740983,-0.74159
List5Session1,5,1,2,203,50,2,GRAPH,4,mudge,1,629,nw,nw,nw,1,-0.435292,200,629,629,-0.427675,-0.414524
List5Session1,5,1,2,204,50,2,PRODUCT,3,figer,1,587,nw,nw,nw,1,-0.642046,200,587,587,-0.662656,-0.659824
List5Session1,5,1,2,205,50,1,SOFTBALL,4,world,1,482,other,un,nw,1,-0.571015,102,482,482,-0.579666,-0.579666
List5Session1,5,1,2,206,50,2,BLUEBERRY,2,raybe,1,685,nw,nw,un,1,-0.159619,200,685,685,-0.114367,-0.087457
List5Session1,5,1,2,207,50,2,REGULAR,1,courme,1,641,nw,nw,nw,1,-0.376219,200,641,641,-0.360537,-0.344438
List5Session1,5,1,2,208,50,1,DISGUISE,2,mustache,1,1287,other,rel,nw,1,3.883713,102,#NULL!,#NULL!,#NULL!,#NULL!
List5Session1,5,1,2,209,50,1,EYES,4,schedule,1,658,other,un,rel,1,0.402938,102,658,658,0.557441,0.557441
List5Session1,5,1,2,210,50,1,WASP,2,bee,1,423,other,rel,un,1,-0.89751,102,423,423,-0.960855,-0.960855
List5Session1,5,1,2,211,50,1,GUARDIAN,3,female,1,405,first,un,rel,1,-1.072963,102,405,405,-1.072963,-1.090156
List5Session1,5,1,2,212,50,2,MORAL,4,teans,1,804,nw,nw,un,1,0.426185,200,804,804,0.551413,0.607559
List5Session1,5,1,2,213,50,1,WHERE,3,baby,1,403,first,un,nw,1,-1.082455,102,403,403,-1.082455,-1.100301
List5Session1,5,1,2,214,50,2,VIRGIN,2,mose,1,657,nw,nw,un,1,-0.297455,200,657,657,-0.271021,-0.250991
List5Session1,5,1,2,215,50,1,GRIP,3,sale,1,534,first,un,nw,1,-0.460732,102,534,534,-0.460732,-0.435819
List5Session1,5,1,2,216,50,2,ERASER,2,vattle,1,575,nw,nw,un,1,-0.701119,200,575,575,-0.729794,-0.729909
List5Session1,5,1,2,217,50,2,DEMI,3,clored,1,759,nw,nw,nw,1,0.204662,200,759,759,0.299648,0.344738
List5Session1,5,1,2,218,50,2,PEBBLE,1,lacon,1,648,nw,nw,nw,1,-0.34176,200,648,648,-0.321374,-0.303555
List5Session1,5,1,2,219,50,2,GO,4,dailure,1,590,nw,nw,nw,1,-0.627278,200,590,590,-0.645872,-0.642302
List5Session1,5,1,2,220,50,1,STRING,2,tie,1,453,other,rel,nw,1,-0.731495,102,453,453,-0.76703,-0.76703
List5Session1,5,1,2,221,50,1,HOUR,1,minute,1,434,first,rel,rel,1,-0.93533,102,434,434,-0.93533,-0.943057
List5Session1,5,1,2,222,50,1,GREASE,1,oil,1,399,first,rel,rel,1,-1.101439,102,399,399,-1.101439,-1.12059
List5Session1,5,1,2,223,50,2,ROACH,4,marl,1,574,nw,nw,rel,1,-0.706041,200,574,574,-0.735388,-0.73575
List5Session1,5,1,2,224,50,1,CRUSH,1,smash,1,487,first,rel,nw,1,-0.683793,102,487,487,-0.683793,-0.674221
List5Session1,5,1,2,225,50,1,THERMOMETER,2,hot,1,449,other,rel,rel,1,-0.753631,102,449,449,-0.792873,-0.792873
List5Session1,5,1,2,226,50,2,ILLNESS,3,fomeign,1,622,nw,nw,rel,1,-0.469751,200,622,622,-0.466838,-0.455407
List5Session1,5,1,2,227,50,1,DAD,1,mom,1,421,first,rel,nw,1,-0.997027,102,421,421,-0.997027,-1.008998
List5Session1,5,1,2,228,50,2,FOLLOW,2,girm,1,595,nw,nw,rel,1,-0.602664,200,595,595,-0.617898,-0.6131
List5Session1,5,1,2,229,50,1,PRESS,2,conference,1,474,other,rel,nw,1,-0.615285,102,474,474,-0.631352,-0.631352
List5Session1,5,1,2,230,50,2,INITIAL,3,ecienpist,1,630,nw,nw,rel,1,-0.430369,200,630,630,-0.42208,-0.408683
List5Session1,5,1,2,231,50,2,PLEAD,3,ramio,1,540,nw,nw,nw,1,-0.873414,200,540,540,-0.925611,-0.934326
List5Session1,5,1,2,232,50,2,DRIP,3,deas,1,551,nw,nw,nw,1,-0.819264,200,551,551,-0.864069,-0.870081
List5Session1,5,1,2,233,50,1,WITH,1,together,1,559,first,rel,nw,1,-0.342083,102,559,559,-0.342083,-0.309009
List5Session1,5,1,2,234,50,1,OUT,3,cup,0,616,first,un,rel,0,#NULL!,#NULL!,#NULL!,#NULL!,#NULL!,#NULL!
List5Session1,5,1,2,235,50,2,OWN,1,danler,1,525,nw,nw,un,1,-0.947255,200,525,525,-1.009533,-1.021933
List5Session1,5,1,2,236,50,2,RIP,3,lipe,1,519,nw,nw,nw,1,-0.976791,200,519,519,-1.043102,-1.056976
List5Session1,5,1,2,237,50,1,CRITICIZE,4,fail,1,514,other,un,nw,1,-0.393932,102,514,514,-0.372919,-0.372919
List5Session1,5,1,2,238,50,1,REMEDY,2,ill,1,797,other,rel,un,1,1.17214,102,797,797,1.455496,1.455496
List5Session1,5,1,2,239,50,1,TAN,3,code,1,572,first,un,rel,1,-0.280385,102,572,572,-0.280385,-0.243068
List5Session1,5,1,2,240,50,1,CAUTION,3,army,1,436,first,un,un,1,-0.925838,102,436,436,-0.925838,-0.932912
List5Session1,5,1,2,241,50,1,IGNORE,2,mean,1,418,other,rel,un,1,-0.925179,102,418,418,-0.993159,-0.993159
List5Session1,5,1,2,242,50,2,LISTEN,3,forb,1,591,nw,nw,rel,1,-0.622355,200,591,591,-0.640277,-0.636462
List5Session1,5,1,2,243,50,1,FUSS,4,sex,1,663,other,un,nw,1,0.430607,102,663,663,0.589745,0.589745
List5Session1,5,1,2,244,50,1,DENSE,4,table,1,460,other,un,un,1,-0.692759,102,460,460,-0.721804,-0.721804
List5Session1,5,1,2,245,50,1,DOLLARS,2,change,1,472,other,rel,un,1,-0.626353,102,472,472,-0.644274,-0.644274
List5Session1,5,1,2,246,50,2,EXCUSE,2,laver,1,611,nw,nw,rel,1,-0.523901,200,611,611,-0.528381,-0.519652
List5Session1,5,1,2,247,50,2,PADDY,3,bissue,1,651,nw,nw,nw,1,-0.326992,200,651,651,-0.304589,-0.286033
List5Session1,5,1,2,248,50,1,POLICY,1,rule,1,463,first,rel,nw,1,-0.797696,102,463,463,-0.797696,-0.795958
List5Session1,5,1,2,249,50,2,SILLY,4,whe,1,604,nw,nw,rel,1,-0.55836,200,604,604,-0.567545,-0.560536
List5Session1,5,1,2,250,50,2,CROWD,4,piw,1,708,nw,nw,nw,1,-0.046397,200,708,708,0.014314,0.046874
List5Session1,5,1,2,251,50,2,ROUTINE,2,dok,1,630,nw,nw,nw,1,-0.430369,200,630,630,-0.42208,-0.408683
List5Session1,5,1,2,252,50,2,SOFT,2,ase,1,733,nw,nw,nw,1,0.076671,200,733,733,0.154183,0.192885
List5Session1,5,1,2,253,50,1,LOYALTY,4,carry,1,815,other,un,nw,1,1.271748,102,815,815,1.571791,1.571791
List5Session1,5,1,2,254,50,1,WARMTH,1,heat,1,701,first,rel,un,1,0.331846,102,701,701,0.331846,0.411269
List5Session1,5,1,2,255,50,1,LIVE,4,none,1,783,other,un,rel,1,1.094666,102,783,783,1.365045,1.365045
List5Session1,5,1,2,256,50,2,NICOTINE,1,duperban,1,1087,nw,nw,un,1,1.819315,200,1087,1087,2.134739,2.260413
List5Session1,5,1,2,257,50,2,DITCH,3,beft,1,627,nw,nw,nw,1,-0.445137,200,627,627,-0.438864,-0.426205
List5Session1,5,1,2,258,50,2,KEYS,4,mipe,1,616,nw,nw,nw,1,-0.499287,200,616,616,-0.500407,-0.49045
List5Session1,5,1,2,259,50,2,ONION,4,belp,1,766,nw,nw,nw,1,0.239121,200,766,766,0.338811,0.385621
List5Session1,5,1,2,260,50,1,JAR,1,jelly,1,479,first,rel,nw,1,-0.721761,102,479,479,-0.721761,-0.7148
List5Session1,5,1,2,261,50,2,COMMUNICATION,4,tepper,1,619,nw,nw,rel,1,-0.484519,200,619,619,-0.483623,-0.472929
List5Session1,5,1,2,262,50,1,SERVER,1,waiter,1,449,first,rel,nw,1,-0.86414,102,449,449,-0.86414,-0.866971
List5Session1,5,1,2,263,50,1,FAMINE,3,homeless,1,494,first,un,rel,1,-0.650571,102,494,494,-0.650571,-0.638714
List5Session1,5,1,2,264,50,2,SUEDE,1,thoelace,1,617,nw,nw,un,1,-0.494364,200,617,617,-0.494812,-0.48461
List5Session1,5,1,2,265,50,2,DIRECTIONS,2,naxi,1,559,nw,nw,nw,1,-0.779882,200,559,559,-0.81931,-0.823357
List5Session1,5,1,2,266,50,2,SEW,4,shib,1,520,nw,nw,nw,1,-0.971868,200,520,520,-1.037507,-1.051136
List5Session1,5,1,2,267,50,2,GROCERY,3,endourane,1,562,nw,nw,nw,1,-0.765114,200,562,562,-0.802526,-0.805836
List5Session1,5,1,2,268,50,2,ANNOYING,3,naze,1,682,nw,nw,nw,1,-0.174387,200,682,682,-0.131151,-0.104979
List5Session1,5,1,2,269,50,1,MOVEMENT,1,motion,1,574,first,rel,nw,1,-0.270893,102,574,574,-0.270893,-0.232924
List5Session1,5,1,2,270,50,2,QUICK,2,disuplear,1,631,nw,nw,rel,1,-0.425446,200,631,631,-0.416485,-0.402843
List5Session1,5,1,2,271,50,2,STRIP,3,pexy,1,637,nw,nw,nw,1,-0.39591,200,637,637,-0.382917,-0.3678
List5Session1,5,1,2,272,50,1,BATHROOM,4,thread,1,419,other,un,nw,1,-0.919645,102,419,419,-0.986698,-0.986698
List5Session1,5,1,2,273,50,1,TOMORROW,2,wednesday,1,561,other,rel,un,1,-0.133843,102,561,561,-0.06926,-0.06926
List5Session1,5,1,2,274,50,1,LIPS,3,states,1,729,first,un,rel,1,0.464733,102,729,729,0.464733,0.553295
List5Session1,5,1,2,275,50,2,UP,4,upknowb,1,587,nw,nw,un,1,-0.642046,200,587,587,-0.662656,-0.659824
List5Session1,5,1,2,276,50,2,SWEATER,4,plave,1,610,nw,nw,nw,1,-0.528823,200,610,610,-0.533976,-0.525493
List5Session1,5,1,2,277,50,1,WOMEN,3,bank,1,473,first,un,nw,1,-0.750237,102,473,473,-0.750237,-0.745234
List5Session1,5,1,2,278,50,2,WEEK,4,proteption,1,644,nw,nw,un,1,-0.361451,200,644,644,-0.343753,-0.326917
List5Session1,5,1,2,279,50,1,WICK,1,candle,1,810,first,rel,nw,1,0.849158,102,810,810,0.849158,0.964158
List5Session1,5,1,2,280,50,2,INDIRECT,1,elergency,1,569,nw,nw,rel,1,-0.730655,200,569,569,-0.763362,-0.764952
List5Session1,5,1,2,281,50,2,BOUNTY,1,spissors,1,1041,nw,nw,nw,1,1.592869,200,1041,1041,1.877379,1.991751
List5Session1,5,1,2,282,50,1,ANCESTOR,3,minus,1,455,first,un,nw,1,-0.835664,102,455,455,-0.835664,-0.836537
List5Session1,5,1,2,283,50,1,PIECES,1,puzzle,1,515,first,rel,un,1,-0.550906,102,515,515,-0.550906,-0.532194
List5Session1,5,1,2,284,50,2,STRETCH,1,onte,1,557,nw,nw,rel,1,-0.789728,200,557,557,-0.8305,-0.835038
List5Session1,5,1,2,285,50,1,WAGON,4,five,1,503,other,un,nw,1,-0.454804,102,503,503,-0.443988,-0.443988
List5Session1,5,1,2,286,50,2,INDIAN,2,chana,1,529,nw,nw,un,1,-0.927564,200,529,529,-0.987154,-0.998571
List5Session1,5,1,2,287,50,1,POLITICS,2,republican,1,956,other,rel,nw,1,2.052017,102,956,956,2.482768,2.482768
List5Session1,5,1,2,288,50,1,ILLEGAL,1,drugs,1,484,first,rel,rel,1,-0.698031,102,484,484,-0.698031,-0.689438
List5Session1,5,1,2,289,50,2,VIVID,3,peady,1,688,nw,nw,rel,1,-0.144851,200,688,688,-0.097582,-0.069936
List5Session1,5,1,2,290,50,2,PROOF,3,choome,1,660,nw,nw,nw,1,-0.282687,200,660,660,-0.254236,-0.233469
List5Session1,5,1,2,291,50,2,PHILOSOPHY,1,agology,1,1465,nw,nw,nw,1,3.680103,200,#NULL!,#NULL!,#NULL!,#NULL!
List5Session1,5,1,2,292,50,1,SURGEON,4,trailer,1,622,other,un,nw,1,0.203721,102,622,622,0.324851,0.324851
List5Session1,5,1,2,293,50,1,CONGRESS,3,cover,1,356,first,un,un,1,-1.305516,102,356,356,-1.305516,-1.338702
List5Session1,5,1,2,294,50,2,TOPPING,1,nake,0,325,nw,nw,un,0,#NULL!,#NULL!,#NULL!,#NULL!,#NULL!,#NULL!
List5Session1,5,1,2,295,50,2,DEVIL,1,fide,1,614,nw,nw,nw,1,-0.509132,200,614,614,-0.511597,-0.502131
List5Session1,5,1,2,296,50,2,BINDER,3,trean,1,653,nw,nw,nw,1,-0.317146,200,653,653,-0.2934,-0.274353
List5Session1,5,1,2,297,50,1,FROG,4,tall,1,451,other,un,nw,1,-0.742563,102,451,451,-0.779952,-0.779952
List5Session1,5,1,2,298,50,1,ABSURD,3,satin,1,336,first,un,un,1,-1.400435,102,336,336,-1.400435,-1.44015
List5Session1,5,1,2,299,50,1,FABLE,2,lesson,1,401,other,rel,un,1,-1.019254,102,401,401,-1.102993,-1.102993
List5Session1,5,1,2,300,50,1,AMUSE,2,joke,1,400,other,rel,rel,1,-1.024788,102,400,400,-1.109454,-1.109454
List5Session1,5,1,2,301,50,1,END,4,stripe,1,545,other,un,rel,1,-0.222384,102,545,545,-0.172633,-0.172633
List5Session1,5,1,2,302,50,2,DETAIL,3,bace,1,586,nw,nw,un,1,-0.646969,200,586,586,-0.668251,-0.665664
List5Session1,5,1,2,303,50,1,ECONOMY,2,society,1,465,other,rel,nw,1,-0.66509,102,465,465,-0.6895,-0.6895
List5Session1,5,1,2,304,50,2,STUDENT,3,faimt,1,526,nw,nw,rel,1,-0.942332,200,526,526,-1.003938,-1.016093
List5Session1,5,1,2,305,50,2,BUS,4,shafe,1,585,nw,nw,nw,1,-0.651891,200,585,585,-0.673846,-0.671505
List5Session1,5,1,2,306,50,2,CRACK,3,hanter,1,1168,nw,nw,nw,1,2.218055,200,1168,1168,2.587917,2.733491
List5Session1,5,1,2,307,50,2,FLESH,3,paily,1,625,nw,nw,nw,1,-0.454982,200,625,625,-0.450054,-0.437886
List5Session1,5,1,2,308,50,1,SOCKS,1,shoes,1,1079,first,rel,nw,1,2.125825,102,1079,1079,2.125825,2.328628
List5Session1,5,1,2,309,50,2,CONTROL,1,peometry,1,603,nw,nw,rel,1,-0.563282,200,603,603,-0.573139,-0.566376
List5Session1,5,1,2,310,50,2,CHAIRPERSON,1,plarets,1,513,nw,nw,nw,1,-1.006327,200,513,513,-1.076671,-1.092019
List5Session1,5,1,2,311,50,1,BEAUTY,3,me,1,509,first,un,nw,1,-0.579381,102,509,509,-0.579381,-0.562628
List5Session1,5,1,2,312,50,1,SOBER,4,bored,1,535,other,un,un,1,-0.277722,102,535,535,-0.237242,-0.237242
List5Session1,5,1,2,313,50,2,DANGEROUS,2,apake,1,529,nw,nw,un,1,-0.927564,200,529,529,-0.987154,-0.998571
List5Session1,5,1,2,314,50,2,APPEAL,4,bepin,1,540,nw,nw,nw,1,-0.873414,200,540,540,-0.925611,-0.934326
List5Session1,5,1,2,315,50,2,LACE,1,meader,1,614,nw,nw,nw,1,-0.509132,200,614,614,-0.511597,-0.502131
List5Session1,5,1,2,316,50,1,BLOCKS,4,cave,1,476,other,un,nw,1,-0.604218,102,476,476,-0.618431,-0.618431
List5Session1,5,1,2,317,50,2,DUMB,2,bew,1,681,nw,nw,un,1,-0.17931,200,681,681,-0.136746,-0.110819
List5Session1,5,1,2,318,50,2,AFRICA,1,stoff,1,637,nw,nw,nw,1,-0.39591,200,637,637,-0.382917,-0.3678
List5Session1,5,1,2,319,50,1,SILK,3,circle,1,978,first,un,nw,1,1.646482,102,978,978,1.646482,1.816318
List5Session1,5,1,2,320,50,1,LASER,1,beam,1,923,first,rel,un,1,1.385453,102,923,923,1.385453,1.537337
List5Session1,5,1,2,321,50,1,PARADE,2,circus,1,709,other,rel,rel,1,0.685163,102,709,709,0.886943,0.886943
List5Session1,5,1,2,322,50,2,OBTAIN,4,lidge,1,665,nw,nw,rel,1,-0.258074,200,665,665,-0.226262,-0.204267
List5Session1,5,1,2,323,50,1,ABOVE,3,property,1,510,first,un,nw,1,-0.574635,102,510,510,-0.574635,-0.557556
List5Session1,5,1,2,324,50,2,HUNDRED,1,sharm,1,792,nw,nw,un,1,0.367112,200,792,792,0.484276,0.537473
List5Session1,5,1,2,325,50,1,MUCH,2,many,1,584,other,rel,nw,1,-0.006565,102,584,584,0.079339,0.079339
List5Session1,5,1,2,326,50,1,NUT,2,cracker,1,400,other,rel,rel,1,-1.024788,102,400,400,-1.109454,-1.109454
List5Session1,5,1,2,327,50,1,STEP,1,stair,1,768,first,rel,rel,1,0.649827,102,768,768,0.649827,0.751118
List5Session1,5,1,2,328,50,1,CLAW,1,cat,1,399,first,rel,rel,1,-1.101439,102,399,399,-1.101439,-1.12059
List5Session1,5,1,2,329,50,1,ARTS,3,shot,1,430,first,un,rel,1,-0.954314,102,430,430,-0.954314,-0.963346
List5Session1,5,1,2,330,50,1,FAME,1,fortune,1,397,first,rel,un,1,-1.110931,102,397,397,-1.110931,-1.130735
List5Session1,5,1,2,331,50,2,FIX,2,aff,1,588,nw,nw,rel,1,-0.637123,200,588,588,-0.657061,-0.653983
List5Session1,5,1,2,332,50,1,CAPTIVE,1,prisoner,1,883,first,rel,nw,1,1.195614,102,883,883,1.195614,1.334442
List5Session1,5,1,2,333,50,1,RIBS,2,broken,1,448,other,rel,rel,1,-0.759165,102,448,448,-0.799334,-0.799334
List5Session1,5,1,2,334,50,1,SCRUB,2,dishes,1,397,other,rel,rel,1,-1.04139,102,397,397,-1.128837,-1.128837
List5Session1,5,1,2,335,50,1,MORNING,2,early,1,444,other,rel,rel,1,-0.7813,102,444,444,-0.825177,-0.825177
List5Session1,5,1,2,336,50,2,SWOON,1,gend,1,874,nw,nw,rel,1,0.770775,200,874,874,0.943049,1.016392
List5Session1,5,1,2,337,50,2,TRUSTWORTHY,1,sarm,1,599,nw,nw,nw,1,-0.582973,200,599,599,-0.595519,-0.589738
List5Session1,5,1,2,338,50,2,PRACTICE,1,vanues,1,589,nw,nw,nw,1,-0.6322,200,589,589,-0.651466,-0.648143
List5Session1,5,1,2,339,50,1,CONTRACT,3,bat,1,373,first,un,nw,1,-1.224834,102,373,373,-1.224834,-1.252472
List5Session1,5,1,2,340,50,2,STOVE,4,pronect,1,517,nw,nw,un,1,-0.986636,200,517,517,-1.054291,-1.068657
List5Session1,5,1,2,341,50,1,UNIFORM,3,shop,1,431,first,un,nw,1,-0.949568,102,431,431,-0.949568,-0.958274
List5Session1,5,1,2,342,50,1,SOUP,4,monster,1,430,other,un,un,1,-0.858773,102,430,430,-0.915629,-0.915629
List5Session1,5,1,2,343,50,1,ASSISTANCE,2,helper,1,412,other,rel,un,1,-0.958382,102,412,412,-1.031924,-1.031924
List5Session1,5,1,2,344,50,2,TRUST,2,drot,1,555,nw,nw,rel,1,-0.799573,200,555,555,-0.841689,-0.846719
List5Session1,5,1,2,345,50,1,MEMBER,1,club,1,452,first,rel,nw,1,-0.849902,102,452,452,-0.849902,-0.851754
List5Session1,5,1,2,346,50,2,FITNESS,3,besus,1,497,nw,nw,rel,1,-1.085091,200,497,497,-1.166187,-1.185466
List5Session1,5,1,2,347,50,2,CATCH,2,daith,1,492,nw,nw,nw,1,-1.109704,200,492,492,-1.194161,-1.214669
List5Session1,5,1,2,348,50,2,PLUSH,4,sasple,1,566,nw,nw,nw,1,-0.745423,200,566,566,-0.780147,-0.782474
List5Session1,5,1,2,349,50,1,INSTINCT,3,foot,1,719,first,un,nw,1,0.417274,102,719,719,0.417274,0.502571
List5Session1,5,1,2,350,50,1,CRUDE,2,disgusting,1,753,other,rel,un,1,0.928651,102,753,753,1.17122,1.17122
List5Session1,5,1,2,351,50,2,CURTAINS,2,wending,1,1058,nw,nw,rel,1,1.676556,200,1058,1058,1.97249,2.091039
List5Session1,5,1,2,352,50,1,STUFF,2,trash,1,503,other,rel,nw,1,-0.454804,102,503,503,-0.443988,-0.443988
List5Session1,5,1,2,353,50,2,MALL,3,sreed,1,834,nw,nw,rel,1,0.573866,200,834,834,0.719257,0.782773
List5Session1,5,1,2,354,50,1,WRINKLE,4,try,1,479,other,un,nw,1,-0.587616,102,479,479,-0.599048,-0.599048
List5Session1,5,1,2,355,50,1,RUM,1,coke,1,443,first,rel,un,1,-0.892616,102,443,443,-0.892616,-0.897405
List5Session1,5,1,2,356,50,2,ATTITUDE,2,insrument,1,729,nw,nw,rel,1,0.05698,200,729,729,0.131804,0.169523
List5Session1,5,1,2,357,50,2,SECLUDED,2,sinp,0,363,nw,nw,nw,0,#NULL!,#NULL!,#NULL!,#NULL!,#NULL!,#NULL!
List5Session1,5,1,2,358,50,1,IMPORTANT,4,headache,1,634,other,un,nw,1,0.270127,102,634,634,0.402381,0.402381
List5Session1,5,1,2,359,50,1,REMIND,4,confusion,1,463,other,un,un,1,-0.676157,102,463,463,-0.702422,-0.702422
List5Session1,5,1,2,360,50,1,ANIMAL,4,subtract,1,621,other,un,un,1,0.198187,102,621,621,0.31839,0.31839
List5Session1,5,1,2,361,50,2,ECSTASY,2,taib,1,595,nw,nw,un,1,-0.602664,200,595,595,-0.617898,-0.6131
List5Session1,5,1,2,362,50,1,BOIL,4,happy,1,442,other,un,nw,1,-0.792367,102,442,442,-0.838099,-0.838099
List5Session1,5,1,2,363,50,1,CAUSE,4,thursday,1,664,other,un,un,1,0.436141,102,664,664,0.596206,0.596206
List5Session1,5,1,2,364,50,1,PUB,2,restaurant,1,492,other,rel,un,1,-0.515676,102,492,492,-0.515058,-0.515058
List5Session1,5,1,2,365,50,2,PIANO,2,painling,1,728,nw,nw,rel,1,0.052058,200,728,728,0.126209,0.163683
List5Session1,5,1,2,366,50,1,ROB,2,thief,1,779,other,rel,nw,1,1.072531,102,779,779,1.339201,1.339201
List5Session1,5,1,2,367,50,2,FLOAT,1,unplear,1,539,nw,nw,rel,1,-0.878336,200,539,539,-0.931206,-0.940167
List5Session1,5,1,2,368,50,2,TERROR,3,enplish,1,676,nw,nw,nw,1,-0.203924,200,676,676,-0.16472,-0.140022
List5Session1,5,1,2,369,50,2,SHIFT,1,powen,0,553,nw,nw,nw,0,#NULL!,#NULL!,#NULL!,#NULL!,#NULL!,#NULL!
List5Session1,5,1,2,370,50,1,REACTION,1,action,1,962,first,rel,nw,1,1.570546,102,962,962,1.570546,1.73516
List5Session1,5,1,2,371,50,1,SUPPOSE,4,tumble,0,539,other,un,rel,0,#NULL!,#NULL!,#NULL!,#NULL!,#NULL!,#NULL!
List5Session1,5,1,2,372,50,2,RACE,2,powdoy,1,692,nw,nw,un,1,-0.12516,200,692,692,-0.075203,-0.046574
List5Session1,5,1,2,373,50,1,SHOULDER,3,ankle,1,488,first,un,nw,1,-0.679047,102,488,488,-0.679047,-0.669148
List5Session1,5,1,2,374,50,1,CHOCOLATE,1,candy,1,419,first,rel,un,1,-1.006519,102,419,419,-1.006519,-1.019142
List5Session1,5,1,2,375,50,2,TIME,1,betinner,1,609,nw,nw,rel,1,-0.533746,200,609,609,-0.539571,-0.531333
List5Session1,5,1,2,376,50,2,FAST,1,dast,1,600,nw,nw,nw,1,-0.578051,200,600,600,-0.589924,-0.583898
List5Session1,5,1,2,377,50,1,COPY,4,thumb,1,1022,other,un,nw,1,2.41725,102,1022,1022,2.909183,2.909183
List5Session1,5,1,2,378,50,1,UNTRUE,3,brave,1,484,first,un,un,1,-0.698031,102,484,484,-0.698031,-0.689438
List5Session1,5,1,2,379,50,1,TRADITION,2,always,1,433,other,rel,un,1,-0.842172,102,433,433,-0.896247,-0.896247
List5Session1,5,1,2,380,50,2,SPINE,2,bemieve,1,558,nw,nw,rel,1,-0.784805,200,558,558,-0.824905,-0.829198
List5Session1,5,1,2,381,50,1,WIDTH,1,length,1,423,first,rel,nw,1,-0.987535,102,423,423,-0.987535,-0.998853
List5Session1,5,1,2,382,50,1,PERSONNEL,2,staff,1,390,other,rel,rel,1,-1.080126,102,390,390,-1.174062,-1.174062
List5Session1,5,1,2,383,50,2,PAT,1,dinagree,1,598,nw,nw,rel,1,-0.587896,200,598,598,-0.601113,-0.595579
List5Session1,5,1,2,384,50,2,WART,3,sundwach,1,1037,nw,nw,nw,1,1.573179,200,1037,1037,1.855,1.968389
List5Session1,5,1,2,385,50,2,TUBA,1,chenf,1,546,nw,nw,nw,1,-0.843877,200,546,546,-0.892042,-0.899283
List5Session1,5,1,2,386,50,1,CIRCUMSTANCE,3,ruler,1,381,first,un,nw,1,-1.186866,102,381,381,-1.186866,-1.211893
List5Session1,5,1,2,387,50,1,GIGGLE,1,laugh,1,365,first,rel,un,1,-1.262802,102,365,365,-1.262802,-1.293051
List5Session1,5,1,2,388,50,1,SHOVEL,2,sand,1,412,other,rel,rel,1,-0.958382,102,412,412,-1.031924,-1.031924
List5Session1,5,1,2,389,50,1,MAGNIFY,3,trade,1,412,first,un,rel,1,-1.039741,102,412,412,-1.039741,-1.054649
List5Session1,5,1,2,390,50,2,DRAWING,2,delp,1,571,nw,nw,un,1,-0.720809,200,571,571,-0.752173,-0.753271
List5Session1,5,1,2,391,50,1,DEAL,1,cards,1,483,first,rel,nw,1,-0.702777,102,483,483,-0.702777,-0.69451
List5Session1,5,1,2,392,50,2,GLARE,1,jeak,1,798,nw,nw,rel,1,0.396648,200,798,798,0.517845,0.572516
List5Session1,5,1,2,393,50,1,RUDE,2,polite,1,542,other,rel,nw,1,-0.238985,102,542,542,-0.192016,-0.192016
List5Session1,5,1,2,394,50,1,CAGE,4,wide,1,456,other,un,rel,1,-0.714894,102,456,456,-0.747647,-0.747647
List5Session1,5,1,2,395,50,2,VICTOR,4,sibuation,1,645,nw,nw,un,1,-0.356528,200,645,645,-0.338158,-0.321076
List5Session1,5,1,2,396,50,2,UNDER,4,nath,1,554,nw,nw,nw,1,-0.804496,200,554,554,-0.847284,-0.852559
List5Session1,5,1,2,397,50,1,ARTERY,1,vein,1,546,first,rel,nw,1,-0.40378,102,546,546,-0.40378,-0.37495
List5Session1,5,1,2,398,50,2,SNEEZE,3,renp,1,539,nw,nw,rel,1,-0.878336,200,539,539,-0.931206,-0.940167
List5Session1,5,1,2,399,50,2,MORSE,3,artor,1,645,nw,nw,nw,1,-0.356528,200,645,645,-0.338158,-0.321076
List5Session1,5,1,2,400,50,2,PAPER,2,chrint,1,538,nw,nw,nw,1,-0.883259,200,538,538,-0.936801,-0.946007
List5Session1,5,1,2,401,50,2,SPIT,2,fote,1,573,nw,nw,nw,1,-0.710964,200,573,573,-0.740983,-0.74159
List5Session1,5,1,2,402,50,1,METAL,2,plastic,1,709,other,rel,nw,1,0.685163,102,709,709,0.886943,0.886943
List5Session1,5,1,2,403,50,1,VEGETABLE,4,coat,1,487,other,un,rel,1,-0.543345,102,487,487,-0.547362,-0.547362
List5Session1,5,1,2,404,50,1,WINDOW,3,owl,1,514,first,un,un,1,-0.555651,102,514,514,-0.555651,-0.537266
List5Session1,5,1,2,405,50,1,TRUCE,4,simple,1,461,other,un,un,1,-0.687225,102,461,461,-0.715343,-0.715343
List5Session1,5,1,2,406,50,1,PADDLE,4,period,1,427,other,un,un,1,-0.875375,102,427,427,-0.935012,-0.935012
List5Session1,5,1,2,407,50,2,MIGHT,1,paked,1,985,nw,nw,un,1,1.317197,200,985,985,1.564071,1.664685
List5Session1,5,1,2,408,50,1,HESITATE,1,wait,1,480,first,rel,nw,1,-0.717015,102,480,480,-0.717015,-0.709727
List5Session1,5,1,2,409,50,1,HOUND,4,city,1,412,other,un,rel,1,-0.958382,102,412,412,-1.031924,-1.031924
List5Session1,5,1,2,410,50,2,EXCEPTIONAL,3,geutron,1,508,nw,nw,un,1,-1.030941,200,508,508,-1.104645,-1.121221
List5Session1,5,1,2,411,50,1,OXYGEN,4,write,1,454,other,un,nw,1,-0.725962,102,454,454,-0.760569,-0.760569
List5Session1,5,1,2,412,50,2,RIGHTEOUSNESS,3,aumo,1,580,nw,nw,un,1,-0.676505,200,580,580,-0.70182,-0.700707
List5Session1,5,1,2,413,50,1,DIVISION,4,beautiful,1,444,other,un,nw,1,-0.7813,102,444,444,-0.825177,-0.825177
List5Session1,5,1,2,414,50,2,SMOTHER,1,tas,1,536,nw,nw,un,1,-0.893105,200,536,536,-0.94799,-0.957688
List5Session1,5,1,2,415,50,2,LANGUAGE,3,adotescent,1,627,nw,nw,nw,1,-0.445137,200,627,627,-0.438864,-0.426205
List5Session1,5,1,2,416,50,2,STORE,2,garpen,1,633,nw,nw,nw,1,-0.415601,200,633,633,-0.405296,-0.391162
List5Session1,5,1,2,417,1050,1,SAY,2,something,1,727,other,rel,nw,1,0.675878,103,727,727,0.675878,0.838748
List5Session1,5,1,2,418,1050,2,DEFENSE,1,piln,1,674,nw,nw,rel,1,-0.126792,195,674,674,-0.066014,-0.029037
List5Session1,5,1,2,419,1050,2,CITIZEN,1,sut,1,862,nw,nw,nw,1,0.59858,195,862,862,0.927665,1.040259
List5Session1,5,1,2,420,1050,1,OKAY,3,zero,1,467,first,un,nw,1,-0.692492,103,467,467,-0.70103,-0.70147
List5Session1,5,1,2,421,1050,2,GREATEST,2,symtathy,1,807,nw,nw,un,1,0.38637,195,807,807,0.636961,0.727433
List5Session1,5,1,2,422,1050,1,HABIT,2,nun,1,814,other,rel,nw,1,1.145596,103,814,814,1.145596,1.36038
List5Session1,5,1,2,423,1050,1,NECK,2,collar,1,884,other,rel,rel,1,1.52353,103,884,884,1.52353,1.780083
List5Session1,5,1,2,424,1050,1,ORDINARY,3,swing,1,487,first,un,rel,1,-0.565304,103,487,487,-0.565296,-0.559446
List5Session1,5,1,2,425,1050,1,DARK,2,cold,1,427,other,rel,un,1,-0.943839,103,427,427,-0.943839,-0.959982
List5Session1,5,1,2,426,1050,1,TICKET,3,below,1,528,first,un,rel,1,-0.30457,103,528,528,-0.287039,-0.268298
List5Session1,5,1,2,427,1050,1,PAIR,3,operation,1,499,first,un,un,1,-0.488992,103,499,499,-0.483855,-0.474232
List5Session1,5,1,2,428,1050,2,INHALE,1,setate,1,582,nw,nw,un,1,-0.48176,195,582,582,-0.552283,-0.55231
List5Session1,5,1,2,429,1050,2,ALLERGY,3,fipish,1,550,nw,nw,nw,1,-0.605228,195,550,550,-0.72142,-0.734318
List5Session1,5,1,2,430,1050,2,DARKNESS,4,pum,1,647,nw,nw,nw,1,-0.230967,195,647,647,-0.208723,-0.182607
List5Session1,5,1,2,431,1050,1,TOW,4,government,1,500,other,un,nw,1,-0.549708,103,500,500,-0.549708,-0.522291
List5Session1,5,1,2,432,1050,2,POWERFUL,1,prash,1,679,nw,nw,un,1,-0.1075,195,679,679,-0.039586,-0.000599
List5Session1,5,1,2,433,1050,2,SWEAR,2,scaved,1,675,nw,nw,nw,1,-0.122933,195,675,675,-0.060729,-0.02335
List5Session1,5,1,2,434,1050,2,APPROVAL,4,gio,1,542,nw,nw,nw,1,-0.636095,195,542,542,-0.763704,-0.77982
List5Session1,5,1,2,435,1050,2,HANDBAG,2,himple,1,544,nw,nw,nw,1,-0.628378,195,544,544,-0.753133,-0.768445
List5Session1,5,1,2,436,1050,1,BUBBLE,3,chaos,1,530,first,un,nw,1,-0.291852,103,530,530,-0.273466,-0.254096
List5Session1,5,1,2,437,1050,2,PLENTY,1,pightning,1,547,nw,nw,un,1,-0.616803,195,547,547,-0.737276,-0.751382
List5Session1,5,1,2,438,1050,2,CINNAMON,1,bature,1,613,nw,nw,nw,1,-0.362151,195,613,613,-0.388431,-0.37599
List5Session1,5,1,2,439,1050,1,BIG,2,grand,1,356,other,rel,nw,1,-1.327172,103,356,356,-1.327172,-1.385682
List5Session1,5,1,2,440,1050,2,HURT,3,monorcyple,1,669,nw,nw,rel,1,-0.146083,195,669,669,-0.092442,-0.057476
List5Session1,5,1,2,441,1050,1,PRICELESS,4,slippery,1,585,other,un,nw,1,-0.090788,103,585,585,-0.090788,-0.012651
List5Session1,5,1,2,442,1050,1,MIDDLE,3,alone,1,392,first,un,un,1,-1.169444,103,392,392,-1.210036,-1.234058
List5Session1,5,1,2,443,1050,1,DARING,3,ghost,1,480,first,un,un,1,-0.60982,103,480,480,-0.612803,-0.609155
List5Session1,5,1,2,444,1050,1,SHORTS,4,square,1,436,other,un,un,1,-0.895247,103,436,436,-0.895247,-0.90602
List5Session1,5,1,2,445,1050,2,CURE,4,hurnilane,1,681,nw,nw,un,1,-0.099783,195,681,681,-0.029015,0.010777
List5Session1,5,1,2,446,1050,1,JURY,2,twelve,1,501,other,rel,nw,1,-0.544309,103,501,501,-0.544309,-0.516296
List5Session1,5,1,2,447,1050,1,SHAKE,3,boring,1,503,first,un,rel,1,-0.463555,103,503,503,-0.456708,-0.445827
List5Session1,5,1,2,448,1050,2,MYTH,1,siln,1,539,nw,nw,un,1,-0.64767,195,539,539,-0.77956,-0.796884
List5Session1,5,1,2,449,1050,1,SUSPECT,2,jail,1,428,other,rel,nw,1,-0.93844,103,428,428,-0.93844,-0.953987
List5Session1,5,1,2,450,1050,1,EGO,1,id,1,626,first,rel,rel,1,0.318647,103,626,626,0.378061,0.427617
List5Session1,5,1,2,451,1050,2,WEB,2,toasp,0,528,nw,nw,rel,0,#NULL!,#NULL!,#NULL!,#NULL!,#NULL!,#NULL!
List5Session1,5,1,2,452,1050,1,FRENCH,1,fries,1,419,first,rel,nw,1,-0.997741,103,419,419,-1.026794,-1.042326
List5Session1,5,1,2,453,1050,2,SENTRY,1,dama,0,665,nw,nw,rel,0,#NULL!,#NULL!,#NULL!,#NULL!,#NULL!,#NULL!
List5Session1,5,1,2,454,1050,2,CHOICE,3,hobe,1,853,nw,nw,nw,1,0.563854,195,853,853,0.880096,0.98907
List5Session1,5,1,2,455,1050,1,PRINCE,3,navy,1,505,first,un,nw,1,-0.450836,103,505,505,-0.443134,-0.431625
List5Session1,5,1,2,456,1050,2,UNITED,3,norgal,1,509,nw,nw,un,1,-0.76342,195,509,509,-0.938126,-0.967516
List5Session1,5,1,2,457,1050,2,VAULT,2,wao,1,655,nw,nw,nw,1,-0.2001,195,655,655,-0.166439,-0.137105
List5Session1,5,1,2,458,1050,1,HAVOC,3,mixture,1,508,first,un,nw,1,-0.431758,103,508,508,-0.422774,-0.410322
List5Session1,5,1,2,459,1050,2,TOOTHPASTE,1,buminess,1,624,nw,nw,un,1,-0.319709,195,624,624,-0.33029,-0.313425
List5Session1,5,1,2,460,1050,2,CORPORAL,3,bish,1,957,nw,nw,nw,1,0.965123,195,957,957,1.42979,1.580595
List5Session1,5,1,2,461,1050,1,QUACK,3,tear,1,431,first,un,nw,1,-0.921429,103,431,431,-0.945353,-0.957112
List5Session1,5,1,2,462,1050,1,FLAG,1,american,1,596,first,rel,un,1,0.127866,103,596,596,0.174459,0.214582
List5Session1,5,1,2,463,1050,1,TRANSPLANT,1,heart,1,595,first,rel,rel,1,0.121507,103,595,595,0.167672,0.207481
List5Session1,5,1,2,464,1050,1,BRANCH,4,pickles,1,1075,other,un,rel,1,2.55475,103,#NULL!,1075,#NULL!,2.55475
List5Session1,5,1,2,465,1050,2,INFORMATION,1,meap,1,1230,nw,nw,un,1,2.018455,195,1230,1230,2.87274,3.133351
List5Session1,5,1,2,466,1050,2,LEARN,3,stoiled,1,693,nw,nw,nw,1,-0.053483,195,693,693,0.034411,0.07903
List5Session1,5,1,2,467,1050,1,CRATER,4,hell,1,433,other,un,nw,1,-0.911445,103,433,433,-0.911445,-0.924008
List5Session1,5,1,2,468,1050,1,POWDER,4,milk,1,422,other,un,un,1,-0.970834,103,422,422,-0.970834,-0.989961
List5Session1,5,1,2,469,1050,2,SOLID,4,stiple,1,589,nw,nw,un,1,-0.454752,195,589,589,-0.515284,-0.512496
List5Session1,5,1,2,470,1050,1,OBOE,4,separate,1,603,other,un,nw,1,0.006395,103,603,603,0.006395,0.095273
List5Session1,5,1,2,471,1050,1,LEMON,2,fruit,1,458,other,rel,un,1,-0.776468,103,458,458,-0.776468,-0.774114
List5Session1,5,1,2,472,1050,1,CATTLE,4,seller,1,607,other,un,rel,1,0.027991,103,607,607,0.027991,0.119256
List5Session1,5,1,2,473,1050,1,OVAL,2,office,1,526,other,rel,un,1,-0.409332,103,526,526,-0.409332,-0.366401
List5Session1,5,1,2,474,1050,2,MEASUREMENT,3,bood,1,736,nw,nw,rel,1,0.112427,195,736,736,0.261689,0.323603
List5Session1,5,1,2,475,1050,1,CLOSE,4,priest,1,681,other,un,nw,1,0.427521,103,681,681,0.427521,0.562943
List5Session1,5,1,2,476,1050,1,HEIGHTS,2,mountains,1,485,other,rel,un,1,-0.630694,103,485,485,-0.630694,-0.612228
List5Session1,5,1,2,477,1050,1,UNDERSTAND,4,knit,1,504,other,un,rel,1,-0.528112,103,504,504,-0.528112,-0.498308
List5Session1,5,1,2,478,1050,1,COLUMN,3,hallway,1,538,first,un,un,1,-0.240977,103,538,538,-0.219172,-0.197286
List5Session1,5,1,2,479,1050,1,PRICKLY,1,cactus,1,477,first,rel,un,1,-0.628898,103,477,477,-0.633163,-0.630458
List5Session1,5,1,2,480,1050,1,FUNGI,4,hotel,1,449,other,un,rel,1,-0.82506,103,449,449,-0.82506,-0.828075
List5Session1,5,1,2,481,1050,2,COLLECT,2,topato,1,630,nw,nw,un,1,-0.296559,195,630,630,-0.298577,-0.279298
List5Session1,5,1,2,482,1050,2,HARLEY,2,caming,1,932,nw,nw,nw,1,0.868664,195,932,932,1.297652,1.438402
List5Session1,5,1,2,483,1050,2,HOME,4,befeat,1,535,nw,nw,nw,1,-0.663103,195,535,535,-0.800702,-0.819635
List5Session1,5,1,2,484,1050,2,ADJOURN,2,anough,1,537,nw,nw,nw,1,-0.655386,195,537,537,-0.790131,-0.808259
List5Session1,5,1,2,485,1050,2,CANAL,4,clomb,1,745,nw,nw,nw,1,0.147152,195,745,745,0.309258,0.374793
List5Session1,5,1,2,486,1050,2,BURGLARY,3,frowers,1,627,nw,nw,nw,1,-0.308134,195,627,627,-0.314434,-0.296362
List5Session1,5,1,2,487,1050,2,POLISH,3,pabinet,1,529,nw,nw,nw,1,-0.686253,195,529,529,-0.832416,-0.853761
List5Session1,5,1,2,488,1050,1,THANKS,1,welcome,1,515,first,rel,nw,1,-0.387242,103,515,515,-0.375267,-0.360613
List5Session1,5,1,2,489,1050,1,INTERVIEW,2,nervous,1,518,other,rel,rel,1,-0.452525,103,518,518,-0.452525,-0.414368
List5Session1,5,1,2,490,1050,2,STICK,2,stige,1,584,nw,nw,rel,1,-0.474044,195,584,584,-0.541712,-0.540935
List5Session1,5,1,2,491,1050,1,IRON,3,plain,1,391,first,un,nw,1,-1.175803,103,391,391,-1.216823,-1.241159
List5Session1,5,1,2,492,1050,2,ARGUMENT,4,biomogy,1,527,nw,nw,un,1,-0.69397,195,527,527,-0.842987,-0.865136
List5Session1,5,1,2,493,1050,1,CARESS,4,purple,1,432,other,un,nw,1,-0.916844,103,432,432,-0.916844,-0.930004
List5Session1,5,1,2,494,1050,1,RESERVATION,2,save,1,533,other,rel,un,1,-0.371539,103,533,533,-0.371539,-0.324431
List5Session1,5,1,2,495,1050,1,TRAIN,4,shallow,1,471,other,un,rel,1,-0.70628,103,471,471,-0.70628,-0.696169
List5Session1,5,1,2,496,1050,2,BURIAL,3,brish,1,588,nw,nw,un,1,-0.45861,195,588,588,-0.520569,-0.518184
List5Session1,5,1,2,497,1050,2,GHOUL,3,nuck,1,796,nw,nw,nw,1,0.343928,195,796,796,0.57882,0.664868
List5Session1,5,1,2,498,1050,2,TACKLE,4,exoct,1,595,nw,nw,nw,1,-0.431602,195,595,595,-0.483571,-0.47837
List5Session1,5,1,2,499,1050,1,HINDSIGHT,1,foresight,1,803,first,rel,nw,1,1.444255,103,803,803,1.579314,1.684526
List5Session1,5,1,2,500,1050,1,STILL,4,similar,1,633,other,un,rel,1,0.168367,103,633,633,0.168367,0.275146
List5Session1,5,1,2,501,1050,2,FRECKLE,2,arns,1,651,nw,nw,un,1,-0.215534,195,651,651,-0.187581,-0.159856
List5Session1,5,1,2,502,1050,2,TROPICAL,4,dirny,1,487,nw,nw,nw,1,-0.848304,195,487,487,-1.054408,-1.092646
List5Session1,5,1,2,503,1050,2,TASTE,2,im,1,491,nw,nw,nw,1,-0.832871,195,491,491,-1.033266,-1.069895
List5Session1,5,1,2,504,1050,2,FORMAL,1,sopority,1,463,nw,nw,nw,1,-0.940905,195,463,463,-1.181261,-1.229152
List5Session1,5,1,2,505,1050,1,HAMMOCK,3,unfair,1,1026,first,un,nw,1,2.862394,103,#NULL!,1026,#NULL!,3.092758
List5Session1,5,1,2,506,1050,1,TONE,1,sound,1,433,first,rel,un,1,-0.90871,103,433,433,-0.93178,-0.94291
List5Session1,5,1,2,507,1050,2,CHECKERS,2,anpwer,1,599,nw,nw,rel,1,-0.416168,195,599,599,-0.462429,-0.455619
List5Session1,5,1,2,508,1050,2,STATISTICS,2,selch,1,486,nw,nw,nw,1,-0.852163,195,486,486,-1.059693,-1.098334
List5Session1,5,1,2,509,1050,1,RASH,1,itch,1,842,first,rel,nw,1,1.69227,103,842,842,1.843997,1.961472
List5Session1,5,1,2,510,1050,1,FASCISM,3,god,1,831,first,un,rel,1,1.622317,103,831,831,1.769343,1.883359
List5Session1,5,1,2,511,1050,1,NAIVE,2,innocent,1,709,other,rel,un,1,0.578695,103,709,709,0.578695,0.730824
List5Session1,5,1,2,512,1050,2,SCENERY,3,jow,1,527,nw,nw,rel,1,-0.69397,195,527,527,-0.842987,-0.865136
List5Session1,5,1,2,513,1050,1,PARADISE,3,add,1,465,first,un,nw,1,-0.70521,103,465,465,-0.714604,-0.715672
List5Session1,5,1,2,514,1050,2,CHEW,2,noetry,1,581,nw,nw,un,1,-0.485619,195,581,581,-0.557568,-0.557998
List5Session1,5,1,2,515,1050,2,RUNG,3,retuse,0,822,nw,nw,nw,0,#NULL!,#NULL!,#NULL!,#NULL!,#NULL!,#NULL!
List5Session1,5,1,2,516,1050,2,EWE,2,oxit,1,668,nw,nw,nw,1,-0.149942,195,668,668,-0.097727,-0.063164
List5Session1,5,1,2,517,1050,1,SALOON,1,bar,1,392,first,rel,nw,1,-1.169444,103,392,392,-1.210036,-1.234058
List5Session1,5,1,2,518,1050,1,FIRST,1,last,1,544,first,rel,rel,1,-0.202821,103,544,544,-0.178451,-0.154679
List5Session1,5,1,2,519,1050,2,COMMAND,2,wiln,1,611,nw,nw,rel,1,-0.369868,195,611,611,-0.399002,-0.387366
List5Session1,5,1,2,520,1050,2,BOUNDARY,4,alnohol,1,625,nw,nw,nw,1,-0.315851,195,625,625,-0.325005,-0.307737
List5Session1,5,1,2,521,1050,2,BANDANNA,2,ceneal,1,527,nw,nw,nw,1,-0.69397,195,527,527,-0.842987,-0.865136
List5Session1,5,1,2,522,1050,2,CONQUER,1,dorst,1,561,nw,nw,nw,1,-0.562786,195,561,561,-0.663279,-0.671753
List5Session1,5,1,2,523,1050,1,GRIEF,4,pound,1,482,other,un,nw,1,-0.646891,103,482,482,-0.646891,-0.630215
List5Session1,5,1,2,524,1050,2,DISH,3,nocket,1,486,nw,nw,un,1,-0.852163,195,486,486,-1.059693,-1.098334
List5Session1,5,1,2,525,1050,1,MEANS,2,ability,1,585,other,rel,nw,1,-0.090788,103,585,585,-0.090788,-0.012651
List5Session1,5,1,2,526,1050,2,SUM,3,questiop,1,489,nw,nw,rel,1,-0.840588,195,489,489,-1.043837,-1.081271
List5Session1,5,1,2,527,1050,1,THICK,3,insurance,1,492,first,un,nw,1,-0.533508,103,492,492,-0.531362,-0.52394
List5Session1,5,1,2,528,1050,1,DIG,3,fox,1,399,first,un,un,1,-1.124929,103,399,399,-1.162529,-1.18435
List5Session1,5,1,2,529,1050,1,PHANTOM,4,wheelchair,1,885,other,un,un,1,1.528929,103,885,885,1.528929,1.786079
List5Session1,5,1,2,530,1050,1,SALUTE,4,ocean,1,569,other,un,un,1,-0.177173,103,569,569,-0.177173,-0.108583
List5Session1,5,1,2,531,1050,1,FORWARD,1,backward,1,474,first,rel,un,1,-0.647976,103,474,474,-0.653523,-0.651762
List5Session1,5,1,2,532,1050,1,TACK,3,great,1,526,first,un,rel,1,-0.317289,103,526,526,-0.300613,-0.2825
List5Session1,5,1,2,533,1050,2,ROOF,4,trincess,0,384,nw,nw,un,0,#NULL!,#NULL!,#NULL!,#NULL!,#NULL!,#NULL!
List5Session1,5,1,2,534,1050,2,BRIDGE,2,mealth,1,568,nw,nw,nw,1,-0.535777,195,568,568,-0.62628,-0.631939
List5Session1,5,1,2,535,1050,1,HARMONY,2,sing,1,553,other,rel,nw,1,-0.263558,103,553,553,-0.263558,-0.204516
List5Session1,5,1,2,536,1050,1,HAND,1,finger,1,521,first,rel,rel,1,-0.349086,103,521,521,-0.334546,-0.318006
List5Session1,5,1,2,537,1050,2,BIKE,3,mawn,1,843,nw,nw,rel,1,0.525271,195,843,843,0.82724,0.932192
List5Session1,5,1,2,538,1050,1,MONUMENT,2,washington,1,592,other,rel,nw,1,-0.052995,103,592,592,-0.052995,0.029319
List5Session1,5,1,2,539,1050,2,BELT,4,klow,1,576,nw,nw,rel,1,-0.50491,195,576,576,-0.583996,-0.586437
List5Session1,5,1,2,540,1050,2,PROVERB,1,onen,1,544,nw,nw,nw,1,-0.628378,195,544,544,-0.753133,-0.768445
List5Session1,5,1,2,541,1050,2,REGRET,1,trilk,1,545,nw,nw,nw,1,-0.62452,195,545,545,-0.747847,-0.762757
List5Session1,5,1,2,542,1050,1,NICKEL,4,short,1,579,other,un,nw,1,-0.123182,103,579,579,-0.123182,-0.048626
List5Session1,5,1,2,543,1050,2,DISHONEST,4,alnoy,1,563,nw,nw,un,1,-0.555069,195,563,563,-0.652708,-0.660378
List5Session1,5,1,2,544,1050,1,CAULIFLOWER,3,scare,1,626,first,un,nw,1,0.318647,103,626,626,0.378061,0.427617
List5Session1,5,1,2,545,1050,1,WAGE,2,minimum,1,977,other,rel,un,1,2.025642,103,977,977,2.025642,2.33769
List5Session1,5,1,2,546,1050,2,PLUG,4,anuse,1,513,nw,nw,rel,1,-0.747987,195,513,513,-0.916984,-0.944765
List5Session1,5,1,2,547,1050,1,WED,4,idiot,1,916,other,un,nw,1,1.6963,103,916,916,1.6963,1.971948
List5Session1,5,1,2,548,1050,1,EMOTION,3,shoe,1,934,first,un,un,1,2.277332,103,934,934,2.468378,2.61478
List5Session1,5,1,2,549,1050,2,RESTRICTION,1,hustand,1,711,nw,nw,un,1,0.015968,195,711,711,0.129551,0.181409
List5Session1,5,1,2,550,1050,2,VILLAIN,3,neighlorgoo,1,835,nw,nw,nw,1,0.494404,195,835,835,0.784956,0.88669
List5Session1,5,1,2,551,1050,1,FINISHED,3,quart,1,551,first,un,nw,1,-0.158305,103,551,551,-0.130944,-0.104971
List5Session1,5,1,2,552,1050,1,WATERFALL,4,builder,1,455,other,un,un,1,-0.792665,103,455,455,-0.792665,-0.792101
List5Session1,5,1,2,553,1050,2,SUDS,4,pyrup,1,525,nw,nw,un,1,-0.701687,195,525,525,-0.853558,-0.876512
List5Session1,5,1,2,554,1050,1,BEANS,1,rice,1,367,first,rel,nw,1,-1.328428,103,367,367,-1.379704,-1.411588
List5Session1,5,1,2,555,1050,2,GRAVITY,4,jimp,1,678,nw,nw,rel,1,-0.111358,195,678,678,-0.044872,-0.006286
List5Session1,5,1,2,556,1050,2,COD,1,tand,1,483,nw,nw,nw,1,-0.863738,195,483,483,-1.07555,-1.115397
List5Session1,5,1,2,557,1050,2,SLIME,2,arrobant,1,647,nw,nw,nw,1,-0.230967,195,647,647,-0.208723,-0.182607
List5Session1,5,1,2,558,1050,2,SWAMP,2,flude,1,901,nw,nw,nw,1,0.749055,195,901,901,1.133801,1.262081
List5Session1,5,1,2,559,1050,1,PICK,3,carrot,1,918,first,un,nw,1,2.175582,103,918,918,2.35979,2.501161
List5Session1,5,1,2,560,1050,2,COOK,4,ob,1,473,nw,nw,un,1,-0.902321,195,473,473,-1.128405,-1.172275
List5Session1,5,1,2,561,1050,2,HEARING,2,colmunist,0,669,nw,nw,nw,0,#NULL!,#NULL!,#NULL!,#NULL!,#NULL!,#NULL!
List5Session1,5,1,2,562,1050,1,PROTESTANT,1,catholic,1,634,first,rel,nw,1,0.369522,103,634,634,0.432355,0.484427
List5Session1,5,1,2,563,1050,1,THESAURUS,1,words,1,760,first,rel,rel,1,1.170802,103,760,760,1.287485,1.379175
List5Session1,5,1,2,564,1050,2,BUILDING,4,dist,1,592,nw,nw,rel,1,-0.443177,195,592,592,-0.499427,-0.495433
List5Session1,5,1,2,565,1050,2,CREATOR,4,probise,1,673,nw,nw,nw,1,-0.13065,195,673,673,-0.0713,-0.034725
List5Session1,5,1,2,566,1050,2,IMPLODE,1,slong,1,589,nw,nw,nw,1,-0.454752,195,589,589,-0.515284,-0.512496
List5Session1,5,1,2,567,1050,1,DIGGER,2,dagger,1,667,other,rel,nw,1,0.351935,103,667,667,0.351935,0.479002
List5Session1,5,1,2,568,1050,1,MOWER,4,bug,1,519,other,un,rel,1,-0.447126,103,519,519,-0.447126,-0.408372
List5Session1,5,1,2,569,1050,2,DINER,4,ond,1,601,nw,nw,un,1,-0.408452,195,601,601,-0.451858,-0.444243
List5Session1,5,1,2,570,1050,2,ABUNDANCE,1,onganize,1,856,nw,nw,nw,1,0.575429,195,856,856,0.895952,1.006133
List5Session1,5,1,2,571,1050,2,SOCK,3,groll,1,686,nw,nw,nw,1,-0.080491,195,686,686,-0.002588,0.039216
List5Session1,5,1,2,572,1050,1,CAMPING,1,tent,1,489,first,rel,nw,1,-0.552586,103,489,489,-0.551722,-0.545244
List5Session1,5,1,2,573,1050,1,FAMOUS,4,accept,1,973,other,un,rel,1,2.004046,103,973,973,2.004046,2.313707
List5Session1,5,1,2,574,1050,2,PRO,3,albiganor,1,604,nw,nw,un,1,-0.396877,195,604,604,-0.436001,-0.42718
List5Session1,5,1,2,575,1050,1,NORTH,1,south,1,683,first,rel,nw,1,0.681131,103,683,683,0.764906,0.832385
List5Session1,5,1,2,576,1050,2,MEDIA,2,ropten,1,582,nw,nw,rel,1,-0.48176,195,582,582,-0.552283,-0.55231
List5Session1,5,1,2,577,1050,2,PANCAKES,1,fapily,1,710,nw,nw,nw,1,0.012109,195,710,710,0.124265,0.175721
List5Session1,5,1,2,578,1050,1,ACHIEVEMENT,4,oyster,1,849,other,un,nw,1,1.334563,103,849,849,1.334563,1.570232
List5Session1,5,1,2,579,1050,1,CLEANING,4,harvest,1,806,other,un,un,1,1.102403,103,806,806,1.102403,1.312414
List5Session1,5,1,2,580,1050,2,EXPENSE,2,atount,1,557,nw,nw,un,1,-0.578219,195,557,557,-0.684421,-0.694504
List5Session1,5,1,2,581,1050,1,YARD,2,mile,1,686,other,rel,nw,1,0.454517,103,686,686,0.454517,0.592921
List5Session1,5,1,2,582,1050,2,NAUSEOUS,4,ative,1,536,nw,nw,rel,1,-0.659245,195,536,536,-0.795417,-0.813947
List5Session1,5,1,2,583,1050,2,EXPLANATION,1,ralk,1,555,nw,nw,nw,1,-0.585936,195,555,555,-0.694992,-0.70588
List5Session1,5,1,2,584,1050,1,FISHING,2,reel,1,475,other,rel,nw,1,-0.684684,103,475,475,-0.684684,-0.672186
List5Session1,5,1,2,585,1050,1,COBRA,1,snake,1,512,first,rel,rel,1,-0.40632,103,512,512,-0.395627,-0.381917
List5Session1,5,1,2,586,1050,1,BEAT,4,jacket,1,483,other,un,rel,1,-0.641492,103,483,483,-0.641492,-0.624219
List5Session1,5,1,2,587,1050,1,ROCKS,2,mountain,1,423,other,rel,un,1,-0.965435,103,423,423,-0.965435,-0.983965
List5Session1,5,1,2,588,1050,1,USUAL,3,steel,1,413,first,un,rel,1,-1.035897,103,413,413,-1.067514,-1.084933
List5Session1,5,1,2,589,1050,1,BULLET,4,newton,0,436,other,un,un,0,#NULL!,#NULL!,#NULL!,#NULL!,#NULL!,#NULL!
List5Session1,5,1,2,590,1050,2,DUE,2,dack,1,808,nw,nw,un,1,0.390228,195,808,808,0.642247,0.733121
List5Session1,5,1,2,591,1050,2,MONTHLY,4,thint,1,687,nw,nw,nw,1,-0.076633,195,687,687,0.002698,0.044903
List5Session1,5,1,2,592,1050,2,COMPLETE,2,chalm,1,1034,nw,nw,nw,1,1.262217,195,1034,1034,1.836776,2.018552
List5Session1,5,1,2,593,1050,2,WIFE,4,lafe,1,600,nw,nw,nw,1,-0.41231,195,600,600,-0.457143,-0.449931
List5Session1,5,1,2,594,1050,1,DYNASTY,2,empire,1,775,other,rel,nw,1,0.935033,103,775,775,0.935033,1.126545
List5Session1,5,1,2,595,1050,1,BRAIN,2,cell,1,559,other,rel,rel,1,-0.231163,103,559,559,-0.231163,-0.168541
List5Session1,5,1,2,596,1050,2,FRISK,1,morry,1,736,nw,nw,rel,1,0.112427,195,736,736,0.261689,0.323603
List5Session1,5,1,2,597,1050,1,ARTIST,4,box,1,760,other,un,nw,1,0.854047,103,760,760,0.854047,1.036608
List5Session1,5,1,2,598,1050,1,BONE,4,shampoo,1,545,other,un,un,1,-0.30675,103,545,545,-0.30675,-0.252482
List5Session1,5,1,2,599,1050,2,TWINKLE,1,canera,1,675,nw,nw,un,1,-0.122933,195,675,675,-0.060729,-0.02335
List5Session1,5,1,2,600,1050,1,COVERED,4,football,1,1135,other,un,nw,1,2.878693,103,#NULL!,1135,#NULL!,2.878693
List5Session1,5,1,2,601,1050,2,IVY,4,glones,1,577,nw,nw,un,1,-0.501052,195,577,577,-0.57871,-0.580749
List5Session1,5,1,2,602,1050,1,POCKETBOOK,3,newspaper,1,625,first,un,nw,1,0.312288,103,625,625,0.371275,0.420516
List5Session1,5,1,2,603,1050,2,BARTENDER,2,goypriend,1,639,nw,nw,un,1,-0.261834,195,639,639,-0.251008,-0.228109
List5Session1,5,1,2,604,1050,1,VALUE,2,bargain,1,573,other,rel,nw,1,-0.155577,103,573,573,-0.155577,-0.0846
List5Session1,5,1,2,605,1050,2,PASTURE,4,soud,1,1502,nw,nw,rel,1,3.067928,195,#NULL!,#NULL!,#NULL!,#NULL!
List5Session1,5,1,2,606,1050,2,PRECISE,1,teeper,1,1705,nw,nw,nw,1,3.851174,195,#NULL!,#NULL!,#NULL!,#NULL!
List5Session1,5,1,2,607,1050,2,IDOL,1,stip,0,652,nw,nw,nw,0,#NULL!,#NULL!,#NULL!,#NULL!,#NULL!,#NULL!
List5Session1,5,1,2,608,1050,2,GIVING,2,weame,1,903,nw,nw,nw,1,0.756772,195,903,903,1.144372,1.273457
List5Session1,5,1,2,609,1050,2,IMPACT,1,quentions,1,859,nw,nw,nw,1,0.587004,195,859,859,0.911809,1.023196
List5Session1,5,1,2,610,1050,2,BLACKBOARD,1,fudding,1,735,nw,nw,nw,1,0.108568,195,735,735,0.256403,0.317915
List5Session1,5,1,2,611,1050,1,FOR,1,against,1,617,first,rel,nw,1,0.261413,103,617,617,0.316981,0.363707
List5Session1,5,1,2,612,1050,2,LEAK,3,spream,1,616,nw,nw,rel,1,-0.350576,195,616,616,-0.372575,-0.358927
List5Session1,5,1,2,613,1050,2,ICE,4,foum,1,486,nw,nw,nw,1,-0.852163,195,486,486,-1.059693,-1.098334
List5Session1,5,1,2,614,1050,1,FENCE,1,picket,1,1147,first,rel,nw,1,3.631877,103,#NULL!,#NULL!,#NULL!,#NULL!
List5Session1,5,1,2,615,1050,2,MEN,3,guarm,1,675,nw,nw,rel,1,-0.122933,195,675,675,-0.060729,-0.02335
List5Session1,5,1,2,616,1050,1,COMPACT,3,two,1,591,first,un,nw,1,0.09607,103,591,591,0.140525,0.179076
List5Session1,5,1,2,617,1050,2,PISSED,3,banklack,1,1135,nw,nw,un,1,1.651911,195,1135,1135,2.370615,2.593015
List5Session1,5,1,2,618,1050,1,GRASS,4,punishment,1,968,other,un,nw,1,1.97705,103,968,968,1.97705,2.283728
List5Session1,5,1,2,619,1050,1,EAGLE,4,washer,1,536,other,un,un,1,-0.355342,103,536,536,-0.355342,-0.306444
List5Session1,5,1,2,620,1050,2,DEFINE,1,mun,1,602,nw,nw,un,1,-0.404593,195,602,602,-0.446572,-0.438555
List5Session1,5,1,2,621,1050,1,CUE,2,hint,1,504,other,rel,nw,1,-0.528112,103,504,504,-0.528112,-0.498308
List5Session1,5,1,2,622,1050,2,STAIRS,1,punset,1,604,nw,nw,rel,1,-0.396877,195,604,604,-0.436001,-0.42718
List5Session1,5,1,2,623,1050,2,SUBJECT,3,domefork,1,554,nw,nw,nw,1,-0.589794,195,554,554,-0.700277,-0.711567
List5Session1,5,1,2,624,1050,1,FIND,2,found,1,378,other,rel,nw,1,-1.208393,103,378,378,-1.208393,-1.253775
List5Session1,5,1,2,625,1050,1,DIGIT,1,number,1,451,first,rel,rel,1,-0.794242,103,451,451,-0.809618,-0.815089
List5Session1,5,1,2,626,1050,2,REPUBLIC,3,olen,1,616,nw,nw,rel,1,-0.350576,195,616,616,-0.372575,-0.358927
List5Session1,5,1,2,627,1050,2,BET,1,spart,1,662,nw,nw,nw,1,-0.173092,195,662,662,-0.12944,-0.09729
List5Session1,5,1,2,628,1050,1,RELATIVE,3,ballet,1,500,first,un,nw,1,-0.482633,103,500,500,-0.477068,-0.467131
List5Session1,5,1,2,629,1050,2,HORRIBLE,3,hab,1,487,nw,nw,un,1,-0.848304,195,487,487,-1.054408,-1.092646
List5Session1,5,1,2,630,1050,1,ERECT,1,hard,1,523,first,rel,nw,1,-0.336367,103,523,523,-0.320973,-0.303804
List5Session1,5,1,2,631,1050,2,ESCARGOT,1,deolorant,1,892,nw,nw,rel,1,0.71433,195,892,892,1.086231,1.210892
List5Session1,5,1,2,632,1050,1,HIGHLIGHT,1,marker,1,511,first,rel,nw,1,-0.41268,103,511,511,-0.402414,-0.389018
List5Session1,5,1,2,633,1050,1,MOAT,1,castle,1,498,first,rel,rel,1,-0.495351,103,498,498,-0.490641,-0.481333
List5Session1,5,1,2,634,1050,2,MICROWAVE,1,poothgrush,1,805,nw,nw,rel,1,0.378653,195,805,805,0.62639,0.716058
List5Session1,5,1,2,635,1050,2,POEM,3,rabbery,1,1389,nw,nw,nw,1,2.631933,195,#NULL!,1389,#NULL!,3.713139
List5Session1,5,1,2,636,1050,1,NERVE,4,bear,1,444,other,un,nw,1,-0.852055,103,444,444,-0.852055,-0.858054
List5Session1,5,1,2,637,1050,1,MILD,2,sauce,1,835,other,rel,un,1,1.258976,103,835,835,1.258976,1.486291
List5Session1,5,1,2,638,1050,2,HOURS,2,neef,1,648,nw,nw,rel,1,-0.227109,195,648,648,-0.203438,-0.176919
List5Session1,5,1,2,639,1050,1,EXPERIENCE,1,knowledge,1,517,first,rel,nw,1,-0.374523,103,517,517,-0.361693,-0.346411
List5Session1,5,1,2,640,1050,1,AROUND,4,buffalo,1,471,other,un,rel,1,-0.70628,103,471,471,-0.70628,-0.696169
List5Session1,5,1,2,641,1050,1,VAMPIRE,2,teeth,1,459,other,rel,un,1,-0.771069,103,459,459,-0.771069,-0.768118
List5Session1,5,1,2,642,1050,2,PROM,4,droblem,1,624,nw,nw,rel,1,-0.319709,195,624,624,-0.33029,-0.313425
List5Session1,5,1,2,643,1050,1,CHEAT,4,wear,1,638,other,un,nw,1,0.195362,103,638,638,0.195362,0.305125
List5Session1,5,1,2,644,1050,1,COPPER,1,penny,1,443,first,rel,un,1,-0.845116,103,443,443,-0.863912,-0.871898
List5Session1,5,1,2,645,1050,2,MAGIC,1,auntramia,1,577,nw,nw,rel,1,-0.501052,195,577,577,-0.57871,-0.580749
List5Session1,5,1,2,646,1050,2,SCRATCH,4,leck,1,624,nw,nw,nw,1,-0.319709,195,624,624,-0.33029,-0.313425
List5Session1,5,1,2,647,1050,1,VIRTUE,2,patience,1,462,other,rel,nw,1,-0.754872,103,462,462,-0.754872,-0.75013
List5Session1,5,1,2,648,1050,1,CHART,3,winner,1,499,first,un,rel,1,-0.488992,103,499,499,-0.483855,-0.474232
List5Session1,5,1,2,649,1050,2,NOVEL,4,halp,1,534,nw,nw,un,1,-0.666961,195,534,534,-0.805988,-0.825322
List5Session1,5,1,2,650,1050,2,CROPS,4,ledend,1,600,nw,nw,nw,1,-0.41231,195,600,600,-0.457143,-0.449931
List5Session1,5,1,2,651,1050,2,WARY,1,geg,1,551,nw,nw,nw,1,-0.601369,195,551,551,-0.716134,-0.728631
List5Session1,5,1,2,652,1050,2,SUBSTANCE,4,riniculous,1,695,nw,nw,nw,1,-0.045766,195,695,695,0.044982,0.090405
List5Session1,5,1,2,653,1050,2,BRISTLE,1,vogit,1,515,nw,nw,nw,1,-0.74027,195,515,515,-0.906413,-0.933389
List5Session1,5,1,2,654,1050,1,POSITION,3,cash,1,406,first,un,nw,1,-1.080413,103,406,406,-1.115022,-1.134642
List5Session1,5,1,2,655,1050,1,CUDDLE,2,boy,1,395,other,rel,un,1,-1.116609,103,395,395,-1.116609,-1.151847
List5Session1,5,1,2,656,1050,1,NIGHTGOWN,4,confess,1,451,other,un,rel,1,-0.814262,103,451,451,-0.814262,-0.816084
List5Session1,5,1,2,657,1050,2,EVENING,2,deaven,1,552,nw,nw,un,1,-0.597511,195,552,552,-0.710849,-0.722943
List5Session1,5,1,2,658,1050,1,CURVED,2,road,1,488,other,rel,nw,1,-0.614496,103,488,488,-0.614496,-0.594241
List5Session1,5,1,2,659,1050,2,BARREL,4,guipar,1,620,nw,nw,rel,1,-0.335143,195,620,620,-0.351433,-0.336176
List5Session1,5,1,2,660,1050,1,NERD,1,geek,1,491,first,rel,nw,1,-0.539867,103,491,491,-0.538149,-0.531042
List5Session1,5,1,2,661,1050,2,EVICT,4,rumes,1,543,nw,nw,rel,1,-0.632236,195,543,543,-0.758418,-0.774133
List5Session1,5,1,2,662,1050,2,DEVELOPMENT,3,degs,1,527,nw,nw,nw,1,-0.69397,195,527,527,-0.842987,-0.865136
List5Session1,5,1,2,663,1050,1,TAME,3,plate,1,417,first,un,nw,1,-1.01046,103,417,417,-1.040367,-1.056529
List5Session1,5,1,2,664,1050,1,IRRITATING,3,hold,1,727,first,un,un,1,0.960943,103,727,727,1.063522,1.144836
List5Session1,5,1,2,665,1050,2,BACTERIA,1,nop,0,369,nw,nw,un,0,#NULL!,#NULL!,#NULL!,#NULL!,#NULL!,#NULL!
List5Session1,5,1,2,666,1050,2,TASTY,4,cleab,0,698,nw,nw,nw,0,#NULL!,#NULL!,#NULL!,#NULL!,#NULL!,#NULL!
List5Session1,5,1,2,667,1050,2,MAD,1,ittack,1,645,nw,nw,nw,1,-0.238684,195,645,645,-0.219294,-0.193982
List5Session1,5,1,2,668,1050,1,MISTER,1,man,1,595,first,rel,nw,1,0.121507,103,595,595,0.167672,0.207481
List5Session1,5,1,2,669,1050,2,LIBEL,3,phome,1,562,nw,nw,rel,1,-0.558927,195,562,562,-0.657993,-0.666065
List5Session1,5,1,2,670,1050,2,SKY,2,apgry,1,530,nw,nw,nw,1,-0.682395,195,530,530,-0.82713,-0.848073
List5Session1,5,1,2,671,1050,1,HIDDEN,3,unusual,1,803,first,un,nw,1,1.444255,103,803,803,1.579314,1.684526
List5Session1,5,1,2,672,1050,2,LAWSUIT,4,bilty,1,491,nw,nw,un,1,-0.832871,195,491,491,-1.033266,-1.069895
List5Session1,5,1,2,673,1050,2,CLEVER,4,vee,1,686,nw,nw,nw,1,-0.080491,195,686,686,-0.002588,0.039216
List5Session1,5,1,2,674,1050,1,CREATIVE,4,shower,1,826,other,un,nw,1,1.210385,103,826,826,1.210385,1.432329
List5Session1,5,1,2,675,1050,1,CHEMISTRY,3,body,1,432,first,un,un,1,-0.915069,103,432,432,-0.938566,-0.950011
List5Session1,5,1,2,676,1050,2,THREE,1,besk,0,869,nw,nw,un,0,#NULL!,#NULL!,#NULL!,#NULL!,#NULL!,#NULL!
List5Session1,5,1,2,677,1050,1,NIGHT,1,day,1,490,first,rel,nw,1,-0.546226,103,490,490,-0.544935,-0.538143
List5Session1,5,1,2,678,1050,1,ASLEEP,3,worm,1,748,first,un,rel,1,1.09449,103,748,748,1.206044,1.293961
List5Session1,5,1,2,679,1050,1,SUGAR,4,law,1,486,other,un,un,1,-0.625295,103,486,486,-0.625295,-0.606232
List5Session1,5,1,2,680,1050,2,SURFACE,3,necay,1,618,nw,nw,un,1,-0.34286,195,618,618,-0.362004,-0.347551
List5Session1,5,1,2,681,1050,1,LEVER,1,pull,1,408,first,rel,nw,1,-1.067694,103,408,408,-1.101448,-1.120439
List5Session1,5,1,2,682,1050,1,QUENCH,1,thirst,1,511,first,rel,rel,1,-0.41268,103,511,511,-0.402414,-0.389018
List5Session1,5,1,2,683,1050,1,CAPACITY,3,erupt,1,674,first,un,rel,1,0.623897,103,674,674,0.703825,0.768474
List5Session1,5,1,2,684,1050,2,NECESSARY,1,slan,1,701,nw,nw,un,1,-0.022616,195,701,701,0.076695,0.124532
List5Session1,5,1,2,685,1050,2,CHAPTER,2,bulterfry,1,1048,nw,nw,nw,1,1.316234,195,1048,1048,1.910774,2.098181
List5Session1,5,1,2,686,1050,1,MONASTERY,1,monk,1,693,first,rel,nw,1,0.744725,103,693,693,0.832773,0.903396
List5Session1,5,1,2,687,1050,1,BEWARE,2,fright,1,529,other,rel,rel,1,-0.393135,103,529,529,-0.393135,-0.348414
List5Session1,5,1,2,688,1050,1,EAST,1,west,1,579,first,rel,rel,1,0.019757,103,579,579,0.059085,0.093862
List5Session1,5,1,2,689,1050,2,ACCOUNT,4,pealut,1,626,nw,nw,rel,1,-0.311993,195,626,626,-0.319719,-0.302049
List5Session1,5,1,2,690,1050,2,FLOW,2,nusk,1,609,nw,nw,nw,1,-0.377585,195,609,609,-0.409573,-0.398741
List5Session1,5,1,2,691,1050,2,UNIT,4,bungus,1,528,nw,nw,nw,1,-0.690112,195,528,528,-0.837701,-0.859449
List5Session1,5,1,2,692,1050,1,NAVIGATOR,1,pilot,1,578,first,rel,nw,1,0.013398,103,578,578,0.052298,0.086761
List5Session1,5,1,2,693,1050,2,RESPONSE,2,extale,1,577,nw,nw,rel,1,-0.501052,195,577,577,-0.57871,-0.580749
List5Session1,5,1,2,694,1050,2,DETERIORATE,1,tants,1,609,nw,nw,nw,1,-0.377585,195,609,609,-0.409573,-0.398741
List5Session1,5,1,2,695,1050,2,ENERGETIC,2,hene,1,528,nw,nw,nw,1,-0.690112,195,528,528,-0.837701,-0.859449
List5Session1,5,1,2,696,1050,1,DEADLY,3,salt,1,642,first,un,nw,1,0.420397,103,642,642,0.486649,0.541236
List5Session1,5,1,2,697,1050,2,BALLOT,4,tavement,1,688,nw,nw,un,1,-0.072775,195,688,688,0.007983,0.050591
List5Session1,5,1,2,698,1050,1,PHYSIOLOGY,3,specific,1,651,first,un,nw,1,0.477632,103,651,651,0.54773,0.605147
List5Session1,5,1,2,699,1050,2,SPEED,3,adreement,1,599,nw,nw,un,1,-0.416168,195,599,599,-0.462429,-0.455619
List5Session1,5,1,2,700,1050,1,PUBLIC,3,win,1,471,first,un,nw,1,-0.667054,103,471,471,-0.673883,-0.673065
List5Session1,5,1,2,701,1050,2,UNIQUE,2,parn,1,570,nw,nw,un,1,-0.528061,195,570,570,-0.615709,-0.620563
List5Session1,5,1,2,702,1050,2,LOG,4,roise,1,475,nw,nw,nw,1,-0.894605,195,475,475,-1.117834,-1.160899
List5Session1,5,1,2,703,1050,2,GIRLFRIEND,3,fod,1,655,nw,nw,nw,1,-0.2001,195,655,655,-0.166439,-0.137105
List5Session1,5,1,2,704,1050,1,STEEP,1,hill,1,828,first,rel,nw,1,1.603239,103,828,828,1.748983,1.862055
List5Session1,5,1,2,705,1050,1,SMALL,2,little,1,785,other,rel,rel,1,0.989023,103,785,785,0.989023,1.186502
List5Session1,5,1,2,706,1050,2,EIGHT,4,amandon,1,681,nw,nw,rel,1,-0.099783,195,681,681,-0.029015,0.010777
List5Session1,5,1,2,707,1050,2,BANJO,3,fert,1,597,nw,nw,nw,1,-0.423885,195,597,597,-0.473,-0.466994
List5Session1,5,1,2,708,1050,1,EXPLORER,1,adventure,1,532,first,rel,nw,1,-0.279133,103,532,532,-0.259892,-0.239893
List5Session1,5,1,2,709,1050,2,SQUASH,2,boble,1,566,nw,nw,rel,1,-0.543494,195,566,566,-0.636851,-0.643314
List5Session1,5,1,2,710,1050,2,PICTURE,3,spail,1,1287,nw,nw,nw,1,2.238381,195,1287,1287,3.174015,3.457552
List5Session1,5,1,2,711,1050,1,PEARL,4,letter,1,555,other,un,nw,1,-0.25276,103,555,555,-0.25276,-0.192524
List5Session1,5,1,2,712,1050,2,STARCH,4,bress,1,843,nw,nw,un,1,0.525271,195,843,843,0.82724,0.932192
List5Session1,5,1,2,713,1050,1,JELLO,4,read,1,528,other,un,nw,1,-0.398534,103,528,528,-0.398534,-0.35441
List5Session1,5,1,2,714,1050,2,STING,2,pipsi,1,705,nw,nw,un,1,-0.007182,195,705,705,0.097837,0.147283
List5Session1,5,1,2,715,1050,1,COMPETENCE,2,capability,1,573,other,rel,nw,1,-0.155577,103,573,573,-0.155577,-0.0846
List5Session1,5,1,2,716,1050,2,WHISTLE,1,shirm,1,540,nw,nw,rel,1,-0.643811,195,540,540,-0.774275,-0.791196
List5Session1,5,1,2,717,1050,1,MEDIEVAL,4,art,1,446,other,un,nw,1,-0.841257,103,446,446,-0.841257,-0.846063
List5Session1,5,1,2,718,1050,1,HAIR,4,hula,1,948,other,un,un,1,1.869069,103,948,948,1.869069,2.163813
List5Session1,5,1,2,719,1050,2,LOOSE,3,swalpow,1,1013,nw,nw,un,1,1.181191,195,1013,1013,1.72578,1.899109
List5Session1,5,1,2,720,1050,2,FRUSTRATE,1,perbon,1,595,nw,nw,nw,1,-0.431602,195,595,595,-0.483571,-0.47837
List5Session1,5,1,2,721,1050,1,SNOTTY,1,snob,1,515,first,rel,nw,1,-0.387242,103,515,515,-0.375267,-0.360613
List5Session1,5,1,2,722,1050,2,BULLETIN,3,stinach,1,597,nw,nw,rel,1,-0.423885,195,597,597,-0.473,-0.466994
List5Session1,5,1,2,723,1050,2,STYLE,4,epergy,1,885,nw,nw,nw,1,0.687322,195,885,885,1.049232,1.171077
List5Session1,5,1,2,724,1050,1,CLENCH,4,bed,1,1016,other,un,nw,1,2.236205,103,1016,1016,2.236205,2.571525
List5Session1,5,1,2,725,1050,2,BULLOCK,4,kog,1,615,nw,nw,un,1,-0.354435,195,615,615,-0.37786,-0.364615
List5Session1,5,1,2,726,1050,1,CIGAR,1,smoke,1,454,first,rel,nw,1,-0.775163,103,454,454,-0.789258,-0.793785
List5Session1,5,1,2,727,1050,2,DOWNSTAIRS,3,peonle,1,667,nw,nw,rel,1,-0.1538,195,667,667,-0.103013,-0.068852
List5Session1,5,1,2,728,1050,1,LOOKS,2,pretty,1,518,other,rel,nw,1,-0.452525,103,518,518,-0.452525,-0.414368
List5Session1,5,1,2,729,1050,1,SCRAP,2,bit,1,441,other,rel,rel,1,-0.868252,103,441,441,-0.868252,-0.876042
List5Session1,5,1,2,730,1050,1,SHELF,4,even,1,398,other,un,rel,1,-1.100412,103,398,398,-1.100412,-1.13386
List5Session1,5,1,2,731,1050,2,HUSK,4,garty,1,614,nw,nw,un,1,-0.358293,195,614,614,-0.383146,-0.370302
List5Session1,5,1,2,732,1050,1,JUST,1,fair,1,484,first,rel,nw,1,-0.584382,103,484,484,-0.585656,-0.58075
List5Session1,5,1,2,733,1050,1,STATUE,3,sentence,1,568,first,un,rel,1,-0.050196,103,568,568,-0.01557,0.015749
List5Session1,5,1,2,734,1050,2,GRASP,2,breate,0,487,nw,nw,un,0,#NULL!,#NULL!,#NULL!,#NULL!,#NULL!,#NULL!
List5Session1,5,1,2,735,1050,1,EMPTY,2,can,1,523,other,rel,nw,1,-0.425529,103,523,523,-0.425529,-0.384389
List5Session1,5,1,2,736,1050,2,TARDY,1,spilb,1,557,nw,nw,rel,1,-0.578219,195,557,557,-0.684421,-0.694504
List5Session1,5,1,2,737,1050,1,VOLCANO,3,base,1,877,first,un,nw,1,1.914848,103,877,877,2.081533,2.210013
List5Session1,5,1,2,738,1050,1,CAFE,2,dinner,1,833,other,rel,un,1,1.248178,103,833,833,1.248178,1.474299
List5Session1,5,1,2,739,1050,1,MOUSSE,2,rat,1,680,other,rel,rel,1,0.422122,103,680,680,0.422122,0.556947
List5Session1,5,1,2,740,1050,2,CELEBRATION,1,emplove,1,916,nw,nw,rel,1,0.806931,195,916,916,1.213084,1.347398
List5Session1,5,1,2,741,1050,1,BUZZ,2,ring,1,486,other,rel,nw,1,-0.625295,103,486,486,-0.625295,-0.606232
List5Session1,5,1,2,742,1050,1,WEIGH,2,fat,1,441,other,rel,rel,1,-0.868252,103,441,441,-0.868252,-0.876042
List5Session1,5,1,2,743,1050,1,JOURNEY,3,die,1,703,first,un,rel,1,0.808319,103,703,703,0.90064,0.974408
List5Session1,5,1,2,744,1050,2,DOOR,1,slone,1,1145,nw,nw,un,1,1.690494,195,1145,1145,2.42347,2.649892
List5Session1,5,1,2,745,1050,2,MOLTEN,2,slamp,1,723,nw,nw,nw,1,0.062268,195,723,723,0.192977,0.249662
List5Session1,5,1,2,746,1050,1,PUKE,3,terrible,1,509,first,un,nw,1,-0.425398,103,509,509,-0.415987,-0.40322
List5Session1,5,1,2,747,1050,2,CHARCOAL,1,shise,1,1120,nw,nw,un,1,1.594036,195,1120,1120,2.291332,2.507698
List5Session1,5,1,2,748,1050,1,PUSH,1,shove,1,443,first,rel,nw,1,-0.845116,103,443,443,-0.863912,-0.871898
List5Session1,5,1,2,749,1050,1,RAG,1,cloth,1,481,first,rel,rel,1,-0.603461,103,481,481,-0.606016,-0.602053
List5Session1,5,1,2,750,1050,2,PATH,4,pired,1,693,nw,nw,rel,1,-0.053483,195,693,693,0.034411,0.07903
List5Session1,5,1,2,751,1050,2,LOUNGE,4,accuve,1,607,nw,nw,nw,1,-0.385301,195,607,607,-0.420144,-0.410117
List5Session1,5,1,2,752,1050,1,CLOWN,1,funny,1,621,first,rel,nw,1,0.286851,103,621,621,0.344128,0.392112
List5Session1,5,1,2,753,1050,2,FINANCIAL,2,snooth,1,1084,nw,nw,rel,1,1.455135,195,1084,1084,2.101053,2.302939
List5Session1,5,1,2,754,1050,1,HOW,4,stupid,1,487,other,un,nw,1,-0.619896,103,487,487,-0.619896,-0.600236
List5Session1,5,1,2,755,1050,1,CHAMPAGNE,2,beer,1,380,other,rel,un,1,-1.197595,103,380,380,-1.197595,-1.241783
List5Session1,5,1,2,756,1050,2,NATURAL,1,tranpenstei,1,835,nw,nw,rel,1,0.494404,195,835,835,0.784956,0.88669
List5Session1,5,1,2,757,1050,2,TRAFFIC,2,teln,1,601,nw,nw,nw,1,-0.408452,195,601,601,-0.451858,-0.444243
List5Session1,5,1,2,758,1050,2,CATCHER,3,besaball,1,824,nw,nw,nw,1,0.451962,195,824,824,0.726815,0.824125
List5Session1,5,1,2,759,1050,1,HIP,3,cocaine,1,605,first,un,nw,1,0.185101,103,605,605,0.23554,0.278493
List5Session1,5,1,2,760,1050,1,FORCE,4,summer,1,492,other,un,un,1,-0.5929,103,492,492,-0.5929,-0.570257
List5Session1,5,1,2,761,1050,1,SECRETARY,1,boss,1,447,first,rel,un,1,-0.819679,103,447,447,-0.836765,-0.843493
List5Session1,5,1,2,762,1050,2,THERE,1,tuperior,1,998,nw,nw,rel,1,1.123316,195,998,998,1.646497,1.813793
List5Session1,5,1,2,763,1050,2,EARNESTNESS,3,ane,1,741,nw,nw,nw,1,0.131718,195,741,741,0.288116,0.352042
List5Session1,5,1,2,764,1050,2,MAKE,3,diany,1,686,nw,nw,nw,1,-0.080491,195,686,686,-0.002588,0.039216
List5Session1,5,1,2,765,1050,1,ICEBERG,2,lettuce,1,379,other,rel,nw,1,-1.202994,103,379,379,-1.202994,-1.247779
List5Session1,5,1,2,766,1050,1,LOCAL,2,far,1,435,other,rel,rel,1,-0.900646,103,435,435,-0.900646,-0.912016
List5Session1,5,1,2,767,1050,1,SHEEP,3,england,1,887,first,un,rel,1,1.978442,103,887,887,2.149401,2.281025
List5Session1,5,1,2,768,1050,2,REARRANGE,4,lem,1,618,nw,nw,un,1,-0.34286,195,618,618,-0.362004,-0.347551
List5Session1,5,1,2,769,1050,2,EMBARRASS,1,von,1,601,nw,nw,nw,1,-0.408452,195,601,601,-0.451858,-0.444243
List5Session1,5,1,2,770,1050,1,DEPEND,4,strength,1,504,other,un,nw,1,-0.528112,103,504,504,-0.528112,-0.498308
List5Session1,5,1,2,771,1050,1,FRUSTRATION,4,most,1,442,other,un,un,1,-0.862853,103,442,442,-0.862853,-0.870046
List5Session1,5,1,2,772,1050,1,PRAY,2,ask,1,449,other,rel,un,1,-0.82506,103,449,449,-0.82506,-0.828075
List5Session1,5,1,2,773,1050,1,BEYOND,2,after,1,678,other,rel,rel,1,0.411324,103,678,678,0.411324,0.544955
List5Session1,5,1,2,774,1050,1,NINE,1,ten,1,465,first,rel,rel,1,-0.70521,103,465,465,-0.714604,-0.715672
List5Session1,5,1,2,775,1050,1,PRAYER,4,octopus,1,549,other,un,rel,1,-0.285154,103,549,549,-0.285154,-0.228499
List5Session1,5,1,2,776,1050,2,PLUM,2,ofbense,1,695,nw,nw,un,1,-0.045766,195,695,695,0.044982,0.090405
List5Session1,5,1,2,777,1050,1,LITTER,3,fall,1,482,first,un,nw,1,-0.597101,103,482,482,-0.599229,-0.594952
List5Session1,5,1,2,778,1050,2,OBSTACLE,3,potice,0,678,nw,nw,un,0,#NULL!,#NULL!,#NULL!,#NULL!,#NULL!,#NULL!
List5Session1,5,1,2,779,1050,2,SURGERY,3,stap,1,866,nw,nw,nw,1,0.614013,195,866,866,0.948807,1.06301
List5Session1,5,1,2,780,1050,1,COWGIRL,3,rhyme,0,1399,first,un,nw,0,#NULL!,#NULL!,#NULL!,#NULL!,#NULL!,#NULL!
List5Session1,5,1,2,781,1050,2,CONDITION,2,reast,1,934,nw,nw,un,1,0.876381,195,934,934,1.308223,1.449777
List5Session1,5,1,2,782,1050,2,SECRET,4,nands,1,599,nw,nw,nw,1,-0.416168,195,599,599,-0.462429,-0.455619
List5Session1,5,1,2,783,1050,2,REMEMBER,2,driming,1,726,nw,nw,nw,1,0.073843,195,726,726,0.208833,0.266725
List5Session1,5,1,2,784,1050,1,AWARENESS,3,goal,1,944,first,un,nw,1,2.340926,103,944,944,2.536245,2.685792
List5Session1,5,1,2,785,1050,1,BACK,4,enemy,1,1010,other,un,un,1,2.203811,103,1010,1010,2.203811,2.53555
List5Session1,5,1,2,786,1050,2,TULIP,3,rame,1,720,nw,nw,un,1,0.050693,195,720,720,0.17712,0.232599
List5Session1,5,1,2,787,1050,1,BACKBONE,3,thin,1,571,first,un,nw,1,-0.031118,103,571,571,0.004791,0.037053
List5Session1,5,1,2,788,1050,2,GANDER,3,lond,1,1387,nw,nw,un,1,2.624217,195,#NULL!,1387,#NULL!,3.702568
List5Session1,5,1,2,789,1050,1,CHECKING,3,snow,1,410,first,un,nw,1,-1.054976,103,410,410,-1.087875,-1.106237
List5Session1,5,1,2,790,1050,2,DICTATOR,2,pamb,1,577,nw,nw,un,1,-0.501052,195,577,577,-0.57871,-0.580749
List5Session1,5,1,2,791,1050,1,NERVES,2,ending,1,561,other,rel,nw,1,-0.220365,103,561,561,-0.220365,-0.156549
List5Session1,5,1,2,792,1050,2,RECKLESS,3,dorry,1,770,nw,nw,rel,1,0.243611,195,770,770,0.441397,0.516986
List5Session1,5,1,2,793,1050,2,NEWSSTAND,2,helt,1,682,nw,nw,nw,1,-0.095925,195,682,682,-0.02373,0.016465
List5Session1,5,1,2,794,1050,2,SHEARS,3,tamble,1,614,nw,nw,nw,1,-0.358293,195,614,614,-0.383146,-0.370302
List5Session1,5,1,2,795,1050,1,BEDROOM,4,airplane,1,837,other,un,nw,1,1.269774,103,837,837,1.269774,1.498282
List5Session1,5,1,2,796,1050,2,TEACHER,2,pag,1,1130,nw,nw,un,1,1.632619,195,1130,1130,2.344187,2.564576
List5Session1,5,1,2,797,1050,2,MONKEY,1,ditease,1,1267,nw,nw,nw,1,2.161214,195,1267,1267,3.068304,3.343797
List5Session1,5,1,2,798,1050,1,DONKEY,1,ass,1,759,first,rel,nw,1,1.164443,103,759,759,1.280698,1.372074
List5Session1,5,1,2,799,1050,1,CLARIFY,2,repeat,1,688,other,rel,rel,1,0.465315,103,688,688,0.465315,0.604913
List5Session1,5,1,2,800,1050,2,HONEST,3,talse,0,652,nw,nw,rel,0,#NULL!,#NULL!,#NULL!,#NULL!,#NULL!,#NULL!
List5Session1,5,1,2,801,1050,2,CUFF,2,blash,1,1256,nw,nw,nw,1,2.118772,195,1256,1256,3.010163,3.281232
List5Session1,5,1,2,802,1050,1,WHO,1,what,1,669,first,rel,nw,1,0.5921,103,669,669,0.669891,0.732968
List5Session1,5,1,2,803,1050,2,FASHION,4,mictionady,1,761,nw,nw,rel,1,0.208885,195,761,761,0.393827,0.465797
List5Session1,5,1,2,804,1050,1,STAPLER,3,self,1,577,first,un,nw,1,0.007039,103,577,577,0.045511,0.07966
List5Session1,5,1,2,805,1050,1,GATHER,2,spread,1,481,other,rel,un,1,-0.65229,103,481,481,-0.65229,-0.636211
List5Session1,5,1,2,806,1050,2,IMAGINE,2,dorse,1,533,nw,nw,rel,1,-0.67082,195,533,533,-0.811274,-0.83101
List5Session1,5,1,2,807,1050,1,ATTRACT,3,pyramid,1,567,first,un,nw,1,-0.056555,103,567,567,-0.022356,0.008648
List5Session1,5,1,2,808,1050,2,FLAKE,3,alerica,1,535,nw,nw,un,1,-0.663103,195,535,535,-0.800702,-0.819635
List5Session1,5,1,2,809,1050,2,CHILDREN,3,keem,1,569,nw,nw,nw,1,-0.531919,195,569,569,-0.620995,-0.626251
List5Session1,5,1,2,810,1050,2,ESCAPE,2,dagapine,1,537,nw,nw,nw,1,-0.655386,195,537,537,-0.790131,-0.808259
List5Session1,5,1,2,811,1050,1,PRECIPICE,2,recipe,1,506,other,rel,nw,1,-0.517313,103,506,506,-0.517313,-0.486317
List5Session1,5,1,2,812,1050,1,FAN,3,skin,1,876,first,un,rel,1,1.908489,103,876,876,2.074747,2.202912
List5Session1,5,1,2,813,1050,1,FREEWAY,1,highway,1,704,first,rel,un,1,0.814678,103,704,704,0.907427,0.981509
List5Session1,5,1,2,814,1050,1,COAL,2,diamond,1,635,other,rel,rel,1,0.179165,103,635,635,0.179165,0.287137
List5Session1,5,1,2,815,1050,2,MONARCH,2,var,1,1032,nw,nw,rel,1,1.2545,195,1032,1032,1.826205,2.007177
List5Session1,5,1,2,816,1050,2,ANNUAL,4,rounp,1,1238,nw,nw,nw,1,2.049322,195,1238,1238,2.915024,3.178853
List5Session1,5,1,2,817,1050,2,CONNECT,3,smorts,1,1019,nw,nw,nw,1,1.204342,195,1019,1019,1.757493,1.933236
List5Session1,5,1,2,818,1050,1,BOUILLON,4,shark,1,1066,other,un,nw,1,2.506158,103,#NULL!,1066,#NULL!,2.506158
List5Session1,5,1,2,819,1050,2,SWAN,4,upatairs,1,853,nw,nw,un,1,0.563854,195,853,853,0.880096,0.98907
List5Session1,5,1,2,820,1050,2,SUNRISE,1,kail,1,571,nw,nw,nw,1,-0.524202,195,571,571,-0.610423,-0.614876
List5Session1,5,1,2,821,1050,1,HISPANIC,1,spanish,1,475,first,rel,nw,1,-0.641617,103,475,475,-0.646736,-0.64466
List5Session1,5,1,2,822,1050,1,DAUGHTER,1,son,1,351,first,rel,rel,1,-1.430178,103,351,351,-1.488292,-1.525207
List5Session1,5,1,2,823,1050,2,PLANTS,2,rachine,1,536,nw,nw,rel,1,-0.659245,195,536,536,-0.795417,-0.813947
List5Session1,5,1,2,824,1050,2,RAYS,1,fots,1,2825,nw,nw,nw,1,8.172534,195,#NULL!,#NULL!,#NULL!,#NULL!
List5Session1,5,1,2,825,1050,1,PARKWAY,1,cars,1,431,first,rel,nw,1,-0.921429,103,431,431,-0.945353,-0.957112
List5Session1,5,1,2,826,1050,1,CHAPEL,4,jungle,1,612,other,un,rel,1,0.054987,103,612,612,0.054987,0.149235
List5Session1,5,1,2,827,1050,2,BURST,3,prees,1,595,nw,nw,un,1,-0.431602,195,595,595,-0.483571,-0.47837
List5Session1,5,1,2,828,1050,2,PLUS,3,trep,1,627,nw,nw,nw,1,-0.308134,195,627,627,-0.314434,-0.296362
List5Session1,5,1,2,829,1050,1,SUNDAY,2,weekend,1,737,other,rel,nw,1,0.729869,103,737,737,0.729869,0.898706
List5Session1,5,1,2,830,1050,2,USE,1,chean,1,812,nw,nw,rel,1,0.405662,195,812,812,0.663389,0.755872
List5Session1,5,1,2,831,1050,1,HYPOTHESIS,1,guess,1,722,first,rel,nw,1,0.929147,103,722,722,1.029588,1.109331
List5Session2,5,2,2,1,50,1,DOMINATE,1,control,1,676,first,rel,rel,1,0.69423,103,676,676,0.794113,0.854912
List5Session2,5,2,2,2,50,2,FINGERS,4,wige,1,583,nw,nw,rel,1,-0.404873,202,583,583,-0.388333,-0.379874
List5Session2,5,2,2,3,50,1,TOPIC,1,subject,1,399,first,rel,nw,1,-1.007994,103,399,399,-1.04966,-1.061124
List5Session2,5,2,2,4,50,1,REFLECTION,3,ache,1,862,first,un,rel,1,1.83724,103,862,862,2.03217,2.141492
List5Session2,5,2,2,5,50,2,CARDS,1,balmoon,1,603,nw,nw,un,1,-0.258568,202,603,603,-0.174451,-0.144132
List5Session2,5,2,2,6,50,1,PEAK,2,best,1,450,other,rel,nw,1,-0.630752,101,450,450,-0.644561,-0.64503
List5Session2,5,2,2,7,50,2,COMPLEX,2,leferee,1,495,nw,nw,rel,1,-1.048615,202,495,495,-1.329413,-1.417138
List5Session2,5,2,2,8,50,2,MOMENT,2,pind,1,586,nw,nw,nw,1,-0.382928,202,586,586,-0.35625,-0.344513
List5Session2,5,2,2,9,50,1,STAIRWAY,2,stairs,1,371,other,rel,nw,1,-1.14341,101,371,371,-1.20511,-1.236584
List5Session2,5,2,2,10,50,2,POLICEMAN,3,attib,1,547,nw,nw,rel,1,-0.668222,202,547,547,-0.77332,-0.804209
List5Session2,5,2,2,11,50,1,VICE,4,bleach,0,796,other,un,nw,0,#NULL!,#NULL!,#NULL!,#NULL!,#NULL!,#NULL!
List5Session2,5,2,2,12,50,1,ADVENTURE,2,journey,1,458,other,rel,un,1,-0.578837,101,458,458,-0.587796,-0.585125
List5Session2,5,2,2,13,50,1,PETROLEUM,4,year,1,727,other,un,rel,1,1.166797,101,727,727,1.320909,1.429155
List5Session2,5,2,2,14,50,2,SCOLD,3,drun,1,505,nw,nw,un,1,-0.975462,202,505,505,-1.222472,-1.299267
List5Session2,5,2,2,15,50,1,APATHY,3,science,1,469,first,un,nw,1,-0.577829,103,469,469,-0.583724,-0.576927
List5Session2,5,2,2,16,50,2,LIP,2,anper,1,609,nw,nw,un,1,-0.214677,202,609,609,-0.110286,-0.07341
List5Session2,5,2,2,17,50,1,ORGANIZE,1,neat,1,952,first,rel,nw,1,2.39031,103,952,952,2.631229,2.764031
List5Session2,5,2,2,18,50,1,PALM,2,sunday,1,432,other,rel,rel,1,-0.74756,101,432,432,-0.772281,-0.779814
List5Session2,5,2,2,19,50,2,SUBURB,4,itom,1,543,nw,nw,rel,1,-0.697483,202,543,543,-0.816096,-0.851358
List5Session2,5,2,2,20,50,1,JERK,4,present,1,441,other,un,nw,1,-0.689156,101,441,441,-0.708421,-0.712422
List5Session2,5,2,2,21,50,1,FLOWER,1,rose,1,437,first,rel,un,1,-0.774476,103,437,437,-0.796723,-0.798274
List5Session2,5,2,2,22,50,1,PUBLISHER,2,company,1,466,other,rel,rel,1,-0.526922,101,466,466,-0.531032,-0.525221
List5Session2,5,2,2,23,50,1,BEG,1,plead,0,751,first,rel,rel,0,#NULL!,#NULL!,#NULL!,#NULL!,#NULL!,#NULL!
List5Session2,5,2,2,24,50,2,CARING,1,chopolane,1,736,nw,nw,rel,1,0.714359,202,736,736,1.247863,1.423551
List5Session2,5,2,2,25,50,1,MASON,4,break,1,401,other,un,nw,1,-0.94873,101,401,401,-0.992243,-1.011943
List5Session2,5,2,2,26,50,1,NOW,3,account,1,449,first,un,un,1,-0.700733,103,449,449,-0.716849,-0.715269
List5Session2,5,2,2,27,50,2,DISHES,1,opion,1,798,nw,nw,un,1,1.167904,202,798,798,1.910897,2.154351
List5Session2,5,2,2,28,50,2,HELL,2,threp,1,541,nw,nw,nw,1,-0.712113,202,541,541,-0.837484,-0.874932
List5Session2,5,2,2,29,50,1,LOBSTER,1,crab,1,791,first,rel,nw,1,1.40093,103,791,791,1.559578,1.650378
List5Session2,5,2,2,30,50,2,LAUNDRY,4,rabs,1,631,nw,nw,rel,1,-0.053742,202,631,631,0.124984,0.185906
List5Session2,5,2,2,31,50,2,LEGS,2,hane,1,539,nw,nw,nw,1,-0.726744,202,539,539,-0.858873,-0.898506
List5Session2,5,2,2,32,50,2,FRIES,1,pute,1,613,nw,nw,nw,1,-0.185416,202,613,613,-0.06751,-0.026261
List5Session2,5,2,2,33,50,2,PUBLICATION,2,pifferent,1,636,nw,nw,nw,1,-0.017165,202,636,636,0.178454,0.244842
List5Session2,5,2,2,34,50,2,RAINY,4,tiece,1,593,nw,nw,nw,1,-0.331721,202,593,593,-0.281392,-0.262003
List5Session2,5,2,2,35,50,1,WALNUT,4,who,1,745,other,un,nw,1,1.283605,101,745,745,1.448629,1.56394
List5Session2,5,2,2,36,50,2,CLAIM,3,lep,1,540,nw,nw,un,1,-0.719429,202,540,540,-0.848179,-0.886719
List5Session2,5,2,2,37,50,1,DANGER,1,scary,1,565,first,rel,nw,1,0.012111,103,565,565,0.055273,0.087114
List5Session2,5,2,2,38,50,2,HULA,1,stupy,1,1150,nw,nw,rel,1,3.742869,202,#NULL!,#NULL!,#NULL!,#NULL!
List5Session2,5,2,2,39,50,1,PANTS,4,graduation,1,511,other,un,nw,1,-0.234901,101,511,511,-0.211731,-0.18826
List5Session2,5,2,2,40,50,1,ALTO,3,ground,1,698,first,un,un,1,0.829425,103,698,698,0.94055,1.007088
List5Session2,5,2,2,41,50,2,REFLECT,2,plenge,1,540,nw,nw,un,1,-0.719429,202,540,540,-0.848179,-0.886719
List5Session2,5,2,2,42,50,1,TENSION,3,dry,1,455,first,un,nw,1,-0.663862,103,455,455,-0.676911,-0.673766
List5Session2,5,2,2,43,50,2,SEDATIVE,4,liom,1,611,nw,nw,un,1,-0.200047,202,611,611,-0.088898,-0.049836
List5Session2,5,2,2,44,50,1,GAG,4,fog,1,715,other,un,nw,1,1.088925,101,715,715,1.235762,1.339299
List5Session2,5,2,2,45,50,1,LICE,4,inferior,1,1006,other,un,un,1,2.977325,101,#NULL!,1006,#NULL!,3.30057
List5Session2,5,2,2,46,50,1,ORIGINAL,1,first,1,580,first,rel,un,1,0.10429,103,580,580,0.155116,0.190871
List5Session2,5,2,2,47,50,1,CHEMIST,3,wool,1,445,first,un,rel,1,-0.725314,103,445,445,-0.743474,-0.742937
List5Session2,5,2,2,48,50,2,TRAVEL,2,towem,1,523,nw,nw,un,1,-0.843788,202,523,523,-1.029978,-1.0871
List5Session2,5,2,2,49,50,2,BENT,4,mald,1,613,nw,nw,nw,1,-0.185416,202,613,613,-0.06751,-0.026261
List5Session2,5,2,2,50,50,1,LIBERAL,3,direction,1,523,first,un,nw,1,-0.245988,103,523,523,-0.224288,-0.203404
List5Session2,5,2,2,51,50,2,HINT,1,foodles,1,677,nw,nw,un,1,0.282759,202,677,677,0.616912,0.728112
List5Session2,5,2,2,52,50,2,STORAGE,4,holp,1,553,nw,nw,nw,1,-0.624331,202,553,553,-0.709155,-0.733487
List5Session2,5,2,2,53,50,1,SEX,3,folder,1,530,first,un,nw,1,-0.202971,103,530,530,-0.177695,-0.154984
List5Session2,5,2,2,54,50,1,DISBELIEF,4,brother,1,604,other,un,un,1,0.368608,101,604,604,0.448155,0.508127
List5Session2,5,2,2,55,50,1,ANNIHILATE,3,parent,1,499,first,un,un,1,-0.393473,103,499,499,-0.384038,-0.369414
List5Session2,5,2,2,56,50,2,JUNK,1,jafe,1,766,nw,nw,un,1,0.933816,202,766,766,1.568686,1.777164
List5Session2,5,2,2,57,50,1,RODENT,4,flirt,1,1183,other,un,nw,1,4.125939,101,#NULL!,#NULL!,#NULL!,#NULL!
List5Session2,5,2,2,58,50,2,SLIVER,2,hald,1,751,nw,nw,un,1,0.824087,202,751,751,1.408275,1.600357
List5Session2,5,2,2,59,50,2,SWORD,4,wongue,1,672,nw,nw,nw,1,0.246183,202,672,672,0.563442,0.669177
List5Session2,5,2,2,60,50,2,MAGGOT,3,wriping,1,1155,nw,nw,nw,1,3.779445,202,#NULL!,#NULL!,#NULL!,#NULL!
List5Session2,5,2,2,61,50,1,MONDAY,3,vegetable,1,516,first,un,nw,1,-0.289004,103,516,516,-0.270882,-0.251823
List5Session2,5,2,2,62,50,1,ENVY,4,jogger,1,894,other,un,un,1,2.250518,101,894,894,2.505867,2.679656
List5Session2,5,2,2,63,50,1,BALL,3,glory,1,522,first,un,un,1,-0.252133,103,522,522,-0.230945,-0.210321
List5Session2,5,2,2,64,50,2,FRIGID,2,povel,1,548,nw,nw,un,1,-0.660907,202,548,548,-0.762626,-0.792422
List5Session2,5,2,2,65,50,2,VASELINE,4,stral,1,542,nw,nw,nw,1,-0.704798,202,542,542,-0.82679,-0.863145
List5Session2,5,2,2,66,50,2,ROAM,3,tarthquame,1,567,nw,nw,nw,1,-0.521917,202,567,567,-0.559438,-0.568468
List5Session2,5,2,2,67,50,2,PAYMENT,2,tilket,1,655,nw,nw,nw,1,0.121824,202,655,655,0.381642,0.468796
List5Session2,5,2,2,68,50,2,PLEASE,3,perb,1,564,nw,nw,nw,1,-0.543863,202,564,564,-0.59152,-0.603829
List5Session2,5,2,2,69,50,2,DISREGARD,1,tost,0,541,nw,nw,nw,0,#NULL!,#NULL!,#NULL!,#NULL!,#NULL!,#NULL!
List5Session2,5,2,2,70,50,1,BEAM,4,say,1,437,other,un,nw,1,-0.715113,101,437,437,-0.736803,-0.742374
List5Session2,5,2,2,71,50,2,YOUTH,3,pevil,1,611,nw,nw,un,1,-0.200047,202,611,611,-0.088898,-0.049836
List5Session2,5,2,2,72,50,2,PARDON,3,gime,1,697,nw,nw,nw,1,0.429064,202,697,697,0.830794,0.963854
List5Session2,5,2,2,73,50,2,HUGE,1,nather,1,605,nw,nw,nw,1,-0.243938,202,605,605,-0.153063,-0.120558
List5Session2,5,2,2,74,50,2,DIRECT,2,bife,1,548,nw,nw,nw,1,-0.660907,202,548,548,-0.762626,-0.792422
List5Session2,5,2,2,75,50,2,SNOB,3,clup,1,542,nw,nw,nw,1,-0.704798,202,542,542,-0.82679,-0.863145
List5Session2,5,2,2,76,50,1,RACK,2,bike,1,536,other,rel,nw,1,-0.072668,101,536,536,-0.034343,-0.001059
List5Session2,5,2,2,77,50,1,BAT,2,night,1,449,other,rel,rel,1,-0.637241,101,449,449,-0.651656,-0.652518
List5Session2,5,2,2,78,50,2,SENTENCE,4,gans,1,542,nw,nw,rel,1,-0.704798,202,542,542,-0.82679,-0.863145
List5Session2,5,2,2,79,50,2,BARBECUE,4,selt,1,616,nw,nw,nw,1,-0.16347,202,616,616,-0.035428,0.0091
List5Session2,5,2,2,80,50,1,INTRODUCE,3,sky,1,445,first,un,nw,1,-0.725314,103,445,445,-0.743474,-0.742937
List5Session2,5,2,2,81,50,1,BRITTLE,3,board,1,539,first,un,un,1,-0.147664,103,539,539,-0.117789,-0.09273
List5Session2,5,2,2,82,50,1,HIGH,1,low,1,485,first,rel,un,1,-0.479506,103,485,485,-0.477225,-0.466253
List5Session2,5,2,2,83,50,2,ADMISSION,1,homor,1,656,nw,nw,rel,1,0.129139,202,656,656,0.392336,0.480584
List5Session2,5,2,2,84,50,1,FINGERNAIL,1,polish,1,437,first,rel,nw,1,-0.774476,103,437,437,-0.796723,-0.798274
List5Session2,5,2,2,85,50,1,AFTER,1,before,1,434,first,rel,rel,1,-0.792912,103,434,434,-0.816692,-0.819025
List5Session2,5,2,2,86,50,1,OPPOSITE,1,same,1,432,first,rel,rel,1,-0.805202,103,432,432,-0.830004,-0.83286
List5Session2,5,2,2,87,50,2,EXPRESS,4,anp,1,607,nw,nw,rel,1,-0.229307,202,607,607,-0.131674,-0.096984
List5Session2,5,2,2,88,50,1,FEUD,2,argument,1,582,other,rel,nw,1,0.225842,101,582,582,0.292053,0.343391
List5Session2,5,2,2,89,50,1,DIME,4,dive,1,846,other,un,rel,1,1.939029,101,846,846,2.165281,2.320231
List5Session2,5,2,2,90,50,2,SCHEME,4,atril,1,634,nw,nw,un,1,-0.031796,202,634,634,0.157066,0.221268
List5Session2,5,2,2,91,50,2,AIM,4,hozy,1,609,nw,nw,nw,1,-0.214677,202,609,609,-0.110286,-0.07341
List5Session2,5,2,2,92,50,2,NOISY,1,epotion,1,999,nw,nw,nw,1,2.638267,202,#NULL!,999,#NULL!,4.06041
List5Session2,5,2,2,93,50,1,HONEY,3,george,1,990,first,un,nw,1,2.623828,103,#NULL!,990,#NULL!,2.884166
List5Session2,5,2,2,94,50,2,SINKER,1,bence,1,1254,nw,nw,un,1,4.503654,202,#NULL!,#NULL!,#NULL!,#NULL!
List5Session2,5,2,2,95,50,1,DAILY,4,blood,1,707,other,un,nw,1,1.03701,101,707,707,1.178998,1.279394
List5Session2,5,2,2,96,50,1,SANDPAPER,1,rough,1,789,first,rel,un,1,1.38864,103,789,789,1.546266,1.636544
List5Session2,5,2,2,97,50,2,DRAPES,3,sprawderry,1,821,nw,nw,rel,1,1.336154,202,821,821,2.156861,2.425454
List5Session2,5,2,2,98,50,1,RELAX,2,tense,1,435,other,rel,nw,1,-0.728092,101,435,435,-0.750994,-0.75735
List5Session2,5,2,2,99,50,1,CREATE,1,make,1,416,first,rel,rel,1,-0.903526,103,416,416,-0.936504,-0.943533
List5Session2,5,2,2,100,50,1,FOREHEAD,4,marry,1,431,other,un,rel,1,-0.754049,101,431,431,-0.779376,-0.787302
List5Session2,5,2,2,101,50,2,SUFFOCATE,3,pash,1,737,nw,nw,un,1,0.721674,202,737,737,1.258558,1.435338
List5Session2,5,2,2,102,50,2,ENERGY,3,spoob,1,610,nw,nw,nw,1,-0.207362,202,610,610,-0.099592,-0.061623
List5Session2,5,2,2,103,50,1,CASHEW,1,nut,1,457,first,rel,nw,1,-0.651572,103,457,457,-0.663599,-0.659932
List5Session2,5,2,2,104,50,1,ISOLATED,4,idea,1,743,other,un,rel,1,1.270627,101,743,743,1.434438,1.548964
List5Session2,5,2,2,105,50,1,RIOT,4,small,1,503,other,un,un,1,-0.286816,101,503,503,-0.268496,-0.248164
List5Session2,5,2,2,106,50,2,UNDERSTANDING,2,murse,1,577,nw,nw,un,1,-0.448765,202,577,577,-0.452497,-0.450597
List5Session2,5,2,2,107,50,1,DEGRADE,2,embarrass,1,618,other,rel,nw,1,0.459459,101,618,618,0.547493,0.61296
List5Session2,5,2,2,108,50,1,CHIPS,4,movement,1,576,other,un,rel,1,0.186906,101,576,576,0.24948,0.298462
List5Session2,5,2,2,109,50,2,CEREMONY,4,porward,1,664,nw,nw,un,1,0.187661,202,664,664,0.477889,0.57488
List5Session2,5,2,2,110,50,2,COLESLAW,3,freelom,1,717,nw,nw,nw,1,0.575369,202,717,717,1.044676,1.199596
List5Session2,5,2,2,111,50,2,GUM,1,rumb,1,575,nw,nw,nw,1,-0.463395,202,575,575,-0.473885,-0.474171
List5Session2,5,2,2,112,50,2,FOX,3,plown,1,535,nw,nw,nw,1,-0.756005,202,535,535,-0.901649,-0.945655
List5Session2,5,2,2,113,50,1,CARPENTER,4,push,1,657,other,un,nw,1,0.712543,101,657,657,0.82422,0.904993
List5Session2,5,2,2,114,50,1,OCCUPATION,2,money,1,629,other,rel,un,1,0.530841,101,629,629,0.625544,0.695328
List5Session2,5,2,2,115,50,1,CRUST,2,pizza,1,396,other,rel,rel,1,-0.981176,101,396,396,-1.027721,-1.049383
List5Session2,5,2,2,116,50,2,COUGAR,4,gake,1,554,nw,nw,rel,1,-0.617015,202,554,554,-0.698461,-0.7217
List5Session2,5,2,2,117,50,1,FLOOD,2,dam,1,868,other,rel,nw,1,2.081795,101,868,868,2.321383,2.484968
List5Session2,5,2,2,118,50,2,SANDWICH,2,pra,1,864,nw,nw,rel,1,1.65071,202,864,864,2.616707,2.932299
List5Session2,5,2,2,119,50,2,HUNT,2,quiat,1,636,nw,nw,nw,1,-0.017165,202,636,636,0.178454,0.244842
List5Session2,5,2,2,120,50,1,ESTEEM,3,santa,1,786,first,un,nw,1,1.370204,103,786,786,1.526297,1.615793
List5Session2,5,2,2,121,50,1,PICKLE,4,swear,1,530,other,un,un,1,-0.111604,101,530,530,-0.076916,-0.045987
List5Session2,5,2,2,122,50,2,YEARS,3,reace,1,571,nw,nw,un,1,-0.492656,202,571,571,-0.516662,-0.521319
List5Session2,5,2,2,123,50,2,EDITOR,2,ebaphamt,1,548,nw,nw,nw,1,-0.660907,202,548,548,-0.762626,-0.792422
List5Session2,5,2,2,124,50,1,TEMPER,3,wander,1,653,first,un,nw,1,0.55289,103,653,653,0.64102,0.695819
List5Session2,5,2,2,125,50,2,GENEROUS,3,onter,1,641,nw,nw,un,1,0.019411,202,641,641,0.231925,0.303777
List5Session2,5,2,2,126,50,2,RESPONSIBLE,4,praw,1,583,nw,nw,nw,1,-0.404873,202,583,583,-0.388333,-0.379874
List5Session2,5,2,2,127,50,2,BRUISE,4,varth,1,543,nw,nw,nw,1,-0.697483,202,543,543,-0.816096,-0.851358
List5Session2,5,2,2,128,50,2,HUT,3,smeak,1,792,nw,nw,nw,1,1.124012,202,792,792,1.846733,2.083628
List5Session2,5,2,2,129,50,2,WEST,1,nellow,1,600,nw,nw,nw,1,-0.280514,202,600,600,-0.206533,-0.179494
List5Session2,5,2,2,130,50,2,EXCHANGE,4,tublic,1,671,nw,nw,nw,1,0.238868,202,671,671,0.552747,0.65739
List5Session2,5,2,2,131,50,2,ELF,3,drin,1,579,nw,nw,nw,1,-0.434134,202,579,579,-0.431109,-0.427023
List5Session2,5,2,2,132,50,1,MEND,4,eggs,1,731,other,un,nw,1,1.192755,101,731,731,1.349291,1.459107
List5Session2,5,2,2,133,50,1,ATTIRE,3,hip,1,653,first,un,un,1,0.55289,103,653,653,0.64102,0.695819
List5Session2,5,2,2,134,50,2,KEEPER,1,oray,1,834,nw,nw,un,1,1.431252,202,834,834,2.295884,2.578686
List5Session2,5,2,2,135,50,2,INTROVERT,3,worner,1,1103,nw,nw,nw,1,3.399052,202,#NULL!,#NULL!,#NULL!,#NULL!
List5Session2,5,2,2,136,50,2,BACKWARD,4,loum,1,1106,nw,nw,nw,1,3.420998,202,#NULL!,#NULL!,#NULL!,#NULL!
List5Session2,5,2,2,137,50,2,PINT,3,dasapreemen,1,1028,nw,nw,nw,1,2.850409,202,#NULL!,1028,#NULL!,4.370538
List5Session2,5,2,2,138,50,2,FEVER,4,pubmarite,1,602,nw,nw,nw,1,-0.265884,202,602,602,-0.185145,-0.155919
List5Session2,5,2,2,139,50,1,MIMIC,4,apartment,1,562,other,un,nw,1,0.096055,101,562,562,0.150142,0.19363
List5Session2,5,2,2,140,50,1,PLAYER,2,tennis,1,490,other,rel,un,1,-0.371178,101,490,490,-0.360738,-0.345508
List5Session2,5,2,2,141,50,1,SWAP,3,boys,1,407,first,un,rel,1,-0.958833,103,407,407,-0.99641,-1.005787
List5Session2,5,2,2,142,50,2,DIFFERENCE,4,leambelt,1,533,nw,nw,un,1,-0.770635,202,533,533,-0.923037,-0.969229
List5Session2,5,2,2,143,50,1,HELIUM,3,electricity,1,879,first,un,nw,1,1.941709,103,879,879,2.145325,2.259083
List5Session2,5,2,2,144,50,2,PARIS,1,fependent,1,507,nw,nw,un,1,-0.960832,202,507,507,-1.201084,-1.275693
List5Session2,5,2,2,145,50,2,SLICE,2,jight,1,566,nw,nw,nw,1,-0.529232,202,566,566,-0.570132,-0.580255
List5Session2,5,2,2,146,50,1,GHETTO,3,drink,1,430,first,un,nw,1,-0.817493,103,430,430,-0.843317,-0.846694
List5Session2,5,2,2,147,50,1,IMPOSSIBLE,2,can't,1,540,other,rel,un,1,-0.04671,101,540,540,-0.00596,0.028893
List5Session2,5,2,2,148,50,1,MAGNET,3,system,1,742,first,un,rel,1,1.099814,103,742,742,1.233423,1.311441
List5Session2,5,2,2,149,50,2,GARLIC,2,prepident,1,552,nw,nw,un,1,-0.631646,202,552,552,-0.719849,-0.745274
List5Session2,5,2,2,150,50,2,DISAPPEAR,1,buice,1,640,nw,nw,nw,1,0.012095,202,640,640,0.221231,0.29199
List5Session2,5,2,2,151,50,2,TUTU,3,melapionshi,1,631,nw,nw,nw,1,-0.053742,202,631,631,0.124984,0.185906
List5Session2,5,2,2,152,50,2,BREEZE,1,ope,1,525,nw,nw,nw,1,-0.829157,202,525,525,-1.00859,-1.063525
List5Session2,5,2,2,153,50,1,RURAL,2,town,1,711,other,rel,nw,1,1.062968,101,711,711,1.20738,1.309347
List5Session2,5,2,2,154,50,2,CHEMICAL,1,tind,1,569,nw,nw,rel,1,-0.507287,202,569,569,-0.53805,-0.544893
List5Session2,5,2,2,155,50,2,ERODE,2,fick,0,497,nw,nw,nw,0,#NULL!,#NULL!,#NULL!,#NULL!,#NULL!,#NULL!
List5Session2,5,2,2,156,50,1,CALENDAR,1,date,1,812,first,rel,nw,1,1.52998,103,812,812,1.699359,1.795637
List5Session2,5,2,2,157,50,2,CLAMP,2,throp,1,522,nw,nw,rel,1,-0.851103,202,522,522,-1.040672,-1.098887
List5Session2,5,2,2,158,50,1,POUNCE,2,hit,1,421,other,rel,nw,1,-0.818943,101,421,421,-0.850332,-0.862183
List5Session2,5,2,2,159,50,2,EXACT,1,geath,1,675,nw,nw,rel,1,0.268129,202,675,675,0.595524,0.704538
List5Session2,5,2,2,160,50,1,APPLICATION,2,college,1,487,other,rel,nw,1,-0.390646,101,487,487,-0.382025,-0.367972
List5Session2,5,2,2,161,50,2,PASSAGE,3,mon,1,722,nw,nw,rel,1,0.611945,202,722,722,1.098146,1.258532
List5Session2,5,2,2,162,50,1,STUB,1,toe,1,501,first,rel,nw,1,-0.381182,103,501,501,-0.370725,-0.35558
List5Session2,5,2,2,163,50,2,GEOMETRY,4,porl,1,577,nw,nw,rel,1,-0.448765,202,577,577,-0.452497,-0.450597
List5Session2,5,2,2,164,50,2,PIE,3,crowf,1,519,nw,nw,nw,1,-0.873049,202,519,519,-1.072755,-1.134248
List5Session2,5,2,2,165,50,1,TEXT,4,advice,1,546,other,un,nw,1,-0.007774,101,546,546,0.036613,0.073821
List5Session2,5,2,2,166,50,2,ADDICT,4,builping,1,491,nw,nw,un,1,-1.077875,202,491,491,-1.372189,-1.464287
List5Session2,5,2,2,167,50,1,ACCELERATE,1,speed,1,439,first,rel,nw,1,-0.762186,103,439,439,-0.783411,-0.78444
List5Session2,5,2,2,168,50,2,SLEIGH,3,ambutance,1,566,nw,nw,rel,1,-0.529232,202,566,566,-0.570132,-0.580255
List5Session2,5,2,2,169,50,1,BEAST,1,animal,1,558,first,rel,nw,1,-0.030905,103,558,558,0.008679,0.038695
List5Session2,5,2,2,170,50,1,PORTION,4,monkey,1,439,other,un,rel,1,-0.702134,101,439,439,-0.722612,-0.727398
List5Session2,5,2,2,171,50,2,FAITH,4,choife,1,485,nw,nw,un,1,-1.121767,202,485,485,-1.436354,-1.535009
List5Session2,5,2,2,172,50,2,CRESCENT,3,toprano,1,592,nw,nw,nw,1,-0.339036,202,592,592,-0.292086,-0.27379
List5Session2,5,2,2,173,50,2,QUESTION,2,nust,1,679,nw,nw,nw,1,0.29739,202,679,679,0.6383,0.751687
List5Session2,5,2,2,174,50,2,UPSTREAM,4,neam,1,571,nw,nw,nw,1,-0.492656,202,571,571,-0.516662,-0.521319
List5Session2,5,2,2,175,50,2,POSSESS,2,stome,1,531,nw,nw,nw,1,-0.785266,202,531,531,-0.944425,-0.992803
List5Session2,5,2,2,176,50,1,HOLE,3,path,1,445,first,un,nw,1,-0.725314,103,445,445,-0.743474,-0.742937
List5Session2,5,2,2,177,50,2,WHITE,3,dreap,1,603,nw,nw,un,1,-0.258568,202,603,603,-0.174451,-0.144132
List5Session2,5,2,2,178,50,1,GUITAR,3,men,1,451,first,un,nw,1,-0.688443,103,451,451,-0.703536,-0.701435
List5Session2,5,2,2,179,50,1,GYMNAST,4,weather,1,464,other,un,un,1,-0.539901,101,464,464,-0.545223,-0.540197
List5Session2,5,2,2,180,50,2,RITUAL,3,perponality,1,796,nw,nw,un,1,1.153273,202,796,796,1.889509,2.130776
List5Session2,5,2,2,181,50,1,LIGHTNING,1,thunder,1,493,first,rel,nw,1,-0.430344,103,493,493,-0.423975,-0.410917
List5Session2,5,2,2,182,50,2,SYRUP,1,torl,1,488,nw,nw,rel,1,-1.099821,202,488,488,-1.404271,-1.499648
List5Session2,5,2,2,183,50,2,CRUTCH,1,yan,1,563,nw,nw,nw,1,-0.551178,202,563,563,-0.602214,-0.615616
List5Session2,5,2,2,184,50,1,EXHALE,1,inhale,1,459,first,rel,nw,1,-0.639281,103,459,459,-0.650286,-0.646098
List5Session2,5,2,2,185,50,1,LIFT,2,heavy,1,457,other,rel,rel,1,-0.585326,101,457,457,-0.594892,-0.592613
List5Session2,5,2,2,186,50,2,BROWN,4,unlerspand,1,549,nw,nw,rel,1,-0.653591,202,549,549,-0.751932,-0.780635
List5Session2,5,2,2,187,50,1,ASS,1,donkey,1,431,first,rel,nw,1,-0.811347,103,431,431,-0.836661,-0.839777
List5Session2,5,2,2,188,50,2,STRIVE,2,whote,1,669,nw,nw,rel,1,0.224237,202,669,669,0.531359,0.633816
List5Session2,5,2,2,189,50,2,TAR,2,foshing,1,577,nw,nw,nw,1,-0.448765,202,577,577,-0.452497,-0.450597
List5Session2,5,2,2,190,50,1,CHIPMUNK,1,squirrel,1,505,first,rel,nw,1,-0.356601,103,505,505,-0.3441,-0.327912
List5Session2,5,2,2,191,50,2,NAG,1,olening,1,500,nw,nw,rel,1,-1.012038,202,500,500,-1.275942,-1.358203
List5Session2,5,2,2,192,50,2,ADJUSTMENT,2,plide,1,639,nw,nw,nw,1,0.00478,202,639,639,0.210537,0.280203
List5Session2,5,2,2,193,50,1,PROVE,2,theory,1,500,other,rel,nw,1,-0.306284,101,500,500,-0.289783,-0.270628
List5Session2,5,2,2,194,50,2,SQUEAK,3,poving,1,591,nw,nw,rel,1,-0.346351,202,591,591,-0.30278,-0.285577
List5Session2,5,2,2,195,50,1,TEND,2,watch,1,694,other,rel,nw,1,0.952649,101,694,694,1.086756,1.18205
List5Session2,5,2,2,196,50,2,MACARONI,2,lerative,1,665,nw,nw,rel,1,0.194977,202,665,665,0.488583,0.586667
List5Session2,5,2,2,197,50,1,GROWN,1,up,1,638,first,rel,nw,1,0.460712,103,638,638,0.541177,0.592062
List5Session2,5,2,2,198,50,1,MASS,4,annually,1,772,other,un,rel,1,1.458818,101,772,772,1.640209,1.766117
List5Session2,5,2,2,199,50,1,DEPUTY,4,stack,1,436,other,un,un,1,-0.721602,101,436,436,-0.743898,-0.749862
List5Session2,5,2,2,200,50,1,TANK,3,bump,1,434,first,un,un,1,-0.792912,103,434,434,-0.816692,-0.819025
List5Session2,5,2,2,201,50,2,WORTHLESS,1,silm,1,782,nw,nw,un,1,1.05086,202,782,782,1.739792,1.965757
List5Session2,5,2,2,202,50,2,PERISCOPE,1,durse,1,654,nw,nw,nw,1,0.114509,202,654,654,0.370948,0.457009
List5Session2,5,2,2,203,50,1,BEE,1,sting,1,434,first,rel,nw,1,-0.792912,103,434,434,-0.816692,-0.819025
List5Session2,5,2,2,204,50,2,ARMS,4,mobern,1,480,nw,nw,rel,1,-1.158343,202,480,480,-1.489824,-1.593945
List5Session2,5,2,2,205,50,2,RIDE,4,slinny,1,556,nw,nw,nw,1,-0.602385,202,556,556,-0.677073,-0.698126
List5Session2,5,2,2,206,50,2,CARBON,4,ipnore,1,565,nw,nw,nw,1,-0.536548,202,565,565,-0.580826,-0.592042
List5Session2,5,2,2,207,50,1,EGG,2,breakfast,1,462,other,rel,nw,1,-0.552879,101,462,462,-0.559414,-0.555173
List5Session2,5,2,2,208,50,1,SPELL,2,magic,1,459,other,rel,rel,1,-0.572347,101,459,459,-0.580701,-0.577637
List5Session2,5,2,2,209,50,1,STOCK,3,lawsuit,1,568,first,un,rel,1,0.030547,103,568,568,0.075241,0.107866
List5Session2,5,2,2,210,50,1,NUCLEAR,4,chance,1,432,other,un,un,1,-0.74756,101,432,432,-0.772281,-0.779814
List5Session2,5,2,2,211,50,2,LEAN,1,bomen,1,510,nw,nw,un,1,-0.938886,202,510,510,-1.169001,-1.240332
List5Session2,5,2,2,212,50,2,NETWORK,4,hather,1,617,nw,nw,nw,1,-0.156155,202,617,617,-0.024734,0.020887
List5Session2,5,2,2,213,50,1,CELLAR,4,hair,1,414,other,un,nw,1,-0.864368,101,414,414,-0.900001,-0.914599
List5Session2,5,2,2,214,50,1,CONFUSION,1,lost,1,366,first,rel,un,1,-1.210786,103,366,366,-1.269315,-1.289388
List5Session2,5,2,2,215,50,2,TUNE,1,korgive,1,558,nw,nw,rel,1,-0.587754,202,558,558,-0.655685,-0.674551
List5Session2,5,2,2,216,50,1,THIN,4,run,1,407,other,un,nw,1,-0.909793,101,407,407,-0.94967,-0.967015
List5Session2,5,2,2,217,50,2,MAJOR,3,murnerer,1,582,nw,nw,un,1,-0.412189,202,582,582,-0.399027,-0.391661
List5Session2,5,2,2,218,50,2,ALIVE,2,staip,1,526,nw,nw,nw,1,-0.821842,202,526,526,-0.997896,-1.051738
List5Session2,5,2,2,219,50,2,REPLACE,2,roo,1,519,nw,nw,nw,1,-0.873049,202,519,519,-1.072755,-1.134248
List5Session2,5,2,2,220,50,2,FORK,1,fap,1,529,nw,nw,nw,1,-0.799896,202,529,529,-0.965814,-1.016377
List5Session2,5,2,2,221,50,2,SALT,3,sny,1,539,nw,nw,nw,1,-0.726744,202,539,539,-0.858873,-0.898506
List5Session2,5,2,2,222,50,1,EXCISE,1,tax,1,853,first,rel,nw,1,1.781933,103,853,853,1.972264,2.079238
List5Session2,5,2,2,223,50,2,SMART,1,nong,1,546,nw,nw,rel,1,-0.675537,202,546,546,-0.784014,-0.815997
List5Session2,5,2,2,224,50,2,ARROW,3,meacher,1,636,nw,nw,nw,1,-0.017165,202,636,636,0.178454,0.244842
List5Session2,5,2,2,225,50,2,EXPERT,2,spress,1,642,nw,nw,nw,1,0.026726,202,642,642,0.242619,0.315564
List5Session2,5,2,2,226,50,2,CIRCUS,1,dothing,1,615,nw,nw,nw,1,-0.170786,202,615,615,-0.046122,-0.002687
List5Session2,5,2,2,227,50,1,FILE,3,frame,1,542,first,un,nw,1,-0.129229,103,542,542,-0.09782,-0.071979
List5Session2,5,2,2,228,50,2,CHROMOSOMES,4,patcames,1,615,nw,nw,un,1,-0.170786,202,615,615,-0.046122,-0.002687
List5Session2,5,2,2,229,50,2,THOUGHT,4,sememper,1,669,nw,nw,nw,1,0.224237,202,669,669,0.531359,0.633816
List5Session2,5,2,2,230,50,1,SUMMARY,2,end,1,418,other,rel,nw,1,-0.838411,101,418,418,-0.871618,-0.884647
List5Session2,5,2,2,231,50,1,TYPE,3,swamp,1,896,first,un,rel,1,2.046178,103,896,896,2.258481,2.376674
List5Session2,5,2,2,232,50,2,IMPRESSION,4,honetsy,0,539,nw,nw,un,0,#NULL!,#NULL!,#NULL!,#NULL!,#NULL!,#NULL!
List5Session2,5,2,2,233,50,1,TARNISH,2,dull,1,485,other,rel,nw,1,-0.403624,101,485,485,-0.396216,-0.382949
List5Session2,5,2,2,234,50,1,FREQUENCY,1,often,1,497,first,rel,rel,1,-0.405763,103,497,497,-0.39735,-0.383248
List5Session2,5,2,2,235,50,2,WORLD,1,nomice,1,588,nw,nw,rel,1,-0.368297,202,588,588,-0.334862,-0.320939
List5Session2,5,2,2,236,50,1,SATAN,4,kill,1,436,other,un,nw,1,-0.721602,101,436,436,-0.743898,-0.749862
List5Session2,5,2,2,237,50,2,DECENCY,2,pungry,1,627,nw,nw,un,1,-0.083003,202,627,627,0.082207,0.138758
List5Session2,5,2,2,238,50,1,MIRAGE,1,desert,1,1209,first,rel,nw,1,3.96963,103,#NULL!,#NULL!,#NULL!,#NULL!
List5Session2,5,2,2,239,50,2,PUDDING,1,comt,1,679,nw,nw,rel,1,0.29739,202,679,679,0.6383,0.751687
List5Session2,5,2,2,240,50,2,CAVE,2,bix,1,763,nw,nw,nw,1,0.91187,202,763,763,1.536604,1.741802
List5Session2,5,2,2,241,50,1,DANDRUFF,4,workout,1,507,other,un,nw,1,-0.260859,101,507,507,-0.240114,-0.218212
List5Session2,5,2,2,242,50,1,NOTICE,3,string,1,423,first,un,un,1,-0.860509,103,423,423,-0.88991,-0.895114
List5Session2,5,2,2,243,50,2,TUNNEL,4,pamp,1,693,nw,nw,un,1,0.399803,202,693,693,0.788017,0.916706
List5Session2,5,2,2,244,50,1,STEEPLE,2,point,1,472,other,rel,nw,1,-0.487986,101,472,472,-0.488458,-0.480293
List5Session2,5,2,2,245,50,2,HOOT,3,reaption,1,645,nw,nw,rel,1,0.048672,202,645,645,0.274701,0.350926
List5Session2,5,2,2,246,50,1,SWEETHEART,2,girlfriend,1,587,other,rel,nw,1,0.258289,101,587,587,0.327531,0.380831
List5Session2,5,2,2,247,50,2,MILDEW,2,cheam,1,658,nw,nw,rel,1,0.14377,202,658,658,0.413724,0.504158
List5Session2,5,2,2,248,50,2,BEETLE,2,metchup,1,615,nw,nw,nw,1,-0.170786,202,615,615,-0.046122,-0.002687
List5Session2,5,2,2,249,50,1,RASPBERRY,2,tart,1,588,other,rel,nw,1,0.264778,101,588,588,0.334627,0.388319
List5Session2,5,2,2,250,50,1,STRIPES,4,chemistry,1,549,other,un,rel,1,0.011694,101,549,549,0.0579,0.096285
List5Session2,5,2,2,251,50,2,INNOCENT,4,keaf,1,606,nw,nw,un,1,-0.236623,202,606,606,-0.142369,-0.108771
List5Session2,5,2,2,252,50,2,TRIUMPH,3,monel,0,564,nw,nw,nw,0,#NULL!,#NULL!,#NULL!,#NULL!,#NULL!,#NULL!
List5Session2,5,2,2,253,50,2,ARRIVE,2,jitch,1,909,nw,nw,nw,1,1.979895,202,909,909,3.097941,3.462718
List5Session2,5,2,2,254,50,2,KITCHEN,3,bights,1,1240,nw,nw,nw,1,4.40124,202,#NULL!,#NULL!,#NULL!,#NULL!
List5Session2,5,2,2,255,50,1,WALL,4,furniture,1,567,other,un,nw,1,0.128502,101,567,567,0.18562,0.23107
List5Session2,5,2,2,256,50,1,LEAGUE,4,meaning,1,591,other,un,un,1,0.284246,101,591,591,0.355913,0.410783
List5Session2,5,2,2,257,50,1,APPLIANCE,1,stove,1,407,first,rel,un,1,-0.958833,103,407,407,-0.99641,-1.005787
List5Session2,5,2,2,258,50,1,PIN,4,fire,1,436,other,un,rel,1,-0.721602,101,436,436,-0.743898,-0.749862
List5Session2,5,2,2,259,50,2,DRESSING,3,mard,1,514,nw,nw,un,1,-0.909625,202,514,514,-1.126225,-1.193183
List5Session2,5,2,2,260,50,1,SCREEN,2,window,1,445,other,rel,nw,1,-0.663198,101,445,445,-0.680038,-0.68247
List5Session2,5,2,2,261,50,2,COZY,3,vapish,1,634,nw,nw,rel,1,-0.031796,202,634,634,0.157066,0.221268
List5Session2,5,2,2,262,50,2,INTERRUPT,1,pive,1,575,nw,nw,nw,1,-0.463395,202,575,575,-0.473885,-0.474171
List5Session2,5,2,2,263,50,2,LUMP,3,kimnap,1,632,nw,nw,nw,1,-0.046426,202,632,632,0.135678,0.197693
List5Session2,5,2,2,264,50,2,RULES,2,wriper,1,559,nw,nw,nw,1,-0.580439,202,559,559,-0.644991,-0.662764
List5Session2,5,2,2,265,50,1,LAST,4,virgin,1,519,other,un,nw,1,-0.182987,101,519,519,-0.154967,-0.128355
List5Session2,5,2,2,266,50,2,BUCKLE,2,eapy,1,546,nw,nw,un,1,-0.675537,202,546,546,-0.784014,-0.815997
List5Session2,5,2,2,267,50,2,HEROINE,1,yeeting,1,603,nw,nw,nw,1,-0.258568,202,603,603,-0.174451,-0.144132
List5Session2,5,2,2,268,50,1,SQUEAL,2,pig,1,529,other,rel,nw,1,-0.118093,101,529,529,-0.084011,-0.053475
List5Session2,5,2,2,269,50,1,ACRE,1,land,1,572,first,rel,rel,1,0.055128,103,572,572,0.101866,0.135534
List5Session2,5,2,2,270,50,2,WRESTLING,2,chim,1,564,nw,nw,rel,1,-0.543863,202,564,564,-0.59152,-0.603829
List5Session2,5,2,2,271,50,1,ITEM,1,thing,1,461,first,rel,nw,1,-0.626991,103,461,461,-0.636974,-0.632264
List5Session2,5,2,2,272,50,2,CONFERENCE,1,smort,0,458,nw,nw,rel,0,#NULL!,#NULL!,#NULL!,#NULL!,#NULL!,#NULL!
List5Session2,5,2,2,273,50,1,CLUB,2,fraternity,0,614,other,rel,nw,0,#NULL!,#NULL!,#NULL!,#NULL!,#NULL!,#NULL!
List5Session2,5,2,2,274,50,1,PATIENCE,3,tuesday,1,701,first,un,rel,1,0.847861,103,701,701,0.960518,1.02784
List5Session2,5,2,2,275,50,2,PROSE,3,guilp,1,847,nw,nw,un,1,1.52635,202,847,847,2.434908,2.731918
List5Session2,5,2,2,276,50,2,MAN,1,tuddle,1,701,nw,nw,nw,1,0.458325,202,701,701,0.87357,1.011003
List5Session2,5,2,2,277,50,2,MEAT,3,poman,1,640,nw,nw,nw,1,0.012095,202,640,640,0.221231,0.29199
List5Session2,5,2,2,278,50,2,VETERAN,2,gute,1,852,nw,nw,nw,1,1.562927,202,852,852,2.488378,2.790853
List5Session2,5,2,2,279,50,1,CONTINENT,3,bone,1,930,first,un,nw,1,2.255115,103,930,930,2.484793,2.611855
List5Session2,5,2,2,280,50,1,GALLOP,4,egypt,1,812,other,un,un,1,1.718392,101,812,812,1.924032,2.065638
List5Session2,5,2,2,281,50,1,VENT,4,loser,1,763,other,un,un,1,1.400414,101,763,763,1.576349,1.698724
List5Session2,5,2,2,282,50,2,ASHAMED,2,cenler,1,604,nw,nw,un,1,-0.251253,202,604,604,-0.163757,-0.132345
List5Session2,5,2,2,283,50,1,FIREPLACE,2,winter,1,850,other,rel,nw,1,1.964987,101,850,850,2.193663,2.350183
List5Session2,5,2,2,284,50,1,MOVIE,3,hunger,1,576,first,un,rel,1,0.079709,103,576,576,0.128491,0.163202
List5Session2,5,2,2,285,50,1,RADISH,3,call,1,456,first,un,un,1,-0.657717,103,456,456,-0.670255,-0.666849
List5Session2,5,2,2,286,50,2,DEFEND,3,ipland,1,629,nw,nw,un,1,-0.068372,202,629,629,0.103596,0.162332
List5Session2,5,2,2,287,50,1,SINCE,3,bubble,1,505,first,un,nw,1,-0.356601,103,505,505,-0.3441,-0.327912
List5Session2,5,2,2,288,50,1,GOVERNMENT,1,politics,1,613,first,rel,un,1,0.307082,103,613,613,0.374771,0.419135
List5Session2,5,2,2,289,50,2,HOMEWORK,1,liget,1,635,nw,nw,rel,1,-0.024481,202,635,635,0.16776,0.233055
List5Session2,5,2,2,290,50,1,TIGER,2,orange,1,513,other,rel,nw,1,-0.221923,101,513,513,-0.19754,-0.173284
List5Session2,5,2,2,291,50,1,DISEASE,2,cure,1,700,other,rel,rel,1,0.991585,101,700,700,1.129329,1.226978
List5Session2,5,2,2,292,50,2,TENT,1,sheve,1,704,nw,nw,rel,1,0.480271,202,704,704,0.905652,1.046364
List5Session2,5,2,2,293,50,2,GRAVEL,1,yarp,1,626,nw,nw,nw,1,-0.090318,202,626,626,0.071513,0.126971
List5Session2,5,2,2,294,50,1,FURTHER,3,liberty,1,553,first,un,nw,1,-0.061631,103,553,553,-0.024602,0.004109
List5Session2,5,2,2,295,50,1,MATE,4,toes,1,466,other,un,un,1,-0.526922,101,466,466,-0.531032,-0.525221
List5Session2,5,2,2,296,50,2,BOG,4,poter,1,494,nw,nw,un,1,-1.05593,202,494,494,-1.340107,-1.428925
List5Session2,5,2,2,297,50,1,RIDICULOUS,1,silly,1,841,first,rel,nw,1,1.708191,103,841,841,1.892389,1.996233
List5Session2,5,2,2,298,50,2,SLEEP,1,rucket,1,615,nw,nw,rel,1,-0.170786,202,615,615,-0.046122,-0.002687
List5Session2,5,2,2,299,50,2,ANCIENT,4,pealthy,1,605,nw,nw,nw,1,-0.243938,202,605,605,-0.153063,-0.120558
List5Session2,5,2,2,300,50,1,MINUTE,3,vision,1,725,first,un,nw,1,0.995346,103,725,725,1.120268,1.19385
List5Session2,5,2,2,301,50,1,BE,1,am,1,740,first,rel,un,1,1.087524,103,740,740,1.220111,1.297606
List5Session2,5,2,2,302,50,2,SIMPLE,1,mobe,1,597,nw,nw,rel,1,-0.30246,202,597,597,-0.238615,-0.214855
List5Session2,5,2,2,303,50,1,AVENUE,2,park,1,509,other,rel,nw,1,-0.24788,101,509,509,-0.225923,-0.203236
List5Session2,5,2,2,304,50,2,FURRY,4,pusic,1,648,nw,nw,rel,1,0.070617,202,648,648,0.306783,0.386287
List5Session2,5,2,2,305,50,1,SELECTION,3,black,1,493,first,un,nw,1,-0.430344,103,493,493,-0.423975,-0.410917
List5Session2,5,2,2,306,50,1,PITY,4,valuable,1,521,other,un,un,1,-0.170008,101,521,521,-0.140776,-0.113379
List5Session2,5,2,2,307,50,1,AD,2,sell,1,516,other,rel,un,1,-0.202455,101,516,516,-0.176254,-0.15082
List5Session2,5,2,2,308,50,1,GAUGE,2,temperature,1,511,other,rel,rel,1,-0.234901,101,511,511,-0.211731,-0.18826
List5Session2,5,2,2,309,50,1,DAMAGE,2,destruction,1,522,other,rel,rel,1,-0.163519,101,522,522,-0.13368,-0.105891
List5Session2,5,2,2,310,50,2,BALLET,1,amuminum,1,755,nw,nw,rel,1,0.853348,202,755,755,1.451051,1.647506
List5Session2,5,2,2,311,50,1,SILENT,2,still,1,437,other,rel,nw,1,-0.715113,101,437,437,-0.736803,-0.742374
List5Session2,5,2,2,312,50,2,SLING,3,prebudice,1,690,nw,nw,rel,1,0.377858,202,690,690,0.755935,0.881345
List5Session2,5,2,2,313,50,1,COMBINATION,3,load,1,452,first,un,nw,1,-0.682298,103,452,452,-0.69688,-0.694518
List5Session2,5,2,2,314,50,2,ALMANAC,2,trecise,1,738,nw,nw,un,1,0.728989,202,738,738,1.269252,1.447125
List5Session2,5,2,2,315,50,1,SURROUNDING,3,arm,1,691,first,un,nw,1,0.786409,103,691,691,0.893956,0.958669
List5Session2,5,2,2,316,50,1,BUTTON,4,doll,1,423,other,un,un,1,-0.805964,101,423,423,-0.836141,-0.847206
List5Session2,5,2,2,317,50,1,BUGLE,3,tornado,1,630,first,un,un,1,0.41155,103,630,630,0.487927,0.536726
List5Session2,5,2,2,318,50,2,SWIMMER,4,wilkway,1,844,nw,nw,un,1,1.504405,202,844,844,2.402825,2.696557
List5Session2,5,2,2,319,50,2,BUILDER,3,kly,1,538,nw,nw,nw,1,-0.734059,202,538,538,-0.869567,-0.910293
List5Session2,5,2,2,320,50,1,SHOWER,1,clean,1,420,first,rel,nw,1,-0.878945,103,420,420,-0.909879,-0.915865
List5Session2,5,2,2,321,50,2,EXIT,1,fonest,1,627,nw,nw,rel,1,-0.083003,202,627,627,0.082207,0.138758
List5Session2,5,2,2,322,50,1,SUMMIT,3,destroy,1,538,first,un,nw,1,-0.153809,103,538,538,-0.124445,-0.099647
List5Session2,5,2,2,323,50,2,ALGAE,2,burder,0,498,nw,nw,un,0,#NULL!,#NULL!,#NULL!,#NULL!,#NULL!,#NULL!
List5Session2,5,2,2,324,50,1,AX,2,wood,1,478,other,rel,nw,1,-0.44905,101,478,478,-0.445885,-0.435365
List5Session2,5,2,2,325,50,2,WAR,1,noj,1,554,nw,nw,rel,1,-0.617015,202,554,554,-0.698461,-0.7217
List5Session2,5,2,2,326,50,1,BREAST,4,elect,1,659,other,un,nw,1,0.725522,101,659,659,0.838411,0.919969
List5Session2,5,2,2,327,50,2,MISTAKE,2,franile,1,568,nw,nw,un,1,-0.514602,202,568,568,-0.548744,-0.556681
List5Session2,5,2,2,328,50,2,PRESTIGE,1,gance,1,592,nw,nw,nw,1,-0.339036,202,592,592,-0.292086,-0.27379
List5Session2,5,2,2,329,50,2,UMPIRE,4,neing,1,663,nw,nw,nw,1,0.180346,202,663,663,0.467195,0.563093
List5Session2,5,2,2,330,50,1,HIKE,3,angel,1,700,first,un,nw,1,0.841715,103,700,700,0.953862,1.020923
List5Session2,5,2,2,331,50,1,SPECIFIC,1,general,1,543,first,rel,un,1,-0.123083,103,543,543,-0.091164,-0.065062
List5Session2,5,2,2,332,50,2,HARDY,3,epst,1,504,nw,nw,rel,1,-0.982777,202,504,504,-1.233166,-1.311054
List5Session2,5,2,2,333,50,2,GULL,4,tob,1,834,nw,nw,nw,1,1.431252,202,834,834,2.295884,2.578686
List5Session2,5,2,2,334,50,2,POLITICIAN,2,pisc,1,689,nw,nw,nw,1,0.370542,202,689,689,0.745241,0.869558
List5Session2,5,2,2,335,50,2,ACTION,2,manters,1,1172,nw,nw,nw,1,3.903804,202,#NULL!,#NULL!,#NULL!,#NULL!
List5Session2,5,2,2,336,50,2,PAIL,1,heak,1,612,nw,nw,nw,1,-0.192731,202,612,612,-0.078204,-0.038048
List5Session2,5,2,2,337,50,2,GREED,2,sarts,1,603,nw,nw,nw,1,-0.258568,202,603,603,-0.174451,-0.144132
List5Session2,5,2,2,338,50,1,BLUBBER,2,whale,1,482,other,rel,nw,1,-0.423093,101,482,482,-0.417503,-0.405413
List5Session2,5,2,2,339,50,2,COOLER,3,sathproom,1,637,nw,nw,rel,1,-0.00985,202,637,637,0.189148,0.256629
List5Session2,5,2,2,340,50,1,ASH,3,curtains,1,627,first,un,nw,1,0.393115,103,627,627,0.467958,0.515974
List5Session2,5,2,2,341,50,1,EXCEDRIN,2,medicine,1,489,other,rel,un,1,-0.377667,101,489,489,-0.367834,-0.352996
List5Session2,5,2,2,342,50,2,HOBO,3,giar,1,676,nw,nw,rel,1,0.275444,202,676,676,0.606218,0.716325
List5Session2,5,2,2,343,50,2,DOWNTOWN,4,maper,1,633,nw,nw,nw,1,-0.039111,202,633,633,0.146372,0.20948
List5Session2,5,2,2,344,50,2,BASEBALL,2,franpe,1,527,nw,nw,nw,1,-0.814527,202,527,527,-0.987202,-1.039951
List5Session2,5,2,2,345,50,2,SKIP,3,lother,1,601,nw,nw,nw,1,-0.273199,202,601,601,-0.195839,-0.167706
List5Session2,5,2,2,346,50,1,LOWER,1,higher,1,463,first,rel,nw,1,-0.6147,103,463,463,-0.623662,-0.61843
List5Session2,5,2,2,347,50,1,ASCEND,1,descend,1,509,first,rel,rel,1,-0.332021,103,509,509,-0.317476,-0.300243
List5Session2,5,2,2,348,50,2,ACCEPT,4,stopach,1,680,nw,nw,rel,1,0.304705,202,680,680,0.648994,0.763474
List5Session2,5,2,2,349,50,2,RANGE,4,nanrow,1,555,nw,nw,nw,1,-0.6097,202,555,555,-0.687767,-0.709913
List5Session2,5,2,2,350,50,1,TUMBLE,2,down,1,501,other,rel,nw,1,-0.299795,101,501,501,-0.282687,-0.26314
List5Session2,5,2,2,351,50,2,MISSILE,4,plig,1,543,nw,nw,rel,1,-0.697483,202,543,543,-0.816096,-0.851358
List5Session2,5,2,2,352,50,2,BETRAY,2,poinion,1,616,nw,nw,nw,1,-0.16347,202,616,616,-0.035428,0.0091
List5Session2,5,2,2,353,50,1,FLICK,4,picture,1,447,other,un,nw,1,-0.65022,101,447,447,-0.665847,-0.667494
List5Session2,5,2,2,354,50,1,DESIRE,1,want,1,477,first,rel,un,1,-0.528667,103,477,477,-0.530475,-0.52159
List5Session2,5,2,2,355,50,1,HOPELESS,3,alright,1,648,first,un,rel,1,0.522164,103,648,648,0.607739,0.661233
List5Session2,5,2,2,356,50,1,STITCH,2,wound,1,494,other,rel,un,1,-0.34522,101,494,494,-0.332356,-0.315556
List5Session2,5,2,2,357,50,1,MELLOW,3,soup,1,506,first,un,rel,1,-0.350456,103,506,506,-0.337444,-0.320994
List5Session2,5,2,2,358,50,1,LEOPARD,4,yes,1,436,other,un,un,1,-0.721602,101,436,436,-0.743898,-0.749862
List5Session2,5,2,2,359,50,2,HALT,3,neelde,1,562,nw,nw,un,1,-0.558493,202,562,562,-0.612909,-0.627403
List5Session2,5,2,2,360,50,1,SOFA,4,chicken,1,444,other,un,nw,1,-0.669688,101,444,444,-0.687134,-0.689958
List5Session2,5,2,2,361,50,1,REPLY,4,log,1,425,other,un,un,1,-0.792985,101,425,425,-0.821949,-0.83223
List5Session2,5,2,2,362,50,1,PROTECTION,1,condom,1,471,first,rel,un,1,-0.565539,103,471,471,-0.570412,-0.563093
List5Session2,5,2,2,363,50,1,KNOCK,1,door,1,403,first,rel,rel,1,-0.983413,103,403,403,-1.023035,-1.033455
List5Session2,5,2,2,364,50,1,RELEASE,2,grab,1,402,other,rel,rel,1,-0.94224,101,402,402,-0.985147,-1.004455
List5Session2,5,2,2,365,50,1,PUMP,2,tire,1,368,other,rel,rel,1,-1.162878,101,368,368,-1.226396,-1.259048
List5Session2,5,2,2,366,50,2,COMPOSE,2,ponely,1,592,nw,nw,rel,1,-0.339036,202,592,592,-0.292086,-0.27379
List5Session2,5,2,2,367,50,1,REMAIN,3,basic,1,440,first,un,nw,1,-0.75604,103,440,440,-0.776755,-0.777523
List5Session2,5,2,2,368,50,2,SEMESTER,4,chep,1,597,nw,nw,un,1,-0.30246,202,597,597,-0.238615,-0.214855
List5Session2,5,2,2,369,50,1,QUARTER,3,asia,1,605,first,un,nw,1,0.25792,103,605,605,0.321521,0.363798
List5Session2,5,2,2,370,50,1,FIGURE,3,ugly,1,516,first,un,un,1,-0.289004,103,516,516,-0.270882,-0.251823
List5Session2,5,2,2,371,50,2,INJECTION,3,cowal,1,558,nw,nw,un,1,-0.587754,202,558,558,-0.655685,-0.674551
List5Session2,5,2,2,372,50,1,CREDIT,3,decision,1,486,first,un,nw,1,-0.473361,103,486,486,-0.470569,-0.459336
List5Session2,5,2,2,373,50,1,OZONE,3,cabbage,1,467,first,un,un,1,-0.59012,103,467,467,-0.597037,-0.590761
List5Session2,5,2,2,374,50,1,HOST,1,hostess,1,511,first,rel,un,1,-0.31973,103,511,511,-0.304163,-0.286409
List5Session2,5,2,2,375,50,1,PARTICIPATE,1,join,1,393,first,rel,rel,1,-1.044866,103,393,393,-1.089597,-1.102626
List5Session2,5,2,2,376,50,1,REAR,4,out,1,393,other,un,rel,1,-1.000644,101,393,393,-1.049007,-1.071847
List5Session2,5,2,2,377,50,2,SEAM,4,yot,1,570,nw,nw,un,1,-0.499971,202,570,570,-0.527356,-0.533106
List5Session2,5,2,2,378,50,1,NIECE,1,nephew,1,354,first,rel,nw,1,-1.284529,103,354,354,-1.349189,-1.372393
List5Session2,5,2,2,379,50,2,EXAM,2,synkathepic,1,514,nw,nw,rel,1,-0.909625,202,514,514,-1.126225,-1.193183
List5Session2,5,2,2,380,50,1,SAVIOR,4,hammer,1,382,other,un,nw,1,-1.072027,101,382,382,-1.127059,-1.154216
List5Session2,5,2,2,381,50,1,SUPERSTITION,1,belief,1,430,first,rel,un,1,-0.817493,103,430,430,-0.843317,-0.846694
List5Session2,5,2,2,382,50,2,ROW,4,bip,1,507,nw,nw,rel,1,-0.960832,202,507,507,-1.201084,-1.275693
List5Session2,5,2,2,383,50,1,AWESOME,2,cool,1,405,other,rel,nw,1,-0.922772,101,405,405,-0.963861,-0.981991
List5Session2,5,2,2,384,50,2,WINGS,3,pasketlall,1,565,nw,nw,rel,1,-0.536548,202,565,565,-0.580826,-0.592042
List5Session2,5,2,2,385,50,1,SNOW,2,ski,1,397,other,rel,nw,1,-0.974687,101,397,397,-1.020625,-1.041895
List5Session2,5,2,2,386,50,1,FEMALE,1,male,1,429,first,rel,rel,1,-0.823638,103,429,429,-0.849973,-0.853611
List5Session2,5,2,2,387,50,1,MEDICAL,1,doctor,1,764,first,rel,rel,1,1.235009,103,764,764,1.37986,1.463617
List5Session2,5,2,2,388,50,2,WICKER,3,poda,1,749,nw,nw,rel,1,0.809457,202,749,749,1.386887,1.576783
List5Session2,5,2,2,389,50,2,SUB,3,naste,1,766,nw,nw,nw,1,0.933816,202,766,766,1.568686,1.777164
List5Session2,5,2,2,390,50,1,FIGHTER,1,boxer,1,879,first,rel,nw,1,1.941709,103,879,879,2.145325,2.259083
List5Session2,5,2,2,391,50,1,SHIELD,3,crafts,1,459,first,un,rel,1,-0.639281,103,459,459,-0.650286,-0.646098
List5Session2,5,2,2,392,50,1,CELERY,3,stay,1,504,first,un,un,1,-0.362747,103,504,504,-0.350757,-0.334829
List5Session2,5,2,2,393,50,2,INSECT,2,kint,1,675,nw,nw,un,1,0.268129,202,675,675,0.595524,0.704538
List5Session2,5,2,2,394,50,2,ENRAGE,4,nass,1,695,nw,nw,nw,1,0.414434,202,695,695,0.809406,0.94028
List5Session2,5,2,2,395,50,1,RECOGNITION,2,pride,1,458,other,rel,nw,1,-0.578837,101,458,458,-0.587796,-0.585125
List5Session2,5,2,2,396,50,1,SNEAKERS,2,smell,1,838,other,rel,rel,1,1.887115,101,838,838,2.108516,2.260327
List5Session2,5,2,2,397,50,2,MAYBE,1,apuse,1,628,nw,nw,rel,1,-0.075687,202,628,628,0.092901,0.150545
List5Session2,5,2,2,398,50,1,STY,4,knight,1,907,other,un,nw,1,2.33488,101,907,907,2.59811,2.777001
List5Session2,5,2,2,399,50,2,DART,4,hude,1,725,nw,nw,un,1,0.633891,202,725,725,1.130228,1.293893
List5Session2,5,2,2,400,50,2,SHORE,4,ashieve,1,600,nw,nw,nw,1,-0.280514,202,600,600,-0.206533,-0.179494
List5Session2,5,2,2,401,50,2,SLURP,3,pensuade,1,585,nw,nw,nw,1,-0.390243,202,585,585,-0.366944,-0.3563
List5Session2,5,2,2,402,50,2,MOTHER,1,moof,1,576,nw,nw,nw,1,-0.45608,202,576,576,-0.463191,-0.462384
List5Session2,5,2,2,403,50,2,EXTRA,1,wocks,1,744,nw,nw,nw,1,0.772881,202,744,744,1.333416,1.517848
List5Session2,5,2,2,404,50,1,SLANDER,1,lie,1,442,first,rel,nw,1,-0.74375,103,442,442,-0.763442,-0.763689
List5Session2,5,2,2,405,50,1,CONFESS,2,guilty,1,551,other,rel,rel,1,0.024672,101,551,551,0.072091,0.111262
List5Session2,5,2,2,406,50,2,FUNNY,2,olp,1,544,nw,nw,rel,1,-0.690168,202,544,544,-0.805402,-0.839571
List5Session2,5,2,2,407,50,1,REFUSE,1,no,1,505,first,rel,nw,1,-0.356601,103,505,505,-0.3441,-0.327912
List5Session2,5,2,2,408,50,2,AUTHOR,2,poose,1,516,nw,nw,rel,1,-0.894994,202,516,516,-1.104837,-1.169609
List5Session2,5,2,2,409,50,1,MONOTONOUS,3,straw,1,430,first,un,nw,1,-0.817493,103,430,430,-0.843317,-0.846694
List5Session2,5,2,2,410,50,2,DIP,1,klanbet,1,589,nw,nw,un,1,-0.360982,202,589,589,-0.324168,-0.309152
List5Session2,5,2,2,411,50,1,STONED,2,drunk,1,468,other,rel,nw,1,-0.513943,101,468,468,-0.51684,-0.510245
List5Session2,5,2,2,412,50,2,TWO,1,goote,1,544,nw,nw,rel,1,-0.690168,202,544,544,-0.805402,-0.839571
List5Session2,5,2,2,413,50,2,RECYCLE,1,moute,1,618,nw,nw,nw,1,-0.14884,202,618,618,-0.014039,0.032674
List5Session2,5,2,2,414,50,1,MORTGAGE,4,toy,1,400,other,un,nw,1,-0.955219,101,400,400,-0.999338,-1.019431
List5Session2,5,2,2,415,50,1,PERFORM,1,act,1,431,first,rel,un,1,-0.811347,103,431,431,-0.836661,-0.839777
List5Session2,5,2,2,416,1050,1,REMORSE,2,sorrow,1,479,other,rel,rel,1,-0.370639,104,479,479,-0.370639,-0.32396
List5Session2,5,2,2,417,1050,2,BREEZEWAY,3,rine,1,659,nw,nw,rel,1,0.07705,197,659,659,0.23456,0.292703
List5Session2,5,2,2,418,1050,2,SAINT,3,lork,1,576,nw,nw,nw,1,-0.411832,197,576,576,-0.401145,-0.38932
List5Session2,5,2,2,419,1050,2,STALK,2,grol,1,512,nw,nw,nw,1,-0.788801,197,512,512,-0.891327,-0.915217
List5Session2,5,2,2,420,1050,2,ACQUIRE,1,epectric,1,865,nw,nw,nw,1,1.29042,197,865,865,1.812333,1.985436
List5Session2,5,2,2,421,1050,2,ASTRONAUT,1,feak,1,598,nw,nw,nw,1,-0.282249,197,598,598,-0.232645,-0.208543
List5Session2,5,2,2,422,1050,1,MINUS,1,plus,1,486,first,rel,nw,1,-0.36405,101,486,486,-0.337652,-0.321034
List5Session2,5,2,2,423,1050,2,UNCLEAR,4,extlosion,1,714,nw,nw,rel,1,0.401008,197,714,714,0.65581,0.744646
List5Session2,5,2,2,424,1050,2,CHAIN,1,lonk,1,644,nw,nw,nw,1,-0.011302,197,644,644,0.119673,0.169446
List5Session2,5,2,2,425,1050,1,FRAUD,4,under,1,482,other,un,nw,1,-0.35296,104,482,482,-0.35296,-0.304185
List5Session2,5,2,2,426,1050,1,TAPE,2,record,1,455,other,rel,un,1,-0.512073,104,455,455,-0.512073,-0.482154
List5Session2,5,2,2,427,1050,2,LIZARD,1,shoom,1,572,nw,nw,rel,1,-0.435392,197,572,572,-0.431781,-0.422188
List5Session2,5,2,2,428,1050,1,WIN,3,fast,1,395,first,un,nw,1,-0.906348,101,395,395,-0.96967,-0.989329
List5Session2,5,2,2,429,1050,1,BOSS,2,employer,1,499,other,rel,un,1,-0.252778,104,499,499,-0.252778,-0.192131
List5Session2,5,2,2,430,1050,2,VICTIM,4,mutlipy,0,934,nw,nw,rel,0,#NULL!,#NULL!,#NULL!,#NULL!,#NULL!,#NULL!
List5Session2,5,2,2,431,1050,2,OBVIOUS,2,beptile,0,615,nw,nw,nw,0,#NULL!,#NULL!,#NULL!,#NULL!,#NULL!,#NULL!
List5Session2,5,2,2,432,1050,2,CONSTITUTION,3,grame,1,1366,nw,nw,nw,1,4.241382,197,#NULL!,#NULL!,#NULL!,#NULL!
List5Session2,5,2,2,433,1050,2,RUMOR,4,clat,1,615,nw,nw,nw,1,-0.182116,197,615,615,-0.10244,-0.068851
List5Session2,5,2,2,434,1050,1,NATURE,2,outdoors,1,550,other,rel,nw,1,0.047768,104,550,550,0.047768,0.144033
List5Session2,5,2,2,435,1050,1,LIKE,1,love,1,662,first,rel,rel,1,0.684791,101,662,662,0.884714,0.971494
List5Session2,5,2,2,436,1050,1,FACTS,1,fiction,1,659,first,rel,rel,1,0.666913,101,659,659,0.863878,0.949462
List5Session2,5,2,2,437,1050,2,FLUID,4,coof,1,656,nw,nw,rel,1,0.05938,197,656,656,0.211582,0.268052
List5Session2,5,2,2,438,1050,1,FLOWERS,1,roses,1,540,first,rel,nw,1,-0.042246,101,540,540,0.037392,0.075537
List5Session2,5,2,2,439,1050,1,MAPLE,4,wonder,1,478,other,un,rel,1,-0.376532,104,478,478,-0.376532,-0.330551
List5Session2,5,2,2,440,1050,2,GOOD,4,fobever,1,594,nw,nw,un,1,-0.305809,197,594,594,-0.263281,-0.241411
List5Session2,5,2,2,441,1050,1,BANK,2,vault,1,883,other,rel,nw,1,2.010156,104,883,883,2.010156,2.338983
List5Session2,5,2,2,442,1050,1,SURPRISE,2,shock,1,822,other,rel,rel,1,1.650679,104,822,822,1.650679,1.936905
List5Session2,5,2,2,443,1050,2,COWBOY,2,leton,1,507,nw,nw,rel,1,-0.818252,197,507,507,-0.929622,-0.956303
List5Session2,5,2,2,444,1050,2,HOPE,3,tibe,1,623,nw,nw,nw,1,-0.134995,197,623,623,-0.041168,-0.003114
List5Session2,5,2,2,445,1050,1,ASTEROID,4,aware,1,461,other,un,nw,1,-0.476714,104,461,461,-0.476714,-0.442606
List5Session2,5,2,2,446,1050,2,LAMB,1,memple,1,577,nw,nw,un,1,-0.405942,197,577,577,-0.393486,-0.381103
List5Session2,5,2,2,447,1050,2,RAKE,1,wep,1,530,nw,nw,nw,1,-0.682778,197,530,530,-0.753463,-0.767308
List5Session2,5,2,2,448,1050,1,DELIVER,2,package,1,725,other,rel,nw,1,1.079053,104,725,725,1.079053,1.297535
List5Session2,5,2,2,449,1050,2,JOBLESS,1,danlerous,1,719,nw,nw,rel,1,0.430459,197,719,719,0.694105,0.785732
List5Session2,5,2,2,450,1050,2,THIMBLE,4,litchmike,1,617,nw,nw,nw,1,-0.170336,197,617,617,-0.087122,-0.052417
List5Session2,5,2,2,451,1050,1,CREAM,4,line,1,1047,other,un,nw,1,2.976617,104,#NULL!,1047,#NULL!,2.976617
List5Session2,5,2,2,452,1050,1,CHORUS,4,toothpaste,1,549,other,un,un,1,0.041875,104,549,549,0.041875,0.137441
List5Session2,5,2,2,453,1050,2,COMPUTE,3,dotch,1,726,nw,nw,un,1,0.47169,197,726,726,0.747719,0.843252
List5Session2,5,2,2,454,1050,1,CREW,4,start,1,368,other,un,nw,1,-1.024769,104,368,368,-1.024769,-1.05561
List5Session2,5,2,2,455,1050,2,CLOTH,1,talad,1,648,nw,nw,un,1,0.012259,197,648,648,0.15031,0.202315
List5Session2,5,2,2,456,1050,1,COBBLER,1,peach,1,438,first,rel,nw,1,-0.650097,101,438,438,-0.671024,-0.673541
List5Session2,5,2,2,457,1050,1,STAIR,2,way,1,428,other,rel,rel,1,-0.671185,104,428,428,-0.671185,-0.660123
List5Session2,5,2,2,458,1050,1,HAT,3,illegal,1,529,first,un,rel,1,-0.107799,101,529,529,-0.039006,-0.005246
List5Session2,5,2,2,459,1050,1,BAND,2,play,1,355,other,rel,un,1,-1.101378,104,355,355,-1.101378,-1.141298
List5Session2,5,2,2,460,1050,2,SAUSAGE,4,expenilent,1,604,nw,nw,rel,1,-0.246908,197,604,604,-0.18669,-0.15924
List5Session2,5,2,2,461,1050,1,IMITATE,1,copy,1,459,first,rel,nw,1,-0.524951,101,459,459,-0.525174,-0.519319
List5Session2,5,2,2,462,1050,1,EXISTENCE,4,flakes,1,464,other,un,rel,1,-0.459035,104,464,464,-0.459035,-0.422831
List5Session2,5,2,2,463,1050,1,ABLE,1,willing,1,484,first,rel,un,1,-0.375968,101,484,484,-0.351542,-0.335722
List5Session2,5,2,2,464,1050,1,LOCATION,2,home,1,424,other,rel,rel,1,-0.694757,104,424,424,-0.694757,-0.686489
List5Session2,5,2,2,465,1050,2,ALLIGATOR,4,prinbe,1,831,nw,nw,rel,1,1.090155,197,831,831,1.551924,1.706053
List5Session2,5,2,2,466,1050,2,SCHOOL,1,zome,1,806,nw,nw,nw,1,0.942901,197,806,806,1.360446,1.500624
List5Session2,5,2,2,467,1050,1,EYEBROWS,1,eyes,1,716,first,rel,nw,1,1.006594,101,716,716,1.259758,1.368065
List5Session2,5,2,2,468,1050,1,WRITE,1,print,1,438,first,rel,rel,1,-0.650097,101,438,438,-0.671024,-0.673541
List5Session2,5,2,2,469,1050,1,ACCUSE,2,court,1,396,other,rel,rel,1,-0.859763,104,396,396,-0.859763,-0.871049
List5Session2,5,2,2,470,1050,2,ITCH,3,forne,1,484,nw,nw,rel,1,-0.953725,197,484,484,-1.105782,-1.145297
List5Session2,5,2,2,471,1050,1,BANQUET,2,eat,1,359,other,rel,nw,1,-1.077806,104,359,359,-1.077806,-1.114933
List5Session2,5,2,2,472,1050,1,BLOCK,1,brick,1,383,first,rel,rel,1,-0.97786,101,383,383,-1.053013,-1.077456
List5Session2,5,2,2,473,1050,1,CUSTOMER,2,service,1,407,other,rel,rel,1,-0.794939,104,407,407,-0.794939,-0.798543
List5Session2,5,2,2,474,1050,2,DRAGON,4,inmian,1,574,nw,nw,rel,1,-0.423612,197,574,574,-0.416463,-0.405754
List5Session2,5,2,2,475,1050,2,METRIC,3,dolf,1,590,nw,nw,nw,1,-0.32937,197,590,590,-0.293918,-0.27428
List5Session2,5,2,2,476,1050,2,LEADER,3,stit,1,957,nw,nw,nw,1,1.832313,197,957,957,2.516969,2.741413
List5Session2,5,2,2,477,1050,2,QUILT,3,rit,1,1198,nw,nw,nw,1,3.251838,197,#NULL!,#NULL!,#NULL!,#NULL!
List5Session2,5,2,2,478,1050,1,TEACH,1,learn,1,598,first,rel,nw,1,0.303394,101,598,598,0.440217,0.501484
List5Session2,5,2,2,479,1050,2,UNJUST,3,drais,1,565,nw,nw,rel,1,-0.476623,197,565,565,-0.485395,-0.479708
List5Session2,5,2,2,480,1050,2,PITCHFORK,1,argism,1,630,nw,nw,nw,1,-0.093764,197,630,630,0.012446,0.054406
List5Session2,5,2,2,481,1050,2,PRESENTATION,1,decurity,1,581,nw,nw,nw,1,-0.382381,197,581,581,-0.36285,-0.348234
List5Session2,5,2,2,482,1050,2,CLOUD,3,maln,1,531,nw,nw,nw,1,-0.676888,197,531,531,-0.745804,-0.759091
List5Session2,5,2,2,483,1050,2,THINKING,1,manerial,1,646,nw,nw,nw,1,0.000478,197,646,646,0.134992,0.18588
List5Session2,5,2,2,484,1050,1,SAPPHIRE,3,aunt,1,435,first,un,nw,1,-0.667975,101,435,435,-0.69186,-0.695573
List5Session2,5,2,2,485,1050,2,SAUCER,3,exglain,1,569,nw,nw,un,1,-0.453063,197,569,569,-0.454759,-0.44684
List5Session2,5,2,2,486,1050,1,PHONE,3,when,0,506,first,un,nw,0,#NULL!,#NULL!,#NULL!,#NULL!,#NULL!,#NULL!
List5Session2,5,2,2,487,1050,1,SCARED,1,frightened,1,669,first,rel,un,1,0.726506,101,669,669,0.933331,1.022902
List5Session2,5,2,2,488,1050,1,TENDENCY,1,habit,1,490,first,rel,rel,1,-0.340212,101,490,490,-0.309871,-0.291658
List5Session2,5,2,2,489,1050,2,ANNOY,4,serond,1,557,nw,nw,rel,1,-0.523744,197,557,557,-0.546668,-0.545446
List5Session2,5,2,2,490,1050,2,OVERPOWER,2,antiety,0,397,nw,nw,nw,0,#NULL!,#NULL!,#NULL!,#NULL!,#NULL!,#NULL!
List5Session2,5,2,2,491,1050,2,ENDING,1,zot,1,533,nw,nw,nw,1,-0.665108,197,533,533,-0.730486,-0.742657
List5Session2,5,2,2,492,1050,1,BATH,4,flag,1,854,other,un,nw,1,1.839257,104,854,854,1.839257,2.147831
List5Session2,5,2,2,493,1050,1,BOULEVARD,1,street,1,668,first,rel,un,1,0.720547,101,668,668,0.926385,1.015558
List5Session2,5,2,2,494,1050,2,PASTE,1,chy,1,568,nw,nw,rel,1,-0.458953,197,568,568,-0.462418,-0.455057
List5Session2,5,2,2,495,1050,2,ATTEND,3,ardue,1,1463,nw,nw,nw,1,4.812726,197,#NULL!,#NULL!,#NULL!,#NULL!
List5Session2,5,2,2,496,1050,1,NORMAL,3,bum,1,725,first,un,nw,1,1.060228,101,725,725,1.322265,1.43416
List5Session2,5,2,2,497,1050,2,PIT,4,blonpe,1,590,nw,nw,un,1,-0.32937,197,590,590,-0.293918,-0.27428
List5Session2,5,2,2,498,1050,1,SLAVE,2,owner,1,493,other,rel,nw,1,-0.288137,104,493,493,-0.288137,-0.231679
List5Session2,5,2,2,499,1050,2,CONTAINER,1,tamprum,1,785,nw,nw,rel,1,0.819208,197,785,785,1.199605,1.328064
List5Session2,5,2,2,500,1050,2,SOCIETY,3,cinstractio,1,680,nw,nw,nw,1,0.200743,197,680,680,0.395401,0.465263
List5Session2,5,2,2,501,1050,2,LONDON,3,blay,1,717,nw,nw,nw,1,0.418679,197,717,717,0.678787,0.769298
List5Session2,5,2,2,502,1050,1,TRY,3,truth,1,727,first,un,nw,1,1.072147,101,727,727,1.336156,1.448848
List5Session2,5,2,2,503,1050,1,ROOSTER,4,dollars,1,481,other,un,un,1,-0.358853,104,481,481,-0.358853,-0.310777
List5Session2,5,2,2,504,1050,2,WEIRD,1,agert,1,550,nw,nw,un,1,-0.564975,197,550,550,-0.600281,-0.602966
List5Session2,5,2,2,505,1050,2,SALIVA,1,mert,1,551,nw,nw,nw,1,-0.559085,197,551,551,-0.592622,-0.594748
List5Session2,5,2,2,506,1050,2,HEAT,4,dypnotize,1,456,nw,nw,nw,1,-1.118649,197,456,456,-1.320236,-1.375377
List5Session2,5,2,2,507,1050,2,RULER,2,nou,1,493,nw,nw,nw,1,-0.900714,197,493,493,-1.03685,-1.071343
List5Session2,5,2,2,508,1050,1,THREAT,3,africa,1,544,first,un,nw,1,-0.018409,101,544,544,0.065173,0.104913
List5Session2,5,2,2,509,1050,2,CREASE,3,thap,1,512,nw,nw,un,1,-0.788801,197,512,512,-0.891327,-0.915217
List5Session2,5,2,2,510,1050,1,CAMEL,4,coffee,1,468,other,un,nw,1,-0.435463,104,468,468,-0.435463,-0.396465
List5Session2,5,2,2,511,1050,1,SHIVER,4,immature,1,584,other,un,un,1,0.248132,104,584,584,0.248132,0.368142
List5Session2,5,2,2,512,1050,1,ART,1,paint,1,423,first,rel,un,1,-0.739487,101,423,423,-0.775203,-0.7837
List5Session2,5,2,2,513,1050,1,OBSCURE,4,assistant,1,526,other,un,rel,1,-0.093666,104,526,526,-0.093666,-0.014162
List5Session2,5,2,2,514,1050,2,VISITOR,4,quock,1,528,nw,nw,un,1,-0.694559,197,528,528,-0.768781,-0.783743
List5Session2,5,2,2,515,1050,2,FIN,4,poog,1,531,nw,nw,nw,1,-0.676888,197,531,531,-0.745804,-0.759091
List5Session2,5,2,2,516,1050,1,ORDERLY,2,fashion,1,437,other,rel,nw,1,-0.618148,104,437,437,-0.618148,-0.6008
List5Session2,5,2,2,517,1050,1,GOING,1,gone,1,410,first,rel,rel,1,-0.816958,101,410,410,-0.865492,-0.879171
List5Session2,5,2,2,518,1050,1,SCAR,2,fight,1,434,other,rel,rel,1,-0.635827,104,434,434,-0.635827,-0.620575
List5Session2,5,2,2,519,1050,1,ADOLESCENT,2,juvenile,1,983,other,rel,rel,1,2.599462,104,#NULL!,983,#NULL!,2.599462
List5Session2,5,2,2,520,1050,1,LEGAL,3,graph,1,568,first,un,rel,1,0.124615,101,568,568,0.231859,0.281167
List5Session2,5,2,2,521,1050,1,ONCE,2,never,1,472,other,rel,un,1,-0.411891,104,472,472,-0.411891,-0.3701
List5Session2,5,2,2,522,1050,2,METEOR,4,fet,1,603,nw,nw,rel,1,-0.252798,197,603,603,-0.194349,-0.167457
List5Session2,5,2,2,523,1050,2,INMATE,4,prack,1,715,nw,nw,nw,1,0.406898,197,715,715,0.663469,0.752864
List5Session2,5,2,2,524,1050,1,HAIRSPRAY,3,cliff,1,565,first,un,nw,1,0.106737,101,565,565,0.211024,0.259135
List5Session2,5,2,2,525,1050,2,HUG,4,palculate,1,533,nw,nw,un,1,-0.665108,197,533,533,-0.730486,-0.742657
List5Session2,5,2,2,526,1050,2,HEDGE,2,shos,1,631,nw,nw,nw,1,-0.087874,197,631,631,0.020105,0.062623
List5Session2,5,2,2,527,1050,2,SPANISH,3,tebevision,1,613,nw,nw,nw,1,-0.193896,197,613,613,-0.117759,-0.085285
List5Session2,5,2,2,528,1050,1,INVALID,4,few,1,436,other,un,nw,1,-0.624041,104,436,436,-0.624041,-0.607392
List5Session2,5,2,2,529,1050,2,FARMER,2,teef,1,810,nw,nw,un,1,0.966462,197,810,810,1.391083,1.533492
List5Session2,5,2,2,530,1050,1,TUXEDO,3,growth,1,418,first,un,nw,1,-0.769283,101,418,418,-0.809929,-0.82042
List5Session2,5,2,2,531,1050,1,CHALK,2,crayon,1,984,other,rel,un,1,2.605355,104,#NULL!,984,#NULL!,2.605355
List5Session2,5,2,2,532,1050,2,OCEAN,1,enparge,1,519,nw,nw,rel,1,-0.74757,197,519,519,-0.837713,-0.857697
List5Session2,5,2,2,533,1050,2,PASTRY,3,lantuane,1,601,nw,nw,nw,1,-0.264578,197,601,601,-0.209668,-0.183891
List5Session2,5,2,2,534,1050,1,REPEAT,1,again,1,408,first,rel,nw,1,-0.828877,101,408,408,-0.879382,-0.893859
List5Session2,5,2,2,535,1050,1,PORT,4,grandma,1,575,other,un,rel,1,0.195094,104,575,575,0.195094,0.308819
List5Session2,5,2,2,536,1050,2,ENJOY,4,shabe,1,511,nw,nw,un,1,-0.794691,197,511,511,-0.898986,-0.923434
List5Session2,5,2,2,537,1050,2,DISGUSTING,1,grothers,1,530,nw,nw,nw,1,-0.682778,197,530,530,-0.753463,-0.767308
List5Session2,5,2,2,538,1050,1,SPONGE,4,monthly,1,915,other,un,nw,1,2.198734,104,915,915,2.198734,2.549909
List5Session2,5,2,2,539,1050,2,PLUTO,4,beminning,1,534,nw,nw,un,1,-0.659218,197,534,534,-0.722827,-0.73444
List5Session2,5,2,2,540,1050,1,BIOLOGY,2,frog,1,695,other,rel,nw,1,0.902261,104,695,695,0.902261,1.099792
List5Session2,5,2,2,541,1050,2,AWKWARD,4,chept,1,531,nw,nw,rel,1,-0.676888,197,531,531,-0.745804,-0.759091
List5Session2,5,2,2,542,1050,1,BLEND,3,ashtray,1,533,first,un,nw,1,-0.083962,101,533,533,-0.011225,0.02413
List5Session2,5,2,2,543,1050,1,DEPTH,4,grass,1,454,other,un,un,1,-0.517966,104,454,454,-0.517966,-0.488746
List5Session2,5,2,2,544,1050,2,FEATURE,2,shile,1,524,nw,nw,un,1,-0.718119,197,524,524,-0.799418,-0.816611
List5Session2,5,2,2,545,1050,2,NEEDY,2,braig,1,542,nw,nw,nw,1,-0.612097,197,542,542,-0.661554,-0.668703
List5Session2,5,2,2,546,1050,2,TUMOR,3,caumious,1,559,nw,nw,nw,1,-0.511964,197,559,559,-0.53135,-0.529011
List5Session2,5,2,2,547,1050,1,TEAR,1,rip,1,464,first,rel,nw,1,-0.495155,101,464,464,-0.490448,-0.4826
List5Session2,5,2,2,548,1050,1,APE,4,all,1,372,other,un,rel,1,-1.001196,104,372,372,-1.001196,-1.029244
List5Session2,5,2,2,549,1050,1,WORD,4,hours,1,428,other,un,un,1,-0.671185,104,428,428,-0.671185,-0.660123
List5Session2,5,2,2,550,1050,1,STEER,1,drive,1,386,first,rel,un,1,-0.959982,101,386,386,-1.032178,-1.055425
List5Session2,5,2,2,551,1050,2,SNACK,4,kew,1,666,nw,nw,rel,1,0.118281,197,666,666,0.288173,0.350223
List5Session2,5,2,2,552,1050,1,ARMY,3,allow,1,358,first,un,nw,1,-1.126843,101,358,358,-1.226645,-1.261054
List5Session2,5,2,2,553,1050,2,ERUPT,4,surmery,1,495,nw,nw,un,1,-0.888933,197,495,495,-1.021532,-1.054909
List5Session2,5,2,2,554,1050,1,WEAK,4,extinct,1,755,other,un,nw,1,1.255845,104,755,755,1.255845,1.495279
List5Session2,5,2,2,555,1050,1,DECREASE,1,increase,1,427,first,rel,un,1,-0.71565,101,427,427,-0.747422,-0.754324
List5Session2,5,2,2,556,1050,2,WHISKEY,1,prave,1,721,nw,nw,rel,1,0.442239,197,721,721,0.709424,0.802166
List5Session2,5,2,2,557,1050,2,WAIST,3,enlirondent,1,619,nw,nw,nw,1,-0.158556,197,619,619,-0.071804,-0.035982
List5Session2,5,2,2,558,1050,2,HARMFUL,1,pon't,1,825,nw,nw,nw,1,1.054814,197,825,825,1.505969,1.65675
List5Session2,5,2,2,559,1050,1,HANDCUFFS,2,criminal,1,448,other,rel,nw,1,-0.553324,104,448,448,-0.553324,-0.528294
List5Session2,5,2,2,560,1050,1,TRAIL,3,minor,1,550,first,un,rel,1,0.017347,101,550,550,0.106845,0.148976
List5Session2,5,2,2,561,1050,2,CONFIDENCE,1,plue,1,599,nw,nw,un,1,-0.276358,197,599,599,-0.224986,-0.200325
List5Session2,5,2,2,562,1050,1,QUANTITY,3,messy,1,870,first,un,nw,1,1.92433,101,870,870,2.329328,2.499027
List5Session2,5,2,2,563,1050,1,COB,2,web,1,443,other,rel,un,1,-0.582789,104,443,443,-0.582789,-0.561252
List5Session2,5,2,2,564,1050,1,PASSIVE,2,active,1,383,other,rel,rel,1,-0.936373,104,383,383,-0.936373,-0.956738
List5Session2,5,2,2,565,1050,1,YUMMY,2,tasty,1,487,other,rel,rel,1,-0.323495,104,487,487,-0.323495,-0.271228
List5Session2,5,2,2,566,1050,1,SHORTCAKE,3,wagon,1,442,first,un,rel,1,-0.62626,101,442,442,-0.643243,-0.644166
List5Session2,5,2,2,567,1050,1,SPANK,2,cry,1,400,other,rel,un,1,-0.836191,104,400,400,-0.836191,-0.844684
List5Session2,5,2,2,568,1050,2,GLIDE,3,farket,1,631,nw,nw,rel,1,-0.087874,197,631,631,0.020105,0.062623
List5Session2,5,2,2,569,1050,2,LIQUID,4,mirtue,1,517,nw,nw,nw,1,-0.75935,197,517,517,-0.853032,-0.874131
List5Session2,5,2,2,570,1050,2,SPOOL,2,waper,1,599,nw,nw,nw,1,-0.276358,197,599,599,-0.224986,-0.200325
List5Session2,5,2,2,571,1050,2,STATION,1,detendable,1,710,nw,nw,nw,1,0.377448,197,710,710,0.625173,0.711778
List5Session2,5,2,2,572,1050,2,SOUR,2,chilpren,1,673,nw,nw,nw,1,0.159512,197,673,673,0.341787,0.407743
List5Session2,5,2,2,573,1050,1,CORRIDOR,3,evidence,1,541,first,un,nw,1,-0.036287,101,541,541,0.044337,0.082881
List5Session2,5,2,2,574,1050,2,STEAM,2,prain,1,1022,nw,nw,un,1,2.215173,197,1022,1022,3.014811,3.275528
List5Session2,5,2,2,575,1050,2,BLUES,4,larpet,1,492,nw,nw,nw,1,-0.906604,197,492,492,-1.044509,-1.07956
List5Session2,5,2,2,576,1050,1,GLANDS,4,iron,1,432,other,un,nw,1,-0.647613,104,432,432,-0.647613,-0.633757
List5Session2,5,2,2,577,1050,2,BLENDER,2,fut,1,533,nw,nw,un,1,-0.665108,197,533,533,-0.730486,-0.742657
List5Session2,5,2,2,578,1050,2,CHARGE,2,proon,1,519,nw,nw,nw,1,-0.74757,197,519,519,-0.837713,-0.857697
List5Session2,5,2,2,579,1050,2,ADORABLE,3,poeb,1,488,nw,nw,nw,1,-0.930164,197,488,488,-1.075145,-1.112429
List5Session2,5,2,2,580,1050,2,DETERMINE,3,timp,1,701,nw,nw,nw,1,0.324436,197,701,701,0.556242,0.637824
List5Session2,5,2,2,581,1050,2,PALE,4,eighn,1,440,nw,nw,nw,1,-1.212891,197,440,440,-1.442782,-1.506852
List5Session2,5,2,2,582,1050,1,PURPOSE,1,reason,1,461,first,rel,nw,1,-0.513033,101,461,461,-0.511283,-0.504631
List5Session2,5,2,2,583,1050,1,SHOE,2,lace,1,786,other,rel,rel,1,1.438529,104,786,786,1.438529,1.699613
List5Session2,5,2,2,584,1050,2,GOD,2,skiln,1,889,nw,nw,rel,1,1.431783,197,889,889,1.996151,2.182647
List5Session2,5,2,2,585,1050,2,ABNORMAL,4,wime,1,685,nw,nw,nw,1,0.230194,197,685,685,0.433696,0.506349
List5Session2,5,2,2,586,1050,1,FLIP,1,flop,1,824,first,rel,nw,1,1.650201,101,824,824,2.009846,2.161207
List5Session2,5,2,2,587,1050,2,CURSE,4,slanet,1,557,nw,nw,rel,1,-0.523744,197,557,557,-0.546668,-0.545446
List5Session2,5,2,2,588,1050,1,DUCKS,1,quack,1,830,first,rel,nw,1,1.685957,101,830,830,2.051517,2.205271
List5Session2,5,2,2,589,1050,2,PERSONAL,4,gless,1,644,nw,nw,rel,1,-0.011302,197,644,644,0.119673,0.169446
List5Session2,5,2,2,590,1050,2,CYCLONE,3,lound,1,754,nw,nw,nw,1,0.636614,197,754,754,0.962174,1.073332
List5Session2,5,2,2,591,1050,1,BOLOGNA,4,tea,1,378,other,un,nw,1,-0.965838,104,378,378,-0.965838,-0.989695
List5Session2,5,2,2,592,1050,2,FOLLY,3,toskital,1,515,nw,nw,un,1,-0.77113,197,515,515,-0.86835,-0.890566
List5Session2,5,2,2,593,1050,1,TWISTER,4,concrete,1,614,other,un,nw,1,0.424923,104,614,614,0.424923,0.565885
List5Session2,5,2,2,594,1050,1,SLOB,3,film,1,517,first,un,un,1,-0.179311,101,517,517,-0.122349,-0.093373
List5Session2,5,2,2,595,1050,2,RAISIN,1,excume,1,710,nw,nw,un,1,0.377448,197,710,710,0.625173,0.711778
List5Session2,5,2,2,596,1050,2,ME,1,sweap,0,833,nw,nw,nw,0,#NULL!,#NULL!,#NULL!,#NULL!,#NULL!,#NULL!
List5Session2,5,2,2,597,1050,1,VIOLENCE,3,grasp,1,534,first,un,nw,1,-0.078002,101,534,534,-0.004279,0.031474
List5Session2,5,2,2,598,1050,2,MESSAGE,3,vich,1,584,nw,nw,un,1,-0.364711,197,584,584,-0.339872,-0.323583
List5Session2,5,2,2,599,1050,2,EXTRAVAGANT,3,cleator,1,632,nw,nw,nw,1,-0.081984,197,632,632,0.027764,0.07084
List5Session2,5,2,2,600,1050,1,INTERIOR,4,spot,1,437,other,un,nw,1,-0.618148,104,437,437,-0.618148,-0.6008
List5Session2,5,2,2,601,1050,1,PARCHED,1,thirsty,1,443,first,rel,un,1,-0.6203,101,443,443,-0.636298,-0.636822
List5Session2,5,2,2,602,1050,1,IVORY,2,piano,1,465,other,rel,rel,1,-0.453142,104,465,465,-0.453142,-0.41624
List5Session2,5,2,2,603,1050,2,SPECIAL,1,pridate,1,534,nw,nw,rel,1,-0.659218,197,534,534,-0.722827,-0.73444
List5Session2,5,2,2,604,1050,1,LIT,4,object,1,424,other,un,nw,1,-0.694757,104,424,424,-0.694757,-0.686489
List5Session2,5,2,2,605,1050,2,BASHFUL,1,leames,1,575,nw,nw,un,1,-0.417722,197,575,575,-0.408804,-0.397537
List5Session2,5,2,2,606,1050,2,FREEZE,2,nacation,1,623,nw,nw,nw,1,-0.134995,197,623,623,-0.041168,-0.003114
List5Session2,5,2,2,607,1050,1,ATTORNEY,3,walk,1,412,first,un,nw,1,-0.805039,101,412,412,-0.851601,-0.864483
List5Session2,5,2,2,608,1050,2,STOOL,2,nid,1,915,nw,nw,un,1,1.584927,197,915,915,2.195288,2.396293
List5Session2,5,2,2,609,1050,1,PORCH,4,trophy,1,534,other,un,nw,1,-0.046521,104,534,534,-0.046521,0.03857
List5Session2,5,2,2,610,1050,2,WASTED,2,ferl,1,568,nw,nw,un,1,-0.458953,197,568,568,-0.462418,-0.455057
List5Session2,5,2,2,611,1050,1,TRIBE,3,refrigerato,1,536,first,un,nw,1,-0.066084,101,536,536,0.009611,0.046162
List5Session2,5,2,2,612,1050,2,SWISS,1,spoce,1,506,nw,nw,un,1,-0.824142,197,506,506,-0.937282,-0.96452
List5Session2,5,2,2,613,1050,2,OVERCOME,1,prot,1,509,nw,nw,nw,1,-0.806471,197,509,509,-0.914304,-0.939869
List5Session2,5,2,2,614,1050,2,TESTIFY,4,shome,1,511,nw,nw,nw,1,-0.794691,197,511,511,-0.898986,-0.923434
List5Session2,5,2,2,615,1050,1,MOOSE,2,deer,1,401,other,rel,nw,1,-0.830298,104,401,401,-0.830298,-0.838092
List5Session2,5,2,2,616,1050,1,CAVITY,4,insane,1,505,other,un,rel,1,-0.21742,104,505,505,-0.21742,-0.152582
List5Session2,5,2,2,617,1050,1,REMARK,1,comment,1,507,first,rel,un,1,-0.238904,101,507,507,-0.191801,-0.166812
List5Session2,5,2,2,618,1050,2,FRIENDSHIP,4,pront,1,542,nw,nw,rel,1,-0.612097,197,542,542,-0.661554,-0.668703
List5Session2,5,2,2,619,1050,2,UPSTAIRS,2,baw,1,912,nw,nw,nw,1,1.567257,197,912,912,2.17231,2.371641
List5Session2,5,2,2,620,1050,2,BASKET,3,yad,1,531,nw,nw,nw,1,-0.676888,197,531,531,-0.745804,-0.759091
List5Session2,5,2,2,621,1050,2,THROUGH,2,upple,1,1173,nw,nw,nw,1,3.104584,197,#NULL!,#NULL!,#NULL!,#NULL!
List5Session2,5,2,2,622,1050,1,TECHNIQUE,1,style,1,509,first,rel,nw,1,-0.226985,101,509,509,-0.177911,-0.152124
List5Session2,5,2,2,623,1050,2,FANGS,2,jea,1,575,nw,nw,rel,1,-0.417722,197,575,575,-0.408804,-0.397537
List5Session2,5,2,2,624,1050,2,REPAIR,1,booke,1,528,nw,nw,nw,1,-0.694559,197,528,528,-0.768781,-0.783743
List5Session2,5,2,2,625,1050,1,VAST,1,large,1,450,first,rel,nw,1,-0.578585,101,450,450,-0.587681,-0.585414
List5Session2,5,2,2,626,1050,1,INSTRUCTIONS,1,directions,1,630,first,rel,rel,1,0.494093,101,630,630,0.662465,0.736489
List5Session2,5,2,2,627,1050,2,PUBERTY,3,ploudy,1,645,nw,nw,rel,1,-0.005412,197,645,645,0.127332,0.177663
List5Session2,5,2,2,628,1050,1,COMPULSION,1,obsession,1,466,first,rel,nw,1,-0.483236,101,466,466,-0.476557,-0.467912
List5Session2,5,2,2,629,1050,2,SIBLING,4,pongress,1,583,nw,nw,rel,1,-0.370601,197,583,583,-0.347531,-0.3318
List5Session2,5,2,2,630,1050,1,SNAIL,2,shell,1,391,other,rel,nw,1,-0.889228,104,391,391,-0.889228,-0.904007
List5Session2,5,2,2,631,1050,2,REAPPEAR,3,dello,1,525,nw,nw,rel,1,-0.712229,197,525,525,-0.791759,-0.808394
List5Session2,5,2,2,632,1050,2,WORSHIP,2,cheene,1,544,nw,nw,nw,1,-0.600316,197,544,544,-0.646236,-0.652268
List5Session2,5,2,2,633,1050,2,FAULT,2,daking,1,561,nw,nw,nw,1,-0.500184,197,561,561,-0.516031,-0.512577
List5Session2,5,2,2,634,1050,2,TELLER,3,loofs,0,739,nw,nw,nw,0,#NULL!,#NULL!,#NULL!,#NULL!,#NULL!,#NULL!
List5Session2,5,2,2,635,1050,1,DROP,3,annoying,0,508,first,un,nw,0,#NULL!,#NULL!,#NULL!,#NULL!,#NULL!,#NULL!
List5Session2,5,2,2,636,1050,2,PURCHASE,2,oxpentive,1,879,nw,nw,un,1,1.372882,197,879,879,1.91956,2.100476
List5Session2,5,2,2,637,1050,2,DIFFER,4,cloties,1,851,nw,nw,nw,1,1.207958,197,851,851,1.705106,1.870395
List5Session2,5,2,2,638,1050,1,BARGAIN,3,yell,1,759,first,un,nw,1,1.262845,101,759,759,1.558404,1.683853
List5Session2,5,2,2,639,1050,2,QUOTIENT,2,plaf,1,544,nw,nw,un,1,-0.600316,197,544,544,-0.646236,-0.652268
List5Session2,5,2,2,640,1050,2,EXPRESSION,4,wook,1,609,nw,nw,nw,1,-0.217457,197,609,609,-0.148395,-0.118154
List5Session2,5,2,2,641,1050,2,STROKE,2,knon,1,465,nw,nw,nw,1,-1.065638,197,465,465,-1.251304,-1.301423
List5Session2,5,2,2,642,1050,1,LEND,1,borrow,1,518,first,rel,nw,1,-0.173351,101,518,518,-0.115404,-0.086029
List5Session2,5,2,2,643,1050,1,MAGAZINE,3,spine,1,904,first,un,rel,1,2.126947,101,904,904,2.565466,2.74872
List5Session2,5,2,2,644,1050,2,FAT,2,arleep,1,571,nw,nw,un,1,-0.441282,197,571,571,-0.43944,-0.430405
List5Session2,5,2,2,645,1050,2,TOTAL,4,examgle,1,587,nw,nw,nw,1,-0.34704,197,587,587,-0.316895,-0.298931
List5Session2,5,2,2,646,1050,2,MANUFACTURER,3,grops,1,793,nw,nw,nw,1,0.86633,197,793,793,1.260878,1.393801
List5Session2,5,2,2,647,1050,1,ARIGHT,3,fold,1,497,first,un,nw,1,-0.298497,101,497,497,-0.261254,-0.240251
List5Session2,5,2,2,648,1050,1,STEEL,1,metal,1,1108,first,rel,un,1,3.342648,101,#NULL!,#NULL!,#NULL!,#NULL!
List5Session2,5,2,2,649,1050,1,CHALKBOARD,4,branch,1,750,other,un,rel,1,1.226379,104,750,750,1.226379,1.462321
List5Session2,5,2,2,650,1050,1,POND,3,dark,1,424,first,un,un,1,-0.733527,101,424,424,-0.768258,-0.776356
List5Session2,5,2,2,651,1050,2,TRANCE,1,steet,0,430,nw,nw,un,0,#NULL!,#NULL!,#NULL!,#NULL!,#NULL!,#NULL!
List5Session2,5,2,2,652,1050,1,SHADE,2,glasses,1,515,other,rel,nw,1,-0.158489,104,515,515,-0.158489,-0.086668
List5Session2,5,2,2,653,1050,2,DIFFICULTY,4,shomping,1,710,nw,nw,rel,1,0.377448,197,710,710,0.625173,0.711778
List5Session2,5,2,2,654,1050,2,EXERCISE,3,pleaner,1,609,nw,nw,nw,1,-0.217457,197,609,609,-0.148395,-0.118154
List5Session2,5,2,2,655,1050,2,ORCHESTRA,4,zight,1,543,nw,nw,nw,1,-0.606206,197,543,543,-0.653895,-0.660486
List5Session2,5,2,2,656,1050,1,CUP,3,horn,1,497,first,un,nw,1,-0.298497,101,497,497,-0.261254,-0.240251
List5Session2,5,2,2,657,1050,2,PROCEDURE,2,golor,1,582,nw,nw,un,1,-0.376491,197,582,582,-0.35519,-0.340017
List5Session2,5,2,2,658,1050,2,RETREAT,3,inlependemt,1,614,nw,nw,nw,1,-0.188006,197,614,614,-0.110099,-0.077068
List5Session2,5,2,2,659,1050,2,DRIVEWAY,4,fack,1,1013,nw,nw,nw,1,2.162161,197,1013,1013,2.945879,3.201573
List5Session2,5,2,2,660,1050,2,SYNAGOGUE,2,hidlen,1,707,nw,nw,nw,1,0.359777,197,707,707,0.602196,0.687126
List5Session2,5,2,2,661,1050,2,MARSH,3,ect,1,926,nw,nw,nw,1,1.649719,197,926,926,2.279538,2.486681
List5Session2,5,2,2,662,1050,2,POLLUTION,2,pamer,1,527,nw,nw,nw,1,-0.700449,197,527,527,-0.776441,-0.79196
List5Session2,5,2,2,663,1050,2,SERIOUS,2,depide,1,577,nw,nw,nw,1,-0.405942,197,577,577,-0.393486,-0.381103
List5Session2,5,2,2,664,1050,1,HOLD,3,sticky,1,498,first,un,nw,1,-0.292538,101,498,498,-0.254309,-0.232907
List5Session2,5,2,2,665,1050,1,MAJORITY,4,bite,1,550,other,un,un,1,0.047768,104,550,550,0.047768,0.144033
List5Session2,5,2,2,666,1050,2,CLOG,1,bramelet,1,551,nw,nw,un,1,-0.559085,197,551,551,-0.592622,-0.594748
List5Session2,5,2,2,667,1050,1,MARCH,3,lawyer,1,1015,first,un,nw,1,2.788431,101,#NULL!,1015,#NULL!,3.33639
List5Session2,5,2,2,668,1050,2,ADVERB,1,chiln,1,630,nw,nw,un,1,-0.093764,197,630,630,0.012446,0.054406
List5Session2,5,2,2,669,1050,2,TACTFUL,2,prue,1,547,nw,nw,nw,1,-0.582646,197,547,547,-0.623259,-0.627617
List5Session2,5,2,2,670,1050,2,ENGINE,4,hupt,1,597,nw,nw,nw,1,-0.288139,197,597,597,-0.240304,-0.21676
List5Session2,5,2,2,671,1050,1,RINSE,2,dish,1,917,other,rel,nw,1,2.21052,104,917,917,2.21052,2.563092
List5Session2,5,2,2,672,1050,1,COMMUNIST,1,russia,1,550,first,rel,rel,1,0.017347,101,550,550,0.106845,0.148976
List5Session2,5,2,2,673,1050,1,UNSOLVED,4,behind,1,488,other,un,rel,1,-0.317602,104,488,488,-0.317602,-0.264637
List5Session2,5,2,2,674,1050,1,LENIENT,2,strict,1,795,other,rel,un,1,1.491567,104,795,795,1.491567,1.758936
List5Session2,5,2,2,675,1050,2,GOODBYE,1,minp,0,1043,nw,nw,rel,0,#NULL!,#NULL!,#NULL!,#NULL!,#NULL!,#NULL!
List5Session2,5,2,2,676,1050,1,PEANUT,1,butter,1,544,first,rel,nw,1,-0.018409,101,544,544,0.065173,0.104913
List5Session2,5,2,2,677,1050,2,DISORDER,4,prackle,1,753,nw,nw,rel,1,0.630724,197,753,753,0.954514,1.065115
List5Session2,5,2,2,678,1050,2,ANKLE,2,detence,1,665,nw,nw,nw,1,0.112391,197,665,665,0.280514,0.342006
List5Session2,5,2,2,679,1050,1,SQUARE,4,bomb,1,854,other,un,nw,1,1.839257,104,854,854,1.839257,2.147831
List5Session2,5,2,2,680,1050,1,OUCH,3,go,1,428,first,un,un,1,-0.70969,101,428,428,-0.740477,-0.74698
List5Session2,5,2,2,681,1050,1,EXIST,4,room,1,546,other,un,un,1,0.024196,104,546,546,0.024196,0.117667
List5Session2,5,2,2,682,1050,2,GROUNDS,3,rull,1,1075,nw,nw,un,1,2.52735,197,#NULL!,1075,#NULL!,3.420742
List5Session2,5,2,2,683,1050,1,DENIAL,3,ladder,1,847,first,un,nw,1,1.787265,101,847,847,2.169587,2.330117
List5Session2,5,2,2,684,1050,1,FLING,4,bedroom,1,420,other,un,un,1,-0.71833,104,420,420,-0.71833,-0.712855
List5Session2,5,2,2,685,1050,2,FORBIDDEN,4,beln,1,523,nw,nw,un,1,-0.724009,197,523,523,-0.807077,-0.824828
List5Session2,5,2,2,686,1050,2,VIOLENT,4,obsmacle,1,621,nw,nw,nw,1,-0.146775,197,621,621,-0.056486,-0.019548
List5Session2,5,2,2,687,1050,1,SHEET,4,dolphin,1,588,other,un,nw,1,0.271704,104,588,588,0.271704,0.394508
List5Session2,5,2,2,688,1050,1,BOXING,3,kind,1,460,first,un,un,1,-0.518992,101,460,460,-0.518229,-0.511975
List5Session2,5,2,2,689,1050,1,DISASTER,3,name,1,512,first,un,un,1,-0.209107,101,512,512,-0.157075,-0.130092
List5Session2,5,2,2,690,1050,2,DESTINY,1,roung,1,595,nw,nw,un,1,-0.299919,197,595,595,-0.255622,-0.233194
List5Session2,5,2,2,691,1050,1,SNEAK,3,sick,1,419,first,un,nw,1,-0.763324,101,419,419,-0.802984,-0.813076
List5Session2,5,2,2,692,1050,1,CHARACTERISTI,1,trait,1,617,first,rel,un,1,0.416621,101,617,617,0.572177,0.641018
List5Session2,5,2,2,693,1050,2,APPEAR,2,steech,1,1047,nw,nw,rel,1,2.362426,197,1047,1047,3.206288,3.480956
List5Session2,5,2,2,694,1050,2,TRIP,1,selk,1,532,nw,nw,nw,1,-0.670998,197,532,532,-0.738145,-0.750874
List5Session2,5,2,2,695,1050,1,MEDIUM,4,soft,1,710,other,un,nw,1,0.990657,104,710,710,0.990657,1.198664
List5Session2,5,2,2,696,1050,1,SPAN,4,forest,1,434,other,un,un,1,-0.635827,104,434,434,-0.635827,-0.620575
List5Session2,5,2,2,697,1050,1,WEALTH,4,artist,1,775,other,un,un,1,1.373706,104,775,775,1.373706,1.627107
List5Session2,5,2,2,698,1050,2,NONE,3,stringe,0,527,nw,nw,un,0,#NULL!,#NULL!,#NULL!,#NULL!,#NULL!,#NULL!
List5Session2,5,2,2,699,1050,2,LEDGE,3,sukar,1,945,nw,nw,nw,1,1.761631,197,945,945,2.42506,2.642807
List5Session2,5,2,2,700,1050,2,THUMB,2,dinide,1,561,nw,nw,nw,1,-0.500184,197,561,561,-0.516031,-0.512577
List5Session2,5,2,2,701,1050,2,DO,1,pighten,1,556,nw,nw,nw,1,-0.529635,197,556,556,-0.554327,-0.553663
List5Session2,5,2,2,702,1050,1,EMERGENCY,3,irritating,1,749,first,un,nw,1,1.203252,101,749,749,1.488951,1.610414
List5Session2,5,2,2,703,1050,1,CEMETERY,4,neck,1,470,other,un,un,1,-0.423677,104,470,470,-0.423677,-0.383283
List5Session2,5,2,2,704,1050,1,TEN,1,eleven,1,441,first,rel,un,1,-0.632219,101,441,441,-0.650188,-0.65151
List5Session2,5,2,2,705,1050,1,SON,2,dad,1,399,other,rel,rel,1,-0.842084,104,399,399,-0.842084,-0.851275
List5Session2,5,2,2,706,1050,2,HANGER,4,actmess,1,1398,nw,nw,rel,1,4.429867,197,#NULL!,#NULL!,#NULL!,#NULL!
List5Session2,5,2,2,707,1050,1,FOOTBALL,2,field,1,822,other,rel,nw,1,1.650679,104,822,822,1.650679,1.936905
List5Session2,5,2,2,708,1050,2,COUNTRY,1,fas,1,572,nw,nw,rel,1,-0.435392,197,572,572,-0.431781,-0.422188
List5Session2,5,2,2,709,1050,1,FUND,4,prison,1,477,other,un,nw,1,-0.382425,104,477,477,-0.382425,-0.337142
List5Session2,5,2,2,710,1050,2,IDEAL,2,nours,1,545,nw,nw,un,1,-0.594426,197,545,545,-0.638577,-0.644051
List5Session2,5,2,2,711,1050,1,AWE,4,violin,1,819,other,un,nw,1,1.633,104,819,819,1.633,1.917131
List5Session2,5,2,2,712,1050,1,LEAD,4,order,1,423,other,un,un,1,-0.700651,104,423,423,-0.700651,-0.69308
List5Session2,5,2,2,713,1050,1,REVENGE,4,crime,1,398,other,un,un,1,-0.847977,104,398,398,-0.847977,-0.857866
List5Session2,5,2,2,714,1050,2,SET,2,unentloymen,1,725,nw,nw,un,1,0.4658,197,725,725,0.74006,0.835035
List5Session2,5,2,2,715,1050,1,PERCENTAGE,2,hundred,1,448,other,rel,nw,1,-0.553324,104,448,448,-0.553324,-0.528294
List5Session2,5,2,2,716,1050,1,HULL,1,boat,1,406,first,rel,rel,1,-0.840795,101,406,406,-0.893273,-0.908546
List5Session2,5,2,2,717,1050,1,YOLK,3,sneeze,1,669,first,un,rel,1,0.726506,101,669,669,0.933331,1.022902
List5Session2,5,2,2,718,1050,2,DILIGENCE,4,sporm,1,585,nw,nw,un,1,-0.35882,197,585,585,-0.332213,-0.315365
List5Session2,5,2,2,719,1050,2,OPEN,1,driter,1,567,nw,nw,nw,1,-0.464843,197,567,567,-0.470077,-0.463274
List5Session2,5,2,2,720,1050,2,PICKET,2,vay,1,567,nw,nw,nw,1,-0.464843,197,567,567,-0.470077,-0.463274
List5Session2,5,2,2,721,1050,1,PERCH,4,for,1,935,other,un,nw,1,2.316595,104,935,935,2.316595,2.681738
List5Session2,5,2,2,722,1050,2,MARS,3,calse,1,537,nw,nw,un,1,-0.641547,197,537,537,-0.69985,-0.709788
List5Session2,5,2,2,723,1050,1,AIRPORT,1,plane,1,460,first,rel,nw,1,-0.518992,101,460,460,-0.518229,-0.511975
List5Session2,5,2,2,724,1050,2,GLANCE,1,hewish,1,544,nw,nw,rel,1,-0.600316,197,544,544,-0.646236,-0.652268
List5Session2,5,2,2,725,1050,2,INTUITION,1,ganber,1,483,nw,nw,nw,1,-0.959615,197,483,483,-1.113441,-1.153514
List5Session2,5,2,2,726,1050,2,SENATE,1,adpective,1,582,nw,nw,nw,1,-0.376491,197,582,582,-0.35519,-0.340017
List5Session2,5,2,2,727,1050,1,SPOTLESS,4,pot,1,389,other,un,nw,1,-0.901014,104,389,389,-0.901014,-0.917189
List5Session2,5,2,2,728,1050,2,SLUM,4,pross,1,605,nw,nw,un,1,-0.241018,197,605,605,-0.179031,-0.151022
List5Session2,5,2,2,729,1050,1,CLUMSY,1,klutz,0,572,first,rel,nw,0,#NULL!,#NULL!,#NULL!,#NULL!,#NULL!,#NULL!
List5Session2,5,2,2,730,1050,1,BAKER,2,cake,1,396,other,rel,rel,1,-0.859763,104,396,396,-0.859763,-0.871049
List5Session2,5,2,2,731,1050,2,CAR,3,heda,1,564,nw,nw,rel,1,-0.482513,197,564,564,-0.493054,-0.487925
List5Session2,5,2,2,732,1050,1,KEEP,2,own,1,453,other,rel,nw,1,-0.523859,104,453,453,-0.523859,-0.495337
List5Session2,5,2,2,733,1050,1,EVIL,2,nice,1,425,other,rel,rel,1,-0.688864,104,425,425,-0.688864,-0.679898
List5Session2,5,2,2,734,1050,1,DISALLOW,3,later,1,447,first,un,rel,1,-0.596463,101,447,447,-0.608517,-0.607446
List5Session2,5,2,2,735,1050,2,TONIC,1,brinain,1,564,nw,nw,un,1,-0.482513,197,564,564,-0.493054,-0.487925
List5Session2,5,2,2,736,1050,1,RUB,1,massage,1,469,first,rel,nw,1,-0.465358,101,469,469,-0.455721,-0.44588
List5Session2,5,2,2,737,1050,2,CORE,2,tocket,1,650,nw,nw,rel,1,0.024039,197,650,650,0.165628,0.218749
List5Session2,5,2,2,738,1050,1,SHRIMP,4,cow,1,438,other,un,nw,1,-0.612255,104,438,438,-0.612255,-0.594209
List5Session2,5,2,2,739,1050,2,COMPLICATED,4,cadeful,1,812,nw,nw,un,1,0.978242,197,812,812,1.406401,1.549927
List5Session2,5,2,2,740,1050,2,SPEND,2,tuplerpare,1,580,nw,nw,nw,1,-0.388271,197,580,580,-0.370509,-0.356451
List5Session2,5,2,2,741,1050,2,PIPE,2,una,1,580,nw,nw,nw,1,-0.388271,197,580,580,-0.370509,-0.356451
List5Session2,5,2,2,742,1050,1,ATTACH,2,stick,1,388,other,rel,nw,1,-0.906908,104,388,388,-0.906908,-0.923781
List5Session2,5,2,2,743,1050,1,STALE,1,bread,1,411,first,rel,rel,1,-0.810999,101,411,411,-0.858546,-0.871827
List5Session2,5,2,2,744,1050,1,TAXI,1,cab,1,481,first,rel,rel,1,-0.393846,101,481,481,-0.372378,-0.357753
List5Session2,5,2,2,745,1050,1,TREAD,4,speak,1,613,other,un,rel,1,0.41903,104,613,613,0.41903,0.559294
List5Session2,5,2,2,746,1050,2,ALPHABET,3,hin,1,596,nw,nw,un,1,-0.294029,197,596,596,-0.247963,-0.224977
List5Session2,5,2,2,747,1050,2,TIRED,2,pady,1,548,nw,nw,nw,1,-0.576756,197,548,548,-0.6156,-0.6194
List5Session2,5,2,2,748,1050,1,WINDING,2,closing,1,454,other,rel,nw,1,-0.517966,104,454,454,-0.517966,-0.488746
List5Session2,5,2,2,749,1050,1,ROTTEN,4,listen,1,411,other,un,rel,1,-0.771367,104,411,411,-0.771367,-0.772178
List5Session2,5,2,2,750,1050,2,UNLOAD,3,agove,1,929,nw,nw,un,1,1.667389,197,929,929,2.302515,2.511333
List5Session2,5,2,2,751,1050,1,RESPONSIBILIT,2,duty,1,723,other,rel,nw,1,1.067267,104,723,723,1.067267,1.284352
List5Session2,5,2,2,752,1050,1,COMPANION,2,partner,1,413,other,rel,rel,1,-0.759581,104,413,413,-0.759581,-0.758995
List5Session2,5,2,2,753,1050,2,CEMENT,4,mitle,1,565,nw,nw,rel,1,-0.476623,197,565,565,-0.485395,-0.479708
List5Session2,5,2,2,754,1050,1,SEED,1,plant,1,390,first,rel,nw,1,-0.936144,101,390,390,-1.004397,-1.026049
List5Session2,5,2,2,755,1050,1,INFECTION,3,around,1,477,first,un,rel,1,-0.417683,101,477,477,-0.400159,-0.387129
List5Session2,5,2,2,756,1050,1,TYPIST,1,secretary,1,577,first,rel,un,1,0.178249,101,577,577,0.294367,0.347262
List5Session2,5,2,2,757,1050,1,AMBITION,3,talking,1,385,first,un,rel,1,-0.965941,101,385,385,-1.039123,-1.062768
List5Session2,5,2,2,758,1050,2,STOPPER,2,isportant,1,697,nw,nw,un,1,0.300876,197,697,697,0.525605,0.604955
List5Session2,5,2,2,759,1050,1,OVERWHELM,1,excited,1,451,first,rel,nw,1,-0.572626,101,451,451,-0.580736,-0.578071
List5Session2,5,2,2,760,1050,2,CHIME,3,lemters,1,680,nw,nw,rel,1,0.200743,197,680,680,0.395401,0.465263
List5Session2,5,2,2,761,1050,1,PIOUS,3,secret,1,356,first,un,nw,1,-1.138761,101,356,356,-1.240535,-1.275742
List5Session2,5,2,2,762,1050,2,THRONE,3,clurch,1,653,nw,nw,un,1,0.041709,197,653,653,0.188605,0.243401
List5Session2,5,2,2,763,1050,1,PROTECT,2,secure,1,378,other,rel,nw,1,-0.965838,104,378,378,-0.965838,-0.989695
List5Session2,5,2,2,764,1050,2,WEIGHTS,4,pinished,0,562,nw,nw,rel,0,#NULL!,#NULL!,#NULL!,#NULL!,#NULL!,#NULL!
List5Session2,5,2,2,765,1050,1,NOON,3,place,1,514,first,un,nw,1,-0.197189,101,514,514,-0.143185,-0.115404
List5Session2,5,2,2,766,1050,1,MEANINGFUL,3,feeling,1,421,first,un,un,1,-0.751405,101,421,421,-0.789094,-0.798388
List5Session2,5,2,2,767,1050,1,COMFORTABLE,2,couch,1,475,other,rel,un,1,-0.394212,104,475,475,-0.394212,-0.350325
List5Session2,5,2,2,768,1050,1,BARRIER,2,reef,1,527,other,rel,rel,1,-0.087773,104,527,527,-0.087773,-0.00757
List5Session2,5,2,2,769,1050,1,BOTTOM,2,floor,1,674,other,rel,rel,1,0.778507,104,674,674,0.778507,0.961372
List5Session2,5,2,2,770,1050,1,REINDEER,1,christmas,1,526,first,rel,rel,1,-0.125677,101,526,526,-0.059841,-0.027277
List5Session2,5,2,2,771,1050,1,BIAS,2,race,1,384,other,rel,rel,1,-0.93048,104,384,384,-0.93048,-0.950147
List5Session2,5,2,2,772,1050,2,HIM,3,obegen,1,584,nw,nw,rel,1,-0.364711,197,584,584,-0.339872,-0.323583
List5Session2,5,2,2,773,1050,2,PHASE,3,peuron,1,521,nw,nw,nw,1,-0.73579,197,521,521,-0.822395,-0.841263
List5Session2,5,2,2,774,1050,1,WHAT,2,where,1,410,other,rel,nw,1,-0.77726,104,410,410,-0.77726,-0.778769
List5Session2,5,2,2,775,1050,1,CAPTURE,4,busy,1,720,other,un,rel,1,1.049588,104,720,720,1.049588,1.264578
List5Session2,5,2,2,776,1050,2,CRUNCH,2,sheem,1,715,nw,nw,un,1,0.406898,197,715,715,0.663469,0.752864
List5Session2,5,2,2,777,1050,2,LIFE,2,emply,1,886,nw,nw,nw,1,1.414113,197,886,886,1.973174,2.157996
List5Session2,5,2,2,778,1050,2,JUSTIFY,2,stape,1,938,nw,nw,nw,1,1.7204,197,938,938,2.371447,2.585287
List5Session2,5,2,2,779,1050,1,PITCHER,4,girls,1,620,other,un,nw,1,0.460282,104,620,620,0.460282,0.605434
List5Session2,5,2,2,780,1050,1,CRITERION,4,compact,1,489,other,un,un,1,-0.311709,104,489,489,-0.311709,-0.258045
List5Session2,5,2,2,781,1050,1,BUG,2,spider,1,541,other,rel,un,1,-0.00527,104,541,541,-0.00527,0.08471
List5Session2,5,2,2,782,1050,1,ATTEMPT,4,float,1,510,other,un,rel,1,-0.187955,104,510,510,-0.187955,-0.119625
List5Session2,5,2,2,783,1050,2,WITHOUT,2,kods,1,578,nw,nw,un,1,-0.400051,197,578,578,-0.385827,-0.372885
List5Session2,5,2,2,784,1050,2,HAYSTACK,4,ingoors,1,674,nw,nw,nw,1,0.165402,197,674,674,0.349446,0.415961
List5Session2,5,2,2,785,1050,1,FINGER,3,follower,1,926,first,un,nw,1,2.258052,101,926,926,2.718262,2.910286
List5Session2,5,2,2,786,1050,1,LOAN,4,wimp,1,736,other,un,un,1,1.143876,104,736,736,1.143876,1.370041
List5Session2,5,2,2,787,1050,1,UNHAPPY,4,knee,1,474,other,un,un,1,-0.400105,104,474,474,-0.400105,-0.356917
List5Session2,5,2,2,788,1050,1,GOLD,2,value,1,415,other,rel,un,1,-0.747795,104,415,415,-0.747795,-0.745812
List5Session2,5,2,2,789,1050,2,SEARCH,2,meard,1,598,nw,nw,rel,1,-0.282249,197,598,598,-0.232645,-0.208543
List5Session2,5,2,2,790,1050,1,ANNOUNCE,2,marriage,1,421,other,rel,nw,1,-0.712437,104,421,421,-0.712437,-0.706263
List5Session2,5,2,2,791,1050,2,BLAME,3,geal,1,539,nw,nw,rel,1,-0.629767,197,539,539,-0.684531,-0.693354
List5Session2,5,2,2,792,1050,2,PLAQUE,4,buture,1,540,nw,nw,nw,1,-0.623877,197,540,540,-0.676872,-0.685137
List5Session2,5,2,2,793,1050,1,HANDLE,3,her,1,414,first,un,nw,1,-0.793121,101,414,414,-0.83771,-0.849795
List5Session2,5,2,2,794,1050,2,HERE,3,weighm,1,516,nw,nw,un,1,-0.76524,197,516,516,-0.860691,-0.882349
List5Session2,5,2,2,795,1050,1,LAVA,1,volcano,1,439,first,rel,nw,1,-0.644138,101,439,439,-0.664079,-0.666197
List5Session2,5,2,2,796,1050,2,OVER,4,nobe,1,637,nw,nw,rel,1,-0.052533,197,637,637,0.06606,0.111926
List5Session2,5,2,2,797,1050,2,INERTIA,1,leat,1,650,nw,nw,nw,1,0.024039,197,650,650,0.165628,0.218749
List5Session2,5,2,2,798,1050,2,CLEAR,2,elemator,1,662,nw,nw,nw,1,0.094721,197,662,662,0.257537,0.317355
List5Session2,5,2,2,799,1050,1,JUMP,1,rope,1,755,first,rel,nw,1,1.239008,101,755,755,1.530623,1.654478
List5Session2,5,2,2,800,1050,2,SPONTANEOUS,1,amerage,1,524,nw,nw,rel,1,-0.718119,197,524,524,-0.799418,-0.816611
List5Session2,5,2,2,801,1050,2,WIDE,3,garnate,1,511,nw,nw,nw,1,-0.794691,197,511,511,-0.898986,-0.923434
List5Session2,5,2,2,802,1050,2,COMET,2,broncoli,1,818,nw,nw,nw,1,1.013583,197,818,818,1.452356,1.59923
List5Session2,5,2,2,803,1050,2,RABBI,1,clome,1,488,nw,nw,nw,1,-0.930164,197,488,488,-1.075145,-1.112429
List5Session2,5,2,2,804,1050,1,MONSTER,3,cancer,1,699,first,un,nw,1,0.905286,101,699,699,1.141688,1.243219
List5Session2,5,2,2,805,1050,2,NITROGEN,2,mindle,1,581,nw,nw,un,1,-0.382381,197,581,581,-0.36285,-0.348234
List5Session2,5,2,2,806,1050,1,PARKING,1,lot,1,405,first,rel,nw,1,-0.846755,101,405,405,-0.900218,-0.91589
List5Session2,5,2,2,807,1050,1,DEW,1,morning,1,477,first,rel,rel,1,-0.417683,101,477,477,-0.400159,-0.387129
List5Session2,5,2,2,808,1050,1,SELF,3,class,1,416,first,un,rel,1,-0.781202,101,416,416,-0.82382,-0.835107
List5Session2,5,2,2,809,1050,1,POCKET,3,there,1,327,first,un,un,1,-1.311582,101,327,327,-1.441948,-1.488715
List5Session2,5,2,2,810,1050,2,TALENT,2,sludent,1,625,nw,nw,un,1,-0.123215,197,625,625,-0.025849,0.01332
List5Session2,5,2,2,811,1050,2,RESEARCH,4,theb,1,527,nw,nw,nw,1,-0.700449,197,527,527,-0.776441,-0.79196
List5Session2,5,2,2,812,1050,2,DYNAMITE,1,teab,1,593,nw,nw,nw,1,-0.311699,197,593,593,-0.27094,-0.249628
List5Session2,5,2,2,813,1050,1,FALL,3,shovel,1,672,first,un,nw,1,0.744384,101,672,672,0.954166,1.044933
List5Session2,5,2,2,814,1050,2,SIX,3,goots,1,509,nw,nw,un,1,-0.806471,197,509,509,-0.914304,-0.939869
List5Session2,5,2,2,815,1050,1,LOBE,1,ear,1,384,first,rel,nw,1,-0.9719,101,384,384,-1.046068,-1.070112
List5Session2,5,2,2,816,1050,2,ENGLAND,1,clipter,1,520,nw,nw,rel,1,-0.74168,197,520,520,-0.830054,-0.84948
List5Session2,5,2,2,817,1050,1,POUND,2,dollar,1,442,other,rel,nw,1,-0.588682,104,442,442,-0.588682,-0.567843
List5Session2,5,2,2,818,1050,2,GEESE,2,fim,1,575,nw,nw,rel,1,-0.417722,197,575,575,-0.408804,-0.397537
List5Session2,5,2,2,819,1050,2,SONNET,1,couge,1,527,nw,nw,nw,1,-0.700449,197,527,527,-0.776441,-0.79196
List5Session2,5,2,2,820,1050,1,COKE,3,thanks,1,369,first,un,nw,1,-1.06129,101,369,369,-1.150247,-1.180271
List5Session2,5,2,2,821,1050,1,CRISP,1,crunchy,1,473,first,rel,un,1,-0.441521,101,473,473,-0.42794,-0.416505
List5Session2,5,2,2,822,1050,1,REGION,1,area,1,461,first,rel,rel,1,-0.513033,101,461,461,-0.511283,-0.504631
List5Session2,5,2,2,823,1050,2,PAIN,4,steag,1,866,nw,nw,rel,1,1.29631,197,866,866,1.819992,1.993653
List5Session2,5,2,2,824,1050,1,TOGETHER,3,scratch,1,662,first,un,nw,1,0.684791,101,662,662,0.884714,0.971494
List5Session2,5,2,2,825,1050,2,FALSE,1,bap,0,388,nw,nw,un,0,#NULL!,#NULL!,#NULL!,#NULL!,#NULL!,#NULL!
List5Session2,5,2,2,826,1050,2,CONTEST,3,whime,1,1131,nw,nw,nw,1,2.857198,197,#NULL!,1131,#NULL!,3.849652
List5Session2,5,2,2,827,1050,1,PREMISES,3,moon,1,597,first,un,nw,1,0.297435,101,597,597,0.433272,0.49414
List5Session2,5,2,2,828,1050,1,NORM,3,mirror,1,805,first,un,un,1,1.536974,101,805,805,1.877886,2.021673
List5Session2,5,2,2,829,1050,2,GULLY,1,spraight,1,746,nw,nw,un,1,0.589493,197,746,746,0.900901,1.007595
List5Session2,5,2,2,830,1050,1,DEVELOP,3,doughnut,1,1221,first,un,nw,1,4.016051,101,#NULL!,#NULL!,#NULL!,#NULL!
